clip_id,v3_row,context,scenario_dir,intent,action,split_design,person_id,filepath,view,width,height,fps,n_frames,duration_s,sha256,recorded_at
S01_F01_c001,1,classroom,S01_F01,F01,A01,train,P02,classroom/S01_F01/S01_F01_c001.mp4,realsense_480p,640,480,15.0,99,6.6,01b97fc82bb111990fce443f877c555ffc092468ca8544b7001597a3ff19c5eb,
S01_F01_c002,1,classroom,S01_F01,F01,A01,train,P02,classroom/S01_F01/S01_F01_c002.mp4,realsense_480p,640,480,15.0,85,5.667,cd487efd8aa9148973b0535b001f592fb875775be8fd217d6cf88abedca9aa8c,
S01_F01_c003,1,classroom,S01_F01,F01,A01,train,P01,classroom/S01_F01/S01_F01_c003.mp4,realsense_480p,640,480,15.0,73,4.867,2b48c936abe7aa5a1093089a79e758dc046b58a1c9e1b861e99a78c407d8bf5d,
S01_F01_c004,1,classroom,S01_F01,F01,A01,train,P01,classroom/S01_F01/S01_F01_c004.mp4,realsense_480p,640,480,15.0,82,5.467,f335f3f4dddaaac9eca4bdf792952c6d7d824d904e6cca2cb7a20a14903e7a4b,
S01_F01_c005,1,classroom,S01_F01,F01,A01,train,P01,classroom/S01_F01/S01_F01_c005.mp4,realsense_480p,640,480,15.0,78,5.2,f76bc70f6339aa1bd77c10f3e08398b5c08538b8a609a3be27e38756cb6cd822,
S01_F01_c006,1,classroom,S01_F01,F01,A01,train,P01,classroom/S01_F01/S01_F01_c006.mp4,realsense_480p,640,480,15.0,77,5.133,3fc14f6e43cdc43d088bb6afb0cc86c6345a1d4c2233506173d4ad4ff8e58b72,
S01_F01_c007,1,classroom,S01_F01,F01,A01,train,P04,classroom/S01_F01/S01_F01_c007.mp4,realsense_480p,640,480,15.0,91,6.067,80bfa596bc3e3888d0ad16a2ca0a3bba0f6efdecf8e199be1b27383bfaad9f21,
S01_F01_c008,1,classroom,S01_F01,F01,A01,train,P02,classroom/S01_F01/S01_F01_c008.mp4,realsense_480p,640,480,15.0,67,4.467,741795fed6722317c423090793a0d13799eebfdf1a0c5731858db6cd8cb8463c,
S01_F01_c009,1,classroom,S01_F01,F01,A01,train,P02,classroom/S01_F01/S01_F01_c009.mp4,realsense_480p,640,480,15.0,64,4.267,c5f617680580b8553a9469f6caafa4e9b663f61a56c901863bc5d0e923115d8a,
S01_F01_c010,1,classroom,S01_F01,F01,A01,train,P02,classroom/S01_F01/S01_F01_c010.mp4,realsense_480p,640,480,15.0,67,4.467,94e477263b6b7d88df2f507756ec860409733350e9154aff014f1e458706dd06,
S01_F01_c011,1,classroom,S01_F01,F01,A01,train,P02,classroom/S01_F01/S01_F01_c011.mp4,realsense_480p,640,480,15.0,62,4.133,aaceb440fdd0f5126e83e0f2dbaa5a3baf1ed1595786133f0ccff9bb8623ca02,
S01_F01_c013,1,classroom,S01_F01,F01,A01,train,P01,classroom/S01_F01/S01_F01_c013.mp4,realsense_480p,640,480,15.0,76,5.067,f0d04799807cacccf782e6dd0b576e046373817626d15d3fa402b3a80a476c05,
S01_F01_c014,1,classroom,S01_F01,F01,A01,train,P01,classroom/S01_F01/S01_F01_c014.mp4,realsense_480p,640,480,15.0,89,5.933,9de9bde1f0afa9919f60fd45d3ed81d2fdc603c759c137395d1e91d6f51bcb36,
S01_F01_c015,1,classroom,S01_F01,F01,A01,train,P01,classroom/S01_F01/S01_F01_c015.mp4,realsense_480p,640,480,15.0,85,5.667,accc1af60e49379062afaa6f7bfe9b12ad437ddc28c9a1c54aaaf156dc9daf02,
S01_F01_c016,1,classroom,S01_F01,F01,A01,train,P01,classroom/S01_F01/S01_F01_c016.mp4,realsense_480p,640,480,15.0,84,5.6,978a6f9816883252849d6f8cf18cbc00e110269143d391be7c0cda044373e0e9,
S01_F01_c017,1,classroom,S01_F01,F01,A01,train,P02,classroom/S01_F01/S01_F01_c017.mp4,realsense_480p,640,480,15.0,91,6.067,a76f328ba02dd86d1add01f251bbb7def26f3c58be20bee3629196167994ee31,
S01_F01_c018,1,classroom,S01_F01,F01,A01,train,P02,classroom/S01_F01/S01_F01_c018.mp4,realsense_480p,640,480,15.0,89,5.933,1fe35ed633bbe2678b6f58299e9b54b3a4756ebb9b57f20b9a42af4040a2f3ff,
S01_F01_c019,1,classroom,S01_F01,F01,A01,train,P02,classroom/S01_F01/S01_F01_c019.mp4,realsense_480p,640,480,15.0,83,5.533,35fcf5adeb5fad774d6ae21d8b957e4bf5ded77dd286dbad1bc78d21561079db,
S01_F01_c020,1,classroom,S01_F01,F01,A01,train,P02,classroom/S01_F01/S01_F01_c020.mp4,realsense_480p,640,480,15.0,84,5.6,0104a1145b68c01de64fc90731b5d15e9a0e773f84e47b6831a30277db224314,
S01_F01_c021,1,classroom,S01_F01,F01,A01,train,P04,classroom/S01_F01/S01_F01_c021.mp4,realsense_480p,640,480,15.0,84,5.6,1e2e41baf0b2e965efda710147e08a2e67dd4459a6538805a4012700f088aeab,
S01_F01_c022,1,classroom,S01_F01,F01,A01,train,P01,classroom/S01_F01/S01_F01_c022.mp4,realsense_480p,640,480,15.0,71,4.733,40764c2d72affb6db7b4c6481e5371821f0a666ee1eef0227769cc04041f1280,
S01_F01_c023,1,classroom,S01_F01,F01,A01,train,P01,classroom/S01_F01/S01_F01_c023.mp4,realsense_480p,640,480,15.0,97,6.467,68a93ae8762a2c8af562e1d82a494b7c51339f8c1e6281568bc2e765410705a4,
S01_F01_c024,1,classroom,S01_F01,F01,A01,train,P01,classroom/S01_F01/S01_F01_c024.mp4,realsense_480p,640,480,15.0,76,5.067,f57ea6bf42e37a99bbee1cc5c2be692050afeee2f1afd48652fb47d8724c6b4d,
S01_F01_c025,1,classroom,S01_F01,F01,A01,train,P01,classroom/S01_F01/S01_F01_c025.mp4,realsense_480p,640,480,15.0,70,4.667,13ad09023989b54a70f77b95f72b03747a9a7a78faf21ecf6caf8bf6ca20bc27,
S01_F01_c026,1,classroom,S01_F01,F01,A01,train,P01,classroom/S01_F01/S01_F01_c026.mp4,realsense_480p,640,480,15.0,69,4.6,a6a87e7e310c2e4645eb16d36366459af595e9ecabab2289697e613c591aa36f,
S01_F01_c027,1,classroom,S01_F01,F01,A01,train,P02,classroom/S01_F01/S01_F01_c027.mp4,realsense_480p,640,480,15.0,80,5.333,9a0e4742368df6cf4762e8026ca52b5754afed7f43f7a71341a0f02caf9e8c5f,
S01_F01_c028,1,classroom,S01_F01,F01,A01,train,P02,classroom/S01_F01/S01_F01_c028.mp4,realsense_480p,640,480,15.0,78,5.2,ca69edc1900f42e37003fdae322b81247672569d0759b2f0e2540aa4f57cf02a,
S01_F01_c029,1,classroom,S01_F01,F01,A01,train,P01,classroom/S01_F01/S01_F01_c029.mp4,realsense_480p,640,480,15.0,82,5.467,0520c3684e5eedcd105da9f62b04e5e39782116811418711fbbcf346563f9dd2,
S01_F01_c030,1,classroom,S01_F01,F01,A01,train,P01,classroom/S01_F01/S01_F01_c030.mp4,realsense_480p,640,480,15.0,101,6.733,0a9206044dfb0609fad2a8cd1e5e0d55954a73a38ea2c2ada6476c3497d6603d,
S01_F01_c031,1,classroom,S01_F01,F01,A01,train,P02,classroom/S01_F01/S01_F01_c031.mp4,realsense_480p,640,480,15.0,69,4.6,315104fec40b27303b3d765edea826ffecde03c20155d89b59f0f5ecb3ef3d7f,
S01_F01_c032,1,classroom,S01_F01,F01,A01,train,P02,classroom/S01_F01/S01_F01_c032.mp4,realsense_480p,640,480,15.0,82,5.467,5ddef04165c840e1dd5dd06580548b2e2fdeb8425cdc02e61b578136ec589cc6,
S01_F01_c033,1,classroom,S01_F01,F01,A01,train,P02,classroom/S01_F01/S01_F01_c033.mp4,realsense_480p,640,480,15.0,72,4.8,32d9baa2829c3cd28ec25879e984bd528da857ece316add69ced15d77d9255b0,
S01_F01_c035,1,classroom,S01_F01,F01,A01,train,P02,classroom/S01_F01/S01_F01_c035.mp4,realsense_480p,640,480,15.0,76,5.067,e19aa6550eb6222f27e90972b3498b8335e9e94831bc70b4d7277c23baaf3aa8,
S01_F01_c036,1,classroom,S01_F01,F01,A01,train,P01,classroom/S01_F01/S01_F01_c036.mp4,realsense_480p,640,480,15.0,79,5.267,7afb8aa4c96364a587abca142dcf0fab0941887dd0bb7a85f2506849738cbe2d,
S01_F01_c037,1,classroom,S01_F01,F01,A01,train,P01,classroom/S01_F01/S01_F01_c037.mp4,realsense_480p,640,480,15.0,77,5.133,4506abae2ffdc50ce774907aaf2886c071b730ae9e4b6255dc5e106f00cf383f,
S01_F01_c038,1,classroom,S01_F01,F01,A01,train,P01,classroom/S01_F01/S01_F01_c038.mp4,realsense_480p,640,480,15.0,85,5.667,ad0856f4ec44ff592391b18d06e90401ea27e9e82999b98cc3c6e817d98484ad,
S01_F01_c039,1,classroom,S01_F01,F01,A01,train,P02,classroom/S01_F01/S01_F01_c039.mp4,realsense_480p,640,480,15.0,92,6.133,e5c58b9d7324e70cb4e2e33e2d3e2a42be435ac15f17f35021bf13afed23949e,
S01_F01_c040,1,classroom,S01_F01,F01,A01,train,P02,classroom/S01_F01/S01_F01_c040.mp4,realsense_480p,640,480,15.0,85,5.667,28703035fc230dd8cb40d0148f51569bc5e92225a67e884c53f35463b3cf48cc,
S02_F01_c001,2,classroom,S02_F01,F01,A01,train,P06,classroom/S02_F01/S02_F01_c001.mp4,realsense_480p,640,480,15.0,82,5.467,8e9c0c200275caaa4b06bb5e5559a3122a5380f65212f384068ef1d4cfe1a009,
S02_F01_c002,2,classroom,S02_F01,F01,A01,train,P06,classroom/S02_F01/S02_F01_c002.mp4,realsense_480p,640,480,15.0,82,5.467,5a4ba3300b4b4c3f31286c381bd9a71dba170df85444c1f6db101a7ef3e95d6b,
S02_F01_c003,2,classroom,S02_F01,F01,A01,train,P01,classroom/S02_F01/S02_F01_c003.mp4,realsense_480p,640,480,15.0,80,5.333,449b3e42e242fbe74f1e008398bace32b7d38c8ef0ba563e3d06d25fe6798498,
S02_F01_c004,2,classroom,S02_F01,F01,A01,train,P01,classroom/S02_F01/S02_F01_c004.mp4,realsense_480p,640,480,15.0,85,5.667,7d3b190ea7bbca7df244757383a5c7631db8f72f6d930179efa55a519f3c1c9b,
S02_F01_c005,2,classroom,S02_F01,F01,A01,train,P06,classroom/S02_F01/S02_F01_c005.mp4,realsense_480p,640,480,15.0,76,5.067,a72b80faa172784ab73eb723c3032f0c605bb0e71a1f2d6734baa60880b620a4,
S02_F01_c006,2,classroom,S02_F01,F01,A01,train,P06,classroom/S02_F01/S02_F01_c006.mp4,realsense_480p,640,480,15.0,86,5.733,71a45cebfe0a1727e5bf20ade740172b2590043ba5291b590dda4e8f9ca7cd25,
S02_F01_c007,2,classroom,S02_F01,F01,A01,train,P01,classroom/S02_F01/S02_F01_c007.mp4,realsense_480p,640,480,15.0,82,5.467,66eb0b94edf0a4b6b6863583e76299eb5adc0981f008c72f05d3fbded5896e1b,
S02_F01_c008,2,classroom,S02_F01,F01,A01,train,P01,classroom/S02_F01/S02_F01_c008.mp4,realsense_480p,640,480,15.0,84,5.6,990b55a007ab346515a47266f29647e31c80ed61512d8872797065082f06491b,
S02_F01_c009,2,classroom,S02_F01,F01,A01,train,P02,classroom/S02_F01/S02_F01_c009.mp4,realsense_480p,640,480,15.0,86,5.733,44a24933cb7b7de4caef4de218a2d123b8530944ffeee539a3ce13e19027f350,
S02_F01_c010,2,classroom,S02_F01,F01,A01,train,P02,classroom/S02_F01/S02_F01_c010.mp4,realsense_480p,640,480,15.0,85,5.667,2ab86ea07931de636454a66ae920df489f34ced3d0d26b9f5b56331ba8f8e847,
S02_F01_c011,2,classroom,S02_F01,F01,A01,train,P02,classroom/S02_F01/S02_F01_c011.mp4,realsense_480p,640,480,15.0,91,6.067,854dad797992b4f33acf1f3e4dbead33c102b4f9d41c67dbe1b5d658d287933a,
S02_F01_c012,2,classroom,S02_F01,F01,A01,train,P06,classroom/S02_F01/S02_F01_c012.mp4,realsense_480p,640,480,15.0,81,5.4,c6e7ca03576e53295d79fe434a745a9d64507ce828efee4e634ecea8725326a8,
S02_F01_c013,2,classroom,S02_F01,F01,A01,train,P02,classroom/S02_F01/S02_F01_c013.mp4,realsense_480p,640,480,15.0,86,5.733,e593274d82edae848b57a19aada24070cc37e3a9db83b23fa1e4b943f1d4943b,
S02_F01_c014,2,classroom,S02_F01,F01,A01,train,P06,classroom/S02_F01/S02_F01_c014.mp4,realsense_480p,640,480,15.0,107,7.133,4ac0d478c1a75a0ff54cc5688942387d4b16a4f108b5e6c9b9d9daaab10a8611,
S02_F01_c015,2,classroom,S02_F01,F01,A01,train,P06,classroom/S02_F01/S02_F01_c015.mp4,realsense_480p,640,480,15.0,90,6.0,4323b8f8b95473902c8474626c2a706dd61e7a6e3de8795671566dc994fa6f54,
S02_F01_c016,2,classroom,S02_F01,F01,A01,train,P01,classroom/S02_F01/S02_F01_c016.mp4,realsense_480p,640,480,15.0,83,5.533,6ed5bfcf8c05d16f79d90b7a917457d96e614cbb4ff964bcca266555c90ae02f,
S02_F01_c017,2,classroom,S02_F01,F01,A01,train,P01,classroom/S02_F01/S02_F01_c017.mp4,realsense_480p,640,480,15.0,85,5.667,583eb804ed0858198ca7db1cde09e540ce213bcb89c7c8bc6343ff4a6385b2cc,
S02_F01_c018,2,classroom,S02_F01,F01,A01,train,P01,classroom/S02_F01/S02_F01_c018.mp4,realsense_480p,640,480,15.0,78,5.2,31889abbb08ad47d2e510bf6a4e23ea2bc2d368504f43b8c37b970280925330b,
S02_F01_c019,2,classroom,S02_F01,F01,A01,train,P01,classroom/S02_F01/S02_F01_c019.mp4,realsense_480p,640,480,15.0,78,5.2,c76569d0d8d2b2f1f67b706f8c4cf7c093d3ceddfedcc6be8b7c2509b48655b8,
S02_F01_c020,2,classroom,S02_F01,F01,A01,train,P06,classroom/S02_F01/S02_F01_c020.mp4,realsense_480p,640,480,15.0,79,5.267,ccd92f237404bc03ec83a4065211ea8b9a9c8d76014f8f4720d12faf5e023cc3,
S02_F01_c021,2,classroom,S02_F01,F01,A01,train,P06,classroom/S02_F01/S02_F01_c021.mp4,realsense_480p,640,480,15.0,77,5.133,ceb7bf8ae062942e82731a3a3d7ee2bfe445ca5f859e068a23d5d6db48be316e,
S02_F01_c022,2,classroom,S02_F01,F01,A01,train,P02,classroom/S02_F01/S02_F01_c022.mp4,realsense_480p,640,480,15.0,96,6.4,69a4d02516de4d799737682be69d6ddc71b05c44b3fcdd5e25efb6af5fc2bcd4,
S02_F01_c023,2,classroom,S02_F01,F01,A01,train,P01,classroom/S02_F01/S02_F01_c023.mp4,realsense_480p,640,480,15.0,81,5.4,7307f80429134ad4609f3881c183f33a57351ae50e51ccd02a9d3059d0afad9b,
S02_F01_c024,2,classroom,S02_F01,F01,A01,train,P02,classroom/S02_F01/S02_F01_c024.mp4,realsense_480p,640,480,15.0,93,6.2,f9ff2408a72ae37ac3e7c65f0045bb6f3548a1fcd79997abdcc3018f40d97925,
S02_F01_c025,2,classroom,S02_F01,F01,A01,train,P02,classroom/S02_F01/S02_F01_c025.mp4,realsense_480p,640,480,15.0,89,5.933,f0f8a85f204ef6ab88959a93fd0659a151534f11998e7fecec81928fcadfabac,
S02_F01_c026,2,classroom,S02_F01,F01,A01,train,P02,classroom/S02_F01/S02_F01_c026.mp4,realsense_480p,640,480,15.0,90,6.0,6bf25ce4fd6f5835ba93562d4a70842930cd626d9acc147f2c7bcfb234655e6b,
S02_F01_c027,2,classroom,S02_F01,F01,A01,train,P06,classroom/S02_F01/S02_F01_c027.mp4,realsense_480p,640,480,15.0,86,5.733,85b6fd80cbef882797eb24e784127b153c5d5f4c5b757d9fef20170ddcbbb315,
S02_F01_c028,2,classroom,S02_F01,F01,A01,train,P06,classroom/S02_F01/S02_F01_c028.mp4,realsense_480p,640,480,15.0,104,6.933,85434adbf6e50ab94661b82ac1edac44b70c4ac884a6cc0b9d1c9017a8ca6f74,
S02_F01_c029,2,classroom,S02_F01,F01,A01,train,P01,classroom/S02_F01/S02_F01_c029.mp4,realsense_480p,640,480,15.0,79,5.267,03a69311619d3db199fb4478dc7fe8a4638a0942a5b8de39bc525c0a10c98bcc,
S02_F01_c030,2,classroom,S02_F01,F01,A01,train,P01,classroom/S02_F01/S02_F01_c030.mp4,realsense_480p,640,480,15.0,79,5.267,980b8b53f5dea55b7959f5dfee6c9723320693c6f9c1fbbb3fa582ba91c6465e,
S02_F01_c031,2,classroom,S02_F01,F01,A01,train,P01,classroom/S02_F01/S02_F01_c031.mp4,realsense_480p,640,480,15.0,74,4.933,e36fec49264321fb2d07b6be8b2deca9e60ddf686922d24844a7a01a782c31c3,
S02_F01_c032,2,classroom,S02_F01,F01,A01,train,P01,classroom/S02_F01/S02_F01_c032.mp4,realsense_480p,640,480,15.0,84,5.6,bb91702271691d59b3c7dddc7c4e73ab92c8d0fdff285e37a5a47b7e0547df5d,
S02_F01_c033,2,classroom,S02_F01,F01,A01,train,P06,classroom/S02_F01/S02_F01_c033.mp4,realsense_480p,640,480,15.0,76,5.067,50a2f764c459f5cc3c3bbd5e27ab62137417e55c1ca5aa1619fef17d186717dc,
S02_F01_c034,2,classroom,S02_F01,F01,A01,train,P01,classroom/S02_F01/S02_F01_c034.mp4,realsense_480p,640,480,15.0,84,5.6,2b7463ae53b8475aacb27754722174f9cc4543f9a88168e2c7acd6102e86b11a,
S02_F01_c035,2,classroom,S02_F01,F01,A01,train,P06,classroom/S02_F01/S02_F01_c035.mp4,realsense_480p,640,480,15.0,93,6.2,313738d7b803c4583c2be8bd244862c375f82f2ffb581d1813c1f4f974fd23d4,
S02_F01_c036,2,classroom,S02_F01,F01,A01,train,P02,classroom/S02_F01/S02_F01_c036.mp4,realsense_480p,640,480,15.0,73,4.867,c82e51cd659d96e34a2441be4fc8ae830226d83b6babc4ae787274c93dc14105,
S02_F01_c037,2,classroom,S02_F01,F01,A01,train,P02,classroom/S02_F01/S02_F01_c037.mp4,realsense_480p,640,480,15.0,88,5.867,451844ee002687aec52b330471c5b653b814c55356a2d3b25b0547eb8e88d857,
S02_F01_c038,2,classroom,S02_F01,F01,A01,train,P02,classroom/S02_F01/S02_F01_c038.mp4,realsense_480p,640,480,15.0,91,6.067,29ed7c0cb2fcfd6216380fdfa6e72d39f4aa7950e8ef13d38e23b42417d11e27,
S02_F01_c039,2,classroom,S02_F01,F01,A01,train,P02,classroom/S02_F01/S02_F01_c039.mp4,realsense_480p,640,480,15.0,93,6.2,925e434dfd3da09d45c86b19eb11f374ad089166edc355cac5ee159d96f7af45,
S02_F01_c040,2,classroom,S02_F01,F01,A01,train,P06,classroom/S02_F01/S02_F01_c040.mp4,realsense_480p,640,480,15.0,89,5.933,99583e2753b395f97f13804ca0a7876687486893c6a4696faa0cf73c389ec481,
S02_F01_c041,2,classroom,S02_F01,F01,A01,train,P06,classroom/S02_F01/S02_F01_c041.mp4,realsense_480p,640,480,15.0,100,6.667,af4b014876fd0a00640ac3d5f2da24042c9d2888aafaefb1876a896ab2f434a8,
S02_F01_c042,2,classroom,S02_F01,F01,A01,train,P01,classroom/S02_F01/S02_F01_c042.mp4,realsense_480p,640,480,15.0,79,5.267,636d7b5ac41b996bb8d48740bbc43ec750d2841938b43311150ce00b65c4cb9e,
S02_F01_c043,2,classroom,S02_F01,F01,A01,train,P01,classroom/S02_F01/S02_F01_c043.mp4,realsense_480p,640,480,15.0,86,5.733,31a9477068d5ca458de924989b2a7b7455c747851e74a2d2f2a03c7dd6e1e7c5,
S02_F01_c044,2,classroom,S02_F01,F01,A01,train,P01,classroom/S02_F01/S02_F01_c044.mp4,realsense_480p,640,480,15.0,76,5.067,c0b605c6d57c8f4c7850bba8e91078912c5f97600fbcc5849df20ce362024d5b,
S02_F01_c045,2,classroom,S02_F01,F01,A01,train,P02,classroom/S02_F01/S02_F01_c045.mp4,realsense_480p,640,480,15.0,91,6.067,593972977bcf6d2e944ad3177daefb722d640019989d45c7cd5f1a2eb3fe47e8,
S02_F01_c046,2,classroom,S02_F01,F01,A01,train,P01,classroom/S02_F01/S02_F01_c046.mp4,realsense_480p,640,480,15.0,88,5.867,e56fb1f67a3d6a177135d7711412ec8c5d8107483c6d2da60375d703cd7bdbe9,
S02_F01_c047,2,classroom,S02_F01,F01,A01,train,P06,classroom/S02_F01/S02_F01_c047.mp4,realsense_480p,640,480,15.0,79,5.267,c7fa835446beb1da81965956c756baed226fa0ce4c524ab69b48a9518d2791b7,
S02_F01_c048,2,classroom,S02_F01,F01,A01,train,P06,classroom/S02_F01/S02_F01_c048.mp4,realsense_480p,640,480,15.0,81,5.4,d8ea5fe18ddbdd66f28925ae71e9223f507ca7471721ed209e7ba3d3b728f66a,
S02_F01_c049,2,classroom,S02_F01,F01,A01,train,P02,classroom/S02_F01/S02_F01_c049.mp4,realsense_480p,640,480,15.0,104,6.933,e0ffc48ee5fe6a30b3987aeb53a4d4e6f446171302a9353818044c81d47c7a47,
S02_F01_c050,2,classroom,S02_F01,F01,A01,train,P02,classroom/S02_F01/S02_F01_c050.mp4,realsense_480p,640,480,15.0,86,5.733,67a22b05b9312562cffc4d9b74e8fb1594157f60982d0a8e22ac0dd7a46d81f1,
S02_F01_c051,2,classroom,S02_F01,F01,A01,train,P02,classroom/S02_F01/S02_F01_c051.mp4,realsense_480p,640,480,15.0,80,5.333,f096ef57cbfd72c18892fc980396e2b9758546c445424603fcd5c6baa62988ce,
S02_F01_c052,2,classroom,S02_F01,F01,A01,train,P02,classroom/S02_F01/S02_F01_c052.mp4,realsense_480p,640,480,15.0,89,5.933,5d4d47c5d7006c15cb833ca437ad6de714426f6f20efd6ac3aa43404cde39878,
S02_F01_c053,2,classroom,S02_F01,F01,A01,train,P02,classroom/S02_F01/S02_F01_c053.mp4,realsense_480p,640,480,15.0,84,5.6,3f16e6213e929ae9cd1e84ca17d8bed22ea89231eb9b96edcad2545cd51ec279,
S02_F01_c054,2,classroom,S02_F01,F01,A01,train,P06,classroom/S02_F01/S02_F01_c054.mp4,realsense_480p,640,480,15.0,87,5.8,cdc8ef9c6ec5c8de678228ffe1110a24c62735c6c52f16fd4fd3530fed83cd9c,
S03_F02_c001,3,classroom,S03_F02,F02,A14,train,P01,classroom/S03_F02/S03_F02_c001.mp4,realsense_480p,640,480,15.0,77,5.133,bb9d8a4cf61937fd2f87bda88decb0750dc5dd51e5d1aef7d3b86da353afb9a3,
S03_F02_c002,3,classroom,S03_F02,F02,A14,train,P02,classroom/S03_F02/S03_F02_c002.mp4,realsense_480p,640,480,15.0,84,5.6,53dea77b8e0664d38ba2c901d2b18909b23dc2d3359d0449a87e853689a1b8e8,
S03_F02_c003,3,classroom,S03_F02,F02,A14,train,P03,classroom/S03_F02/S03_F02_c003.mp4,realsense_480p,640,480,15.0,82,5.467,c22e794b609a45580a4758704236028cb2dbfce737a810c1d8f0f15e8133c0a9,
S03_F02_c004,3,classroom,S03_F02,F02,A14,train,P03,classroom/S03_F02/S03_F02_c004.mp4,realsense_480p,640,480,15.0,93,6.2,a16e19401931332114fff16d5077b951b5c4bf5a477dc4fa3ff1c14dc3f1138f,
S03_F02_c005,3,classroom,S03_F02,F02,A14,train,P01,classroom/S03_F02/S03_F02_c005.mp4,realsense_480p,640,480,15.0,81,5.4,4a0627b52bc832e47460da798429139c26265b79f0de8ebad517b361019dde28,
S03_F02_c006,3,classroom,S03_F02,F02,A14,train,P01,classroom/S03_F02/S03_F02_c006.mp4,realsense_480p,640,480,15.0,81,5.4,76a7217624ea495336f142d4603ac66c34f63691ee3525778d2a5f7f3c5edaf1,
S03_F02_c007,3,classroom,S03_F02,F02,A14,train,P01,classroom/S03_F02/S03_F02_c007.mp4,realsense_480p,640,480,15.0,89,5.933,e098af8234678110b8c776b5d55d255b99ee43f62f97e664e925bbd9a2d31af2,
S03_F02_c008,3,classroom,S03_F02,F02,A14,train,P01,classroom/S03_F02/S03_F02_c008.mp4,realsense_480p,640,480,15.0,79,5.267,5f06f6bfbc5377c35635e3faa42aadaf47a74b376a8a31338c2a225dceaad0e4,
S03_F02_c009,3,classroom,S03_F02,F02,A14,train,P03,classroom/S03_F02/S03_F02_c009.mp4,realsense_480p,640,480,15.0,81,5.4,1b62ead0eb74c60d8ba7e0645f3b62013c7670235d24b8d1272985d32bf5884c,
S03_F02_c010,3,classroom,S03_F02,F02,A14,train,P03,classroom/S03_F02/S03_F02_c010.mp4,realsense_480p,640,480,15.0,79,5.267,480946c70613824397af8b8c8cc783362c030ecf479c6af5ed9e01fc485b617b,
S03_F02_c011,3,classroom,S03_F02,F02,A14,train,P02,classroom/S03_F02/S03_F02_c011.mp4,realsense_480p,640,480,15.0,79,5.267,8ae9302054962171d1f5dcbd12bacff6a8d28228b30acf6ac880eaaf1f440e99,
S03_F02_c012,3,classroom,S03_F02,F02,A14,train,P01,classroom/S03_F02/S03_F02_c012.mp4,realsense_480p,640,480,15.0,82,5.467,1d4eb321f128536f6f0b76b57a5c3103679cbc5b16553f1b737df336a2998696,
S03_F02_c013,3,classroom,S03_F02,F02,A14,train,P02,classroom/S03_F02/S03_F02_c013.mp4,realsense_480p,640,480,15.0,86,5.733,88005dc3d5ed3ebd44102c4b96c825f074831a30194853121f3f5396e0d4c530,
S03_F02_c014,3,classroom,S03_F02,F02,A14,train,P02,classroom/S03_F02/S03_F02_c014.mp4,realsense_480p,640,480,15.0,107,7.133,98dd33ee407b8ffb31cfc5219bbf4ed2f1fefad3b4dea3525fba8b78c15a2cd4,
S03_F02_c015,3,classroom,S03_F02,F02,A14,train,P02,classroom/S03_F02/S03_F02_c015.mp4,realsense_480p,640,480,15.0,107,7.133,f0dff3a80429ca3b45ad0f2af86a26892e5690878b1f73edf9f958025deb2458,
S03_F02_c016,3,classroom,S03_F02,F02,A14,train,P03,classroom/S03_F02/S03_F02_c016.mp4,realsense_480p,640,480,15.0,86,5.733,99c0067d92a4059165a2eed9497fc2a24128bf6b2b8b4d1e76098198cbae5548,
S03_F02_c017,3,classroom,S03_F02,F02,A14,train,P03,classroom/S03_F02/S03_F02_c017.mp4,realsense_480p,640,480,15.0,79,5.267,d3702aa5d325036b1b417ca61d24db11b65b5b35f44963af30ba30cd7713c7e2,
S03_F02_c018,3,classroom,S03_F02,F02,A14,train,P01,classroom/S03_F02/S03_F02_c018.mp4,realsense_480p,640,480,15.0,79,5.267,e6e40ff375b1be7af447966bba2589850cbee7a4bcb260a3eec1056d3e78c9bb,
S03_F02_c019,3,classroom,S03_F02,F02,A14,train,P01,classroom/S03_F02/S03_F02_c019.mp4,realsense_480p,640,480,15.0,77,5.133,c92a6811d7a43fe85080ce2ba893a3fd122e337377a9ad235f6c39dc8f919c72,
S03_F02_c020,3,classroom,S03_F02,F02,A14,train,P01,classroom/S03_F02/S03_F02_c020.mp4,realsense_480p,640,480,15.0,87,5.8,33c2971715962c026fc82231b9bb1b33ba27a1724530fdeaab9a996b98c29838,
S03_F02_c021,3,classroom,S03_F02,F02,A14,train,P02,classroom/S03_F02/S03_F02_c021.mp4,realsense_480p,640,480,15.0,92,6.133,b6aa9c6d6a5fdb8c4151009878d719e727693c1bff20ab5274be63371ede08a0,
S03_F02_c022,3,classroom,S03_F02,F02,A14,train,P01,classroom/S03_F02/S03_F02_c022.mp4,realsense_480p,640,480,15.0,77,5.133,b69e8242adf1b6f59e23b5d719a0f398e4963ef89f8fd7212b109bdac3e0a9b3,
S03_F02_c023,3,classroom,S03_F02,F02,A14,train,P01,classroom/S03_F02/S03_F02_c023.mp4,realsense_480p,640,480,15.0,88,5.867,dbfeaf9cfb8fd05ced362d83d2284035e5de75bbccf227c8c7ae25ca7ad5189c,
S03_F02_c024,3,classroom,S03_F02,F02,A14,train,P01,classroom/S03_F02/S03_F02_c024.mp4,realsense_480p,640,480,15.0,85,5.667,123c2be3166ab7c0a601859d5a7623325e311c3f4190081df8df579f7659b473,
S03_F02_c025,3,classroom,S03_F02,F02,A14,train,P06,classroom/S03_F02/S03_F02_c025.mp4,realsense_480p,640,480,15.0,94,6.267,a8e61749393a8b8a0d255820aafd23e1682928d669c1c53ccc5b967948428995,
S03_F02_c026,3,classroom,S03_F02,F02,A14,train,P06,classroom/S03_F02/S03_F02_c026.mp4,realsense_480p,640,480,15.0,85,5.667,8eebaedb4f50a3656d887a6f2c44ea4d52327ce0aed90dd160571ef991e23a70,
S03_F02_c027,3,classroom,S03_F02,F02,A14,train,P03,classroom/S03_F02/S03_F02_c027.mp4,realsense_480p,640,480,15.0,83,5.533,f763b292bd72cd8d8e7a41d10f39e4fe8471c923577d0bbbdcc6dde5eb9d2d59,
S03_F02_c028,3,classroom,S03_F02,F02,A14,train,P03,classroom/S03_F02/S03_F02_c028.mp4,realsense_480p,640,480,15.0,79,5.267,e911605bbcd66f366a8911db744a8198703375001fe095936e6a1f45fef67a51,
S03_F02_c029,3,classroom,S03_F02,F02,A14,train,P02,classroom/S03_F02/S03_F02_c029.mp4,realsense_480p,640,480,15.0,83,5.533,2d006f591e17a22f5c5699b2ed9385a9cea45e3032c23414fe11482d8c4c139d,
S03_F02_c030,3,classroom,S03_F02,F02,A14,train,P02,classroom/S03_F02/S03_F02_c030.mp4,realsense_480p,640,480,15.0,130,8.667,c13edff9d0d9ca749c35ccb18cb7e89233ea0b7e64527de14840fce224976cdc,
S03_F02_c031,3,classroom,S03_F02,F02,A14,train,P02,classroom/S03_F02/S03_F02_c031.mp4,realsense_480p,640,480,15.0,96,6.4,1dabd146b30370312c16bac55ba77c0364b136eb855d161352d8d8cf500b5a51,
S03_F02_c032,3,classroom,S03_F02,F02,A14,train,P02,classroom/S03_F02/S03_F02_c032.mp4,realsense_480p,640,480,15.0,83,5.533,a2e601d65391025fe1910e128db45d0f9318d1473bcfd73ef4cdfe6282551681,
S03_F02_c033,3,classroom,S03_F02,F02,A14,train,P03,classroom/S03_F02/S03_F02_c033.mp4,realsense_480p,640,480,15.0,97,6.467,45e15e8a5472e45504e80703b4e4c0cde5e652d25ff961203d1a1ec8e6fb8db0,
S03_F02_c034,3,classroom,S03_F02,F02,A14,train,P01,classroom/S03_F02/S03_F02_c034.mp4,realsense_480p,640,480,15.0,86,5.733,e46f8e9320285a73d7b70c5ec33eab97830261b806f768b614f0296ffb1bb64f,
S03_F02_c035,3,classroom,S03_F02,F02,A14,train,P03,classroom/S03_F02/S03_F02_c035.mp4,realsense_480p,640,480,15.0,88,5.867,8120e4576b703288ad92e699558c1cd88003f57b395fbbfb7341394f3d686f92,
S03_F02_c036,3,classroom,S03_F02,F02,A14,train,P03,classroom/S03_F02/S03_F02_c036.mp4,realsense_480p,640,480,15.0,78,5.2,36ee966004a69a0b9c652e0ee0aabaffb31f2a160290f4cd90dfe569353b7e7f,
S03_F02_c037,3,classroom,S03_F02,F02,A14,train,P03,classroom/S03_F02/S03_F02_c037.mp4,realsense_480p,640,480,15.0,90,6.0,27f02e826042af712091842e4f5b6183d3247e7d7c964107f13e456fd9066723,
S03_F02_c038,3,classroom,S03_F02,F02,A14,train,P02,classroom/S03_F02/S03_F02_c038.mp4,realsense_480p,640,480,15.0,83,5.533,359eda9fb80be33e47cd2bf01dea1ea7a1e105eeb0bad9064f4b4b35eadd1ff3,
S03_F02_c039,3,classroom,S03_F02,F02,A14,train,P02,classroom/S03_F02/S03_F02_c039.mp4,realsense_480p,640,480,15.0,93,6.2,0230f437b75a5e830eaef591853417a0978be96a2c9cc0c9c6f0599c01c01e08,
S03_F02_c040,3,classroom,S03_F02,F02,A14,train,P02,classroom/S03_F02/S03_F02_c040.mp4,realsense_480p,640,480,15.0,92,6.133,bb8db99c652ef66d65bf5f25a4efe3685e81ff7c8eee14af7e95ccfa36813103,
S04_F02_c001,4,classroom,S04_F02,F02,A14,train,P02,classroom/S04_F02/S04_F02_c001.MOV,phone_4k,3840,2160,30.0,187,6.233,6908c7349ac48c86e2a9f9ddb5a0b70be63c12bd04aa3207c8cbc6e43e72b2c2,2026-07-25T13:00:39
S04_F02_c002,4,classroom,S04_F02,F02,A14,train,P02,classroom/S04_F02/S04_F02_c002.mp4,phone_1080p,1920,1080,29.991,162,5.402,ba0adf52e7a82007e6435b18ed7776c06129dce2205c8caba95a896c8b822f3d,2026-07-25T13:00:38
S04_F02_c003,4,classroom,S04_F02,F02,A14,train,P06,classroom/S04_F02/S04_F02_c003.MOV,phone_4k,3840,2160,30.0,167,5.567,8d81de5d64932a653f7b7c1b228531b835ebbf5cafd23e29a97f19e31196ce59,2026-07-25T13:17:47
S04_F02_c004,4,classroom,S04_F02,F02,A14,train,P06,classroom/S04_F02/S04_F02_c004.mp4,phone_1080p,1920,1080,29.991,160,5.335,a560737d35ab66c1f3cb2eedca36343f87a1f15baf4d04c8536d43a9e21cf94a,2026-07-25T13:17:47
S04_F02_c005,4,classroom,S04_F02,F02,A14,train,P06,classroom/S04_F02/S04_F02_c005.MOV,phone_4k,3840,2160,30.0,167,5.567,a2be839ca5d3465946c59367d0c24015fc4e0ed51ca8efc40de48c185cbe8da6,2026-07-25T13:18:05
S04_F02_c006,4,classroom,S04_F02,F02,A14,train,P06,classroom/S04_F02/S04_F02_c006.mp4,phone_1080p,1920,1080,29.991,163,5.435,59964718c9d2f13ef7702559c6bea745e2ee01a803927a3a76c08b271a2ab12b,2026-07-25T13:18:05
S04_F02_c007,4,classroom,S04_F02,F02,A14,train,P06,classroom/S04_F02/S04_F02_c007.MOV,phone_4k,3840,2160,30.0,165,5.5,953d46850693a5b580d54c6eb0f1876229ecf21b76323e489718f014a769eec8,2026-07-25T13:18:21
S04_F02_c008,4,classroom,S04_F02,F02,A14,train,P06,classroom/S04_F02/S04_F02_c008.mp4,phone_1080p,1920,1080,29.991,168,5.602,2b9e956317048acf1f65482fb9bd68bf47a7c64a58f039e89b7f20c0da17ee3b,2026-07-25T13:18:18
S04_F02_c009,4,classroom,S04_F02,F02,A14,train,P01,classroom/S04_F02/S04_F02_c009.MOV,phone_4k,3840,2160,30.0,189,6.3,10793c4bfe6310c364b290bf04134d937e4203b72d9ed2717e3f93701cb70887,2026-07-25T13:23:43
S04_F02_c010,4,classroom,S04_F02,F02,A14,train,P01,classroom/S04_F02/S04_F02_c010.mp4,phone_1080p,1920,1080,29.991,165,5.502,8c46e2e1c5d2b5531066c7e8366282797e440f4a1bccc9fa30f6bb97d302164b,2026-07-25T13:23:41
S04_F02_c011,4,classroom,S04_F02,F02,A14,train,P01,classroom/S04_F02/S04_F02_c011.MOV,phone_4k,3840,2160,30.0,177,5.9,0791a74d8be790674585f9bb3913fe1173dbb3f1f1a338772002e3b5f91670fb,2026-07-25T13:23:57
S04_F02_c012,4,classroom,S04_F02,F02,A14,train,P01,classroom/S04_F02/S04_F02_c012.mp4,phone_1080p,1920,1080,29.991,170,5.668,16635a885a4fe5bd2aefa20a807f9455b7101248227e801e2ddeca30d5fac40e,2026-07-25T13:23:57
S04_F02_c013,4,classroom,S04_F02,F02,A14,train,P01,classroom/S04_F02/S04_F02_c013.MOV,phone_4k,3840,2160,30.0,177,5.9,3c146bb14528346a84c524830788e24ebe050ffdb029783bd6dadb6bdcb9b324,2026-07-25T13:24:19
S04_F02_c014,4,classroom,S04_F02,F02,A14,train,P01,classroom/S04_F02/S04_F02_c014.mp4,phone_1080p,1920,1080,29.991,173,5.768,09065690828d383215d09feed2324241e5802a765f4e0c0f8585293853891c39,2026-07-25T13:24:18
S04_F02_c015,4,classroom,S04_F02,F02,A14,train,P01,classroom/S04_F02/S04_F02_c015.MOV,phone_4k,3840,2160,30.0,169,5.633,91c4e100d849509f332eef40344f3edf8955f9c7431c36a03423067fef274c7a,2026-07-25T13:24:30
S04_F02_c016,4,classroom,S04_F02,F02,A14,train,P01,classroom/S04_F02/S04_F02_c016.mp4,phone_1080p,1920,1080,29.991,173,5.768,93ed3a159a6dda5975fffce68dd1fc9f3dd06d7cfb428c656f46f4a6fece092d,2026-07-25T13:24:30
S04_F02_c017,4,classroom,S04_F02,F02,A14,train,P02,classroom/S04_F02/S04_F02_c017.mp4,realsense_480p,640,480,15.0,109,7.267,0825f3073a037c21e6dc5f8b9bf1a02be635ae44f595abb46024585d80a8b3fb,2026-07-25T13:00:39
S04_F02_c018,4,classroom,S04_F02,F02,A14,train,P02,classroom/S04_F02/S04_F02_c018.mp4,realsense_480p,640,480,15.0,86,5.733,4bc0799edc39dd73704c46fdc23a72e37556c0ca0c570477c3fe469754b182fa,2026-07-25T13:01:05
S04_F02_c019,4,classroom,S04_F02,F02,A14,train,P02,classroom/S04_F02/S04_F02_c019.mp4,realsense_480p,640,480,15.0,82,5.467,c615e2e1bf80a39650fd676fc30fa1654a3f4bdb1c90d7f4f07d189ccae0c3d0,2026-07-25T13:03:05
S04_F02_c020,4,classroom,S04_F02,F02,A14,train,P02,classroom/S04_F02/S04_F02_c020.MOV,phone_4k,3840,2160,30.0,151,5.033,bf03fbb7dd44e95a1cd4fe16a07a155b39ff817de34017dfe548cccbca00c8df,2026-07-25T13:01:06
S04_F02_c021,4,classroom,S04_F02,F02,A14,train,P02,classroom/S04_F02/S04_F02_c021.mp4,phone_1080p,1920,1080,29.991,163,5.435,06a44b7d1214e8b675c0af82a0524ee1e17d0cf34bec47ee16b6f7b2932ed074,2026-07-25T13:01:05
S04_F02_c022,4,classroom,S04_F02,F02,A14,train,P02,classroom/S04_F02/S04_F02_c022.mp4,realsense_480p,640,480,15.0,84,5.6,43577957ae36553f86ed49430c957b97e49ff69bcb0f66b826e8a9e160773f35,2026-07-25T13:03:16
S04_F02_c023,4,classroom,S04_F02,F02,A14,train,P04,classroom/S04_F02/S04_F02_c023.mp4,realsense_480p,640,480,15.0,93,6.2,6ea6c22e606a91c393fda2b0feef592afd2700609e1dc6efbb25c601c668fa57,2026-07-25T13:08:40
S04_F02_c024,4,classroom,S04_F02,F02,A14,train,P04,classroom/S04_F02/S04_F02_c024.mp4,realsense_480p,640,480,15.0,90,6.0,e8f3fa6c91eed3dcc249fef2552d6b740404a402263f6db93f6433125fb9b2c9,2026-07-25T13:09:01
S04_F02_c025,4,classroom,S04_F02,F02,A14,train,P04,classroom/S04_F02/S04_F02_c025.mp4,realsense_480p,640,480,15.0,93,6.2,68a8dce88d92ff687ef90d5dc96048511c5497ad74b55a3d0887bc4cae224637,2026-07-25T13:09:15
S04_F02_c026,4,classroom,S04_F02,F02,A14,train,P04,classroom/S04_F02/S04_F02_c026.mp4,realsense_480p,640,480,15.0,98,6.533,6a07c3b4ec0c7d244b9a4a3f2d1d2842188a17f95c4fd85bb8db8f9a533f8ca3,2026-07-25T13:09:28
S04_F02_c027,4,classroom,S04_F02,F02,A14,train,P06,classroom/S04_F02/S04_F02_c027.mp4,realsense_480p,640,480,15.0,103,6.867,732f9ee9c10e5a243a19c2b40f6cf84cabe23576b92b2554758262cd806c56be,2026-07-25T13:17:30
S04_F02_c028,4,classroom,S04_F02,F02,A14,train,P06,classroom/S04_F02/S04_F02_c028.mp4,realsense_480p,640,480,15.0,87,5.8,563a15d0a40da78cf0834b9ad70604624e5b03e9fdd7d9e74cb6978bbeedd67b,2026-07-25T13:17:47
S04_F02_c029,4,classroom,S04_F02,F02,A14,train,P06,classroom/S04_F02/S04_F02_c029.mp4,realsense_480p,640,480,15.0,75,5.0,12e6f425fd0dca91055cef382af77df47ce45fc567ab609fab292e32368c0191,2026-07-25T13:18:08
S04_F02_c030,4,classroom,S04_F02,F02,A14,train,P06,classroom/S04_F02/S04_F02_c030.mp4,realsense_480p,640,480,15.0,85,5.667,8a0112feb66933de5b1438c843a667e76bcd229044c4cb049b18ac1c42bb273b,2026-07-25T13:18:19
S04_F02_c031,4,classroom,S04_F02,F02,A14,train,P01,classroom/S04_F02/S04_F02_c031.mp4,realsense_480p,640,480,15.0,88,5.867,e5ad6bd9db2714924c9ec9848ef52b34db71838376d938b00c3efbeb8fe26822,2026-07-25T13:23:42
S04_F02_c032,4,classroom,S04_F02,F02,A14,train,P02,classroom/S04_F02/S04_F02_c032.MOV,phone_4k,3840,2160,29.991,172,5.735,cd1d7bb10b695fec0091eb7d63b3aa3913d821a04fa7adc4dfc290d7db7e401b,2026-07-25T13:03:05
S04_F02_c033,4,classroom,S04_F02,F02,A14,train,P02,classroom/S04_F02/S04_F02_c033.mp4,phone_1080p,1920,1080,29.99,156,5.202,247937c30002515357352ecffaff3d3d652de0112ea0cf1b52cdd2e149f54d01,2026-07-25T13:03:05
S04_F02_c034,4,classroom,S04_F02,F02,A14,train,P01,classroom/S04_F02/S04_F02_c034.mp4,realsense_480p,640,480,15.0,84,5.6,a6673e54aa8682aa9ef91a6100c37fc76c9a7fbcf73ba53b21ca38080042802b,2026-07-25T13:23:58
S04_F02_c035,4,classroom,S04_F02,F02,A14,train,P01,classroom/S04_F02/S04_F02_c035.mp4,realsense_480p,640,480,15.0,46,3.067,72a211b39551fb8df5062b179cab0d46a32c8e5fee84fa2dbda186601a0a5f33,2026-07-25T13:24:19
S04_F02_c036,4,classroom,S04_F02,F02,A14,train,P01,classroom/S04_F02/S04_F02_c036.mp4,realsense_480p,640,480,15.0,91,6.067,bae03b6967312b2db967c3c6f0a2d06a03dc828ba283f38bffe8135871ccda23,2026-07-25T13:24:31
S04_F02_c037,4,classroom,S04_F02,F02,A14,train,P02,classroom/S04_F02/S04_F02_c037.MOV,phone_4k,3840,2160,29.99,153,5.102,459fde54297cdbea7a5f853552a735971b0686df1689bab6d2267984c67b7e1a,2026-07-25T13:03:17
S04_F02_c038,4,classroom,S04_F02,F02,A14,train,P02,classroom/S04_F02/S04_F02_c038.mp4,phone_1080p,1920,1080,29.991,170,5.668,7d95953d32a1dc4a6a369ad041c70e83841596c59d7afbc8f4b710e4ae4a51d9,2026-07-25T13:03:16
S04_F02_c039,4,classroom,S04_F02,F02,A14,train,P04,classroom/S04_F02/S04_F02_c039.MOV,phone_4k,3840,2160,30.0,172,5.733,162485770ce293ead8027e581852026e843b65613e15197275fa771caad775f7,2026-07-25T13:08:40
S04_F02_c040,4,classroom,S04_F02,F02,A14,train,P04,classroom/S04_F02/S04_F02_c040.mp4,phone_1080p,1920,1080,29.991,164,5.468,2b9044c52cecec156519a931c047ff8c4543e909423bcd23f450591668246c07,2026-07-25T13:08:40
S04_F02_c041,4,classroom,S04_F02,F02,A14,train,P04,classroom/S04_F02/S04_F02_c041.MOV,phone_4k,3840,2160,30.0,170,5.667,7cfae7141fd0279e99b5726bcbc7098bdc28aa92ca0f2281492f426ccf1b5eeb,2026-07-25T13:09:00
S04_F02_c042,4,classroom,S04_F02,F02,A14,train,P04,classroom/S04_F02/S04_F02_c042.mp4,phone_1080p,1920,1080,29.991,163,5.435,406bf463f55112c56eedc435fa706429e6d47c1185e08f7747bf18a9377e207f,2026-07-25T13:09:00
S04_F02_c043,4,classroom,S04_F02,F02,A14,train,P04,classroom/S04_F02/S04_F02_c043.MOV,phone_4k,3840,2160,30.0,169,5.633,fdef96d98f6f96af438bc130df99734205859655279159f46edf1cbb4ddb33bb,2026-07-25T13:09:15
S04_F02_c044,4,classroom,S04_F02,F02,A14,train,P04,classroom/S04_F02/S04_F02_c044.mp4,phone_1080p,1920,1080,29.991,161,5.368,14a3647aae11e01a6e05a99909fa502221089018a9f47bd16f16ceb2d8963bee,2026-07-25T13:09:14
S04_F02_c045,4,classroom,S04_F02,F02,A14,train,P04,classroom/S04_F02/S04_F02_c045.MOV,phone_4k,3840,2160,30.0,164,5.467,ca2b8e89f0acc55365ff4ed57edb61d999b8ed205968c160fbc5c67b5896c990,2026-07-25T13:09:28
S04_F02_c046,4,classroom,S04_F02,F02,A14,train,P04,classroom/S04_F02/S04_F02_c046.mp4,phone_1080p,1920,1080,29.99,154,5.135,18bac917452bee56e1b3c2cee2e4b7c2d3f11a2ade545f3ee8745fb219207860,2026-07-25T13:09:27
S04_F02_c047,4,classroom,S04_F02,F02,A14,train,P06,classroom/S04_F02/S04_F02_c047.MOV,phone_4k,3840,2160,30.0,175,5.833,30ea7f322bf75841432ccfd5d518bf1f0b89ec49f9d6c63bda8adbfe9c5fca4f,2026-07-25T13:17:30
S04_F02_c048,4,classroom,S04_F02,F02,A14,train,P06,classroom/S04_F02/S04_F02_c048.mp4,phone_1080p,1920,1080,29.991,164,5.468,6b686fc29e1a7c61b99a2b86e160c00220da60065d8152274935d25a7344c8ee,2026-07-25T13:17:30
S05_F03_c001,5,classroom,S05_F03,F03,A04,train,P02,classroom/S05_F03/S05_F03_c001.mp4,realsense_480p,640,480,15.0,78,5.2,b01b609db57106035cbcd3cf3bbce06408efcb80fbf89e6d6b2251b018ffed47,
S05_F03_c002,5,classroom,S05_F03,F03,A04,train,P06,classroom/S05_F03/S05_F03_c002.mp4,realsense_480p,640,480,15.0,79,5.267,1b1eefbc64d3e16245f1b54386e85331d00bd9f3dcea7556400867acf75925bb,
S05_F03_c003,5,classroom,S05_F03,F03,A04,train,P02,classroom/S05_F03/S05_F03_c003.mp4,realsense_480p,640,480,15.0,90,6.0,e9106e9169f451aa369a2179dcd8c7fa888f4c86fd8c55911f68fa4d444fb719,
S05_F03_c004,5,classroom,S05_F03,F03,A04,train,P02,classroom/S05_F03/S05_F03_c004.mp4,realsense_480p,640,480,15.0,88,5.867,e2eb8c87509ada38fb9983c04c11c6ac3343e0ac95942bc3cd9c0d52c4c025dd,
S05_F03_c005,5,classroom,S05_F03,F03,A04,train,P02,classroom/S05_F03/S05_F03_c005.mp4,realsense_480p,640,480,15.0,98,6.533,968f8e93614c1a07e7dbcc530f71e01d8e12e076a62c3bf2f5d2425cfb3e580d,
S05_F03_c006,5,classroom,S05_F03,F03,A04,train,P02,classroom/S05_F03/S05_F03_c006.mp4,realsense_480p,640,480,15.0,104,6.933,629e59c73820a6c700d097eeb3988a428ece38eb0a0952f220705fc8209b34b9,
S05_F03_c007,5,classroom,S05_F03,F03,A04,train,P06,classroom/S05_F03/S05_F03_c007.mp4,realsense_480p,640,480,15.0,102,6.8,773514e56404e9f89847c757e3ab4c43ae98c0c5bf2bc0262b2209f54778d266,
S05_F03_c008,5,classroom,S05_F03,F03,A04,train,P06,classroom/S05_F03/S05_F03_c008.mp4,realsense_480p,640,480,15.0,100,6.667,8e9e471a08f12ac4e3eda5aeb1f82ae071300e956c71e3e76377a4967537aacd,
S05_F03_c009,5,classroom,S05_F03,F03,A04,train,P01,classroom/S05_F03/S05_F03_c009.mp4,realsense_480p,640,480,15.0,76,5.067,be4967dc6c1d11a7e282547eeb54d0e242110b9c0a49c01a02a3bcbcd6e123dd,
S05_F03_c010,5,classroom,S05_F03,F03,A04,train,P01,classroom/S05_F03/S05_F03_c010.mp4,realsense_480p,640,480,15.0,79,5.267,bfcb3ec3a91dd6638c25e93be66f145ffcc2e83060d5a9b1ad16599bf67cc1a0,
S05_F03_c011,5,classroom,S05_F03,F03,A04,train,P01,classroom/S05_F03/S05_F03_c011.mp4,realsense_480p,640,480,15.0,81,5.4,94ae0fc17c8628b8ca273134ae531c98f9d5df6bff79f54065d7e88e58f8f9f4,
S05_F03_c012,5,classroom,S05_F03,F03,A04,train,P02,classroom/S05_F03/S05_F03_c012.mp4,realsense_480p,640,480,15.0,96,6.4,9f66de71439ba8866e2d294eb5a5326b4ffa569c4868e0f82590d78bde8f8ceb,
S05_F03_c013,5,classroom,S05_F03,F03,A04,train,P01,classroom/S05_F03/S05_F03_c013.mp4,realsense_480p,640,480,15.0,75,5.0,f491fffce057a3f10a4f6e1dfab6035f391d52e33e5de8e627fe86a8c4194a95,
S05_F03_c014,5,classroom,S05_F03,F03,A04,train,P06,classroom/S05_F03/S05_F03_c014.mp4,realsense_480p,640,480,15.0,76,5.067,709bb2237a0e767e2063a593038b3eeb6db226595903adf09bd4ea56cbb462d8,
S05_F03_c015,5,classroom,S05_F03,F03,A04,train,P06,classroom/S05_F03/S05_F03_c015.mp4,realsense_480p,640,480,15.0,75,5.0,1918a41c19365b4bb9b04a8454de2f647a32ab8c595c538ea337a21251104c72,
S05_F03_c016,5,classroom,S05_F03,F03,A04,train,P02,classroom/S05_F03/S05_F03_c016.mp4,realsense_480p,640,480,15.0,97,6.467,1af2d4190fa7c27964c5d6690ebe81068c672571986e7d8ec86150ea8c8c7996,
S05_F03_c017,5,classroom,S05_F03,F03,A04,train,P02,classroom/S05_F03/S05_F03_c017.mp4,realsense_480p,640,480,15.0,94,6.267,f8b52dc1375bed6d9c521298fe6a4cc267d4d9127015188d33626c1c6efff4dd,
S05_F03_c018,5,classroom,S05_F03,F03,A04,train,P02,classroom/S05_F03/S05_F03_c018.mp4,realsense_480p,640,480,15.0,88,5.867,aaa9100fbc0737fda6f516906acc2fd1a785e3d0d7d243a59e84addfdb8f160c,
S05_F03_c019,5,classroom,S05_F03,F03,A04,train,P02,classroom/S05_F03/S05_F03_c019.mp4,realsense_480p,640,480,15.0,91,6.067,6f038d41184de6168ce1f4b50994f2b166f6fb86c4b2081759b09428264f325c,
S05_F03_c020,5,classroom,S05_F03,F03,A04,train,P02,classroom/S05_F03/S05_F03_c020.mp4,realsense_480p,640,480,15.0,91,6.067,6f038d41184de6168ce1f4b50994f2b166f6fb86c4b2081759b09428264f325c,
S05_F03_c021,5,classroom,S05_F03,F03,A04,train,P06,classroom/S05_F03/S05_F03_c021.mp4,realsense_480p,640,480,15.0,94,6.267,d88754d93aab869d4edd98790967d5894656267efaf00af5a64e7c76a71c364f,
S05_F03_c022,5,classroom,S05_F03,F03,A04,train,P06,classroom/S05_F03/S05_F03_c022.mp4,realsense_480p,640,480,15.0,94,6.267,d88754d93aab869d4edd98790967d5894656267efaf00af5a64e7c76a71c364f,
S05_F03_c023,5,classroom,S05_F03,F03,A04,train,P06,classroom/S05_F03/S05_F03_c023.mp4,realsense_480p,640,480,15.0,88,5.867,c2e1d66ea16d93163f1fe6368b18554e0d7ca69bbd9e4ce348d0261a3829caf8,
S05_F03_c024,5,classroom,S05_F03,F03,A04,train,P06,classroom/S05_F03/S05_F03_c024.mp4,realsense_480p,640,480,15.0,96,6.4,87922e10a2a5215aec48c14cf1fba88c198cd72ecfc684a6440e9f9778284930,
S05_F03_c025,5,classroom,S05_F03,F03,A04,train,P06,classroom/S05_F03/S05_F03_c025.mp4,realsense_480p,640,480,15.0,96,6.4,87922e10a2a5215aec48c14cf1fba88c198cd72ecfc684a6440e9f9778284930,
S05_F03_c026,5,classroom,S05_F03,F03,A04,train,P01,classroom/S05_F03/S05_F03_c026.mp4,realsense_480p,640,480,15.0,80,5.333,b277ec2a249722a805569df39e36400cb5bf8d32ce06f53ac9a3a8e84ee3d12c,
S05_F03_c027,5,classroom,S05_F03,F03,A04,train,P01,classroom/S05_F03/S05_F03_c027.mp4,realsense_480p,640,480,15.0,77,5.133,94d77a15174ca625af32be005fa1dd5040b8e661d1072fdcb957ce4eaf23bd15,
S05_F03_c028,5,classroom,S05_F03,F03,A04,train,P06,classroom/S05_F03/S05_F03_c028.mp4,realsense_480p,640,480,15.0,83,5.533,31f9c1588f8a13e36a8c1f0f142795e00a3dfab3c35336e7849b1c9bfea2e160,
S05_F03_c029,5,classroom,S05_F03,F03,A04,train,P06,classroom/S05_F03/S05_F03_c029.mp4,realsense_480p,640,480,15.0,77,5.133,ee5c209431d382f676991580aa105de90b78543a4efcf47c9e4d950e1b896b1a,
S05_F03_c030,5,classroom,S05_F03,F03,A04,train,P01,classroom/S05_F03/S05_F03_c030.mp4,realsense_480p,640,480,15.0,75,5.0,981f11bae951abb9c3c00509a1865397a4e11cee4188e0f4bb12c7fc094710d4,
S05_F03_c031,5,classroom,S05_F03,F03,A04,train,P01,classroom/S05_F03/S05_F03_c031.mp4,realsense_480p,640,480,15.0,81,5.4,467bb89f5fbb65b440401de44b5927e22cff02ecd90c36d1a50303b34a14295f,
S05_F03_c032,5,classroom,S05_F03,F03,A04,train,P02,classroom/S05_F03/S05_F03_c032.mp4,realsense_480p,640,480,15.0,89,5.933,2a21ccc12568cd89384d25c8d0aa0d3c5de451b4c516b8e8a69d62db2b842312,
S05_F03_c033,5,classroom,S05_F03,F03,A04,train,P02,classroom/S05_F03/S05_F03_c033.mp4,realsense_480p,640,480,15.0,89,5.933,2a21ccc12568cd89384d25c8d0aa0d3c5de451b4c516b8e8a69d62db2b842312,
S05_F03_c034,5,classroom,S05_F03,F03,A04,train,P06,classroom/S05_F03/S05_F03_c034.mp4,realsense_480p,640,480,15.0,88,5.867,9f471016cfe91fa8a75c4a714b90ee1c211f1a54509eb44544efacbe740089f6,
S05_F03_c035,5,classroom,S05_F03,F03,A04,train,P02,classroom/S05_F03/S05_F03_c035.mp4,realsense_480p,640,480,15.0,91,6.067,7ac521e4374dc59865b1c0a2e7460af5855616c7c5764e016f93d12585f0d887,
S05_F03_c036,5,classroom,S05_F03,F03,A04,train,P02,classroom/S05_F03/S05_F03_c036.mp4,realsense_480p,640,480,15.0,91,6.067,7ac521e4374dc59865b1c0a2e7460af5855616c7c5764e016f93d12585f0d887,
S05_F03_c037,5,classroom,S05_F03,F03,A04,train,P06,classroom/S05_F03/S05_F03_c037.mp4,realsense_480p,640,480,15.0,82,5.467,13fb6464cfb977e0dbbe569fb8874c98e45f8e828e8a39d441cb2a7393103ad0,
S05_F03_c038,5,classroom,S05_F03,F03,A04,train,P06,classroom/S05_F03/S05_F03_c038.mp4,realsense_480p,640,480,15.0,96,6.4,880e7112402c258863e01cdfddbb600a0464a4cce01800c64087d23fa426261e,
S05_F03_c039,5,classroom,S05_F03,F03,A04,train,P02,classroom/S05_F03/S05_F03_c039.mp4,realsense_480p,640,480,15.0,93,6.2,e8f8b92895036e25004bd21ac01ac7c0f2d2fc0b6aa9f2f3d9c9cc8da8f15a88,
S05_F03_c040,5,classroom,S05_F03,F03,A04,train,P02,classroom/S05_F03/S05_F03_c040.mp4,realsense_480p,640,480,15.0,97,6.467,2a8c8f6c10d3c4a7ee4922d0adf2c3091efca9ffc4ff89eca76b7209b76464d6,
S05_F03_c041,5,classroom,S05_F03,F03,A04,train,P01,classroom/S05_F03/S05_F03_c041.mp4,realsense_480p,640,480,15.0,78,5.2,d53720d126f530703cde21dd58c0e455f94f4b880f8c999d0bc57f0fd24a4d32,
S05_F03_c042,5,classroom,S05_F03,F03,A04,train,P01,classroom/S05_F03/S05_F03_c042.mp4,realsense_480p,640,480,15.0,79,5.267,6bff235ec899b33847704254dc441b721efa2961185d8b3bde36ba57c5c1629d,
S05_F03_c043,5,classroom,S05_F03,F03,A04,train,P06,classroom/S05_F03/S05_F03_c043.mp4,realsense_480p,640,480,15.0,81,5.4,ddf45f76149ba55c7bb2efb61f414bc2937f21b427b0869550c70a995c9626cf,
S05_F03_c044,5,classroom,S05_F03,F03,A04,train,P06,classroom/S05_F03/S05_F03_c044.mp4,realsense_480p,640,480,15.0,79,5.267,4192e8a9367329f0dc8221457bafa0c294d005146d9ff238c6c8164fc4482987,
S05_F03_c045,5,classroom,S05_F03,F03,A04,train,P01,classroom/S05_F03/S05_F03_c045.mp4,realsense_480p,640,480,15.0,77,5.133,8c9895ad57c25aeef3f41c71f47ab3c28e4a2489734ba21977ecc3be9013c2bf,
S05_F03_c046,5,classroom,S05_F03,F03,A04,train,P01,classroom/S05_F03/S05_F03_c046.mp4,realsense_480p,640,480,15.0,88,5.867,c6ffc633bf9c02a50f4f20506cdf57f66a2690dc3c84e92921d347a543d1a8f1,
S05_F03_c047,5,classroom,S05_F03,F03,A04,train,P01,classroom/S05_F03/S05_F03_c047.mp4,realsense_480p,640,480,15.0,85,5.667,62cae16a6e1e887cb273df259a9308a332a170647134b0fda53d0dabf71a3169,
S05_F03_c048,5,classroom,S05_F03,F03,A04,train,P02,classroom/S05_F03/S05_F03_c048.mp4,realsense_480p,640,480,15.0,84,5.6,dac9be2fdcc674be2ab3de97a859649f65a10285b46f2eca644503ed10a33548,
S05_F03_c049,5,classroom,S05_F03,F03,A04,train,P02,classroom/S05_F03/S05_F03_c049.mp4,realsense_480p,640,480,15.0,91,6.067,9a6362418dfbb2e9caee203c518763b29ae84b055c35964494e010018f45f48e,
S05_F03_c050,5,classroom,S05_F03,F03,A04,train,P02,classroom/S05_F03/S05_F03_c050.mp4,realsense_480p,640,480,15.0,90,6.0,d86db0d245dd0ac8fcf707044475b2f0ba052b9bbdd6ae8799b7306ce22ceb02,
S05_F03_c051,5,classroom,S05_F03,F03,A04,train,P02,classroom/S05_F03/S05_F03_c051.mp4,realsense_480p,640,480,15.0,83,5.533,cba7c2f3d3c517032191c28f81cc443f77334a965bb1c12175b954532ea9a9d8,
S05_F03_c052,5,classroom,S05_F03,F03,A04,train,P06,classroom/S05_F03/S05_F03_c052.mp4,realsense_480p,640,480,15.0,86,5.733,ad05d196aefb22f9e9e940e2154460bf3b82a833e3342810355c9bcb3ad99bb8,
S05_F03_c053,5,classroom,S05_F03,F03,A04,train,P06,classroom/S05_F03/S05_F03_c053.mp4,realsense_480p,640,480,15.0,99,6.6,08c654eb706bbb1918c00bb421fe7a11a8686060e1f588197231de3780bdb882,
S05_F03_c054,5,classroom,S05_F03,F03,A04,train,P01,classroom/S05_F03/S05_F03_c054.mp4,realsense_480p,640,480,15.0,76,5.067,6784f4e6bc0d151ae1363ec957c24be4ceeff17ef687acde1cfc71452ff33cc4,
S05_F03_c055,5,classroom,S05_F03,F03,A04,train,P01,classroom/S05_F03/S05_F03_c055.mp4,realsense_480p,640,480,15.0,78,5.2,9fcc755145d9449a8e9b1b390d60967740d469d761e47da77a511e8165cb70a8,
S05_F03_c056,5,classroom,S05_F03,F03,A04,train,P01,classroom/S05_F03/S05_F03_c056.mp4,realsense_480p,640,480,15.0,79,5.267,2bc8024d734ad45b2233020c2beb5cffff1bd867e18c2e634b56d08b52d454c6,
S05_F03_c057,5,classroom,S05_F03,F03,A04,train,P01,classroom/S05_F03/S05_F03_c057.mp4,realsense_480p,640,480,15.0,84,5.6,041d9937f90163396a3bba56b25a2feb3d8b90f07a58bccd72eb26de8fa3d120,
S05_F03_c058,5,classroom,S05_F03,F03,A04,train,P01,classroom/S05_F03/S05_F03_c058.mp4,realsense_480p,640,480,15.0,72,4.8,0e7309222e10f84d338ccd6f864a4489664ba721d4f67393360a0055be9a7d34,
S05_F03_c059,5,classroom,S05_F03,F03,A04,train,P06,classroom/S05_F03/S05_F03_c059.mp4,realsense_480p,640,480,15.0,83,5.533,49aae2397aaec3e969a7cc5c6debb11ea397aa20215f3a46b98988029c0e244f,
S06_F03_c001,6,classroom,S06_F03,F03,A04,train,P01,classroom/S06_F03/S06_F03_c001.mp4,realsense_480p,640,480,15.0,78,5.2,9fcc755145d9449a8e9b1b390d60967740d469d761e47da77a511e8165cb70a8,
S06_F03_c002,6,classroom,S06_F03,F03,A04,train,P06,classroom/S06_F03/S06_F03_c002.mp4,realsense_480p,640,480,15.0,83,5.533,49aae2397aaec3e969a7cc5c6debb11ea397aa20215f3a46b98988029c0e244f,
S06_F03_c003,6,classroom,S06_F03,F03,A04,train,P06,classroom/S06_F03/S06_F03_c003.mp4,realsense_480p,640,480,15.0,79,5.267,1b1eefbc64d3e16245f1b54386e85331d00bd9f3dcea7556400867acf75925bb,
S06_F03_c004,6,classroom,S06_F03,F03,A04,train,P02,classroom/S06_F03/S06_F03_c004.mp4,realsense_480p,640,480,15.0,90,6.0,e9106e9169f451aa369a2179dcd8c7fa888f4c86fd8c55911f68fa4d444fb719,
S06_F03_c005,6,classroom,S06_F03,F03,A04,train,P02,classroom/S06_F03/S06_F03_c005.mp4,realsense_480p,640,480,15.0,88,5.867,e2eb8c87509ada38fb9983c04c11c6ac3343e0ac95942bc3cd9c0d52c4c025dd,
S06_F03_c006,6,classroom,S06_F03,F03,A04,train,P02,classroom/S06_F03/S06_F03_c006.mp4,realsense_480p,640,480,15.0,98,6.533,968f8e93614c1a07e7dbcc530f71e01d8e12e076a62c3bf2f5d2425cfb3e580d,
S06_F03_c007,6,classroom,S06_F03,F03,A04,train,P02,classroom/S06_F03/S06_F03_c007.mp4,realsense_480p,640,480,15.0,104,6.933,629e59c73820a6c700d097eeb3988a428ece38eb0a0952f220705fc8209b34b9,
S06_F03_c008,6,classroom,S06_F03,F03,A04,train,P06,classroom/S06_F03/S06_F03_c008.mp4,realsense_480p,640,480,15.0,102,6.8,773514e56404e9f89847c757e3ab4c43ae98c0c5bf2bc0262b2209f54778d266,
S06_F03_c009,6,classroom,S06_F03,F03,A04,train,P06,classroom/S06_F03/S06_F03_c009.mp4,realsense_480p,640,480,15.0,100,6.667,8e9e471a08f12ac4e3eda5aeb1f82ae071300e956c71e3e76377a4967537aacd,
S06_F03_c010,6,classroom,S06_F03,F03,A04,train,P01,classroom/S06_F03/S06_F03_c010.mp4,realsense_480p,640,480,15.0,76,5.067,be4967dc6c1d11a7e282547eeb54d0e242110b9c0a49c01a02a3bcbcd6e123dd,
S06_F03_c011,6,classroom,S06_F03,F03,A04,train,P01,classroom/S06_F03/S06_F03_c011.mp4,realsense_480p,640,480,15.0,79,5.267,bfcb3ec3a91dd6638c25e93be66f145ffcc2e83060d5a9b1ad16599bf67cc1a0,
S06_F03_c012,6,classroom,S06_F03,F03,A04,train,P02,classroom/S06_F03/S06_F03_c012.mp4,realsense_480p,640,480,15.0,78,5.2,b01b609db57106035cbcd3cf3bbce06408efcb80fbf89e6d6b2251b018ffed47,
S06_F03_c013,6,classroom,S06_F03,F03,A04,train,P01,classroom/S06_F03/S06_F03_c013.mp4,realsense_480p,640,480,15.0,81,5.4,94ae0fc17c8628b8ca273134ae531c98f9d5df6bff79f54065d7e88e58f8f9f4,
S06_F03_c014,6,classroom,S06_F03,F03,A04,train,P01,classroom/S06_F03/S06_F03_c014.mp4,realsense_480p,640,480,15.0,75,5.0,f491fffce057a3f10a4f6e1dfab6035f391d52e33e5de8e627fe86a8c4194a95,
S06_F03_c015,6,classroom,S06_F03,F03,A04,train,P06,classroom/S06_F03/S06_F03_c015.mp4,realsense_480p,640,480,15.0,76,5.067,709bb2237a0e767e2063a593038b3eeb6db226595903adf09bd4ea56cbb462d8,
S06_F03_c016,6,classroom,S06_F03,F03,A04,train,P06,classroom/S06_F03/S06_F03_c016.mp4,realsense_480p,640,480,15.0,75,5.0,1918a41c19365b4bb9b04a8454de2f647a32ab8c595c538ea337a21251104c72,
S06_F03_c017,6,classroom,S06_F03,F03,A04,train,P02,classroom/S06_F03/S06_F03_c017.mp4,realsense_480p,640,480,15.0,97,6.467,1af2d4190fa7c27964c5d6690ebe81068c672571986e7d8ec86150ea8c8c7996,
S06_F03_c018,6,classroom,S06_F03,F03,A04,train,P02,classroom/S06_F03/S06_F03_c018.mp4,realsense_480p,640,480,15.0,94,6.267,f8b52dc1375bed6d9c521298fe6a4cc267d4d9127015188d33626c1c6efff4dd,
S06_F03_c019,6,classroom,S06_F03,F03,A04,train,P02,classroom/S06_F03/S06_F03_c019.mp4,realsense_480p,640,480,15.0,88,5.867,aaa9100fbc0737fda6f516906acc2fd1a785e3d0d7d243a59e84addfdb8f160c,
S06_F03_c020,6,classroom,S06_F03,F03,A04,train,P02,classroom/S06_F03/S06_F03_c020.mp4,realsense_480p,640,480,15.0,91,6.067,6f038d41184de6168ce1f4b50994f2b166f6fb86c4b2081759b09428264f325c,
S06_F03_c021,6,classroom,S06_F03,F03,A04,train,P02,classroom/S06_F03/S06_F03_c021.mp4,realsense_480p,640,480,15.0,91,6.067,6f038d41184de6168ce1f4b50994f2b166f6fb86c4b2081759b09428264f325c,
S06_F03_c022,6,classroom,S06_F03,F03,A04,train,P06,classroom/S06_F03/S06_F03_c022.mp4,realsense_480p,640,480,15.0,94,6.267,d88754d93aab869d4edd98790967d5894656267efaf00af5a64e7c76a71c364f,
S06_F03_c023,6,classroom,S06_F03,F03,A04,train,P02,classroom/S06_F03/S06_F03_c023.mp4,realsense_480p,640,480,15.0,96,6.4,9f66de71439ba8866e2d294eb5a5326b4ffa569c4868e0f82590d78bde8f8ceb,
S06_F03_c024,6,classroom,S06_F03,F03,A04,train,P06,classroom/S06_F03/S06_F03_c024.mp4,realsense_480p,640,480,15.0,94,6.267,d88754d93aab869d4edd98790967d5894656267efaf00af5a64e7c76a71c364f,
S06_F03_c025,6,classroom,S06_F03,F03,A04,train,P06,classroom/S06_F03/S06_F03_c025.mp4,realsense_480p,640,480,15.0,96,6.4,87922e10a2a5215aec48c14cf1fba88c198cd72ecfc684a6440e9f9778284930,
S06_F03_c026,6,classroom,S06_F03,F03,A04,train,P06,classroom/S06_F03/S06_F03_c026.mp4,realsense_480p,640,480,15.0,96,6.4,87922e10a2a5215aec48c14cf1fba88c198cd72ecfc684a6440e9f9778284930,
S06_F03_c027,6,classroom,S06_F03,F03,A04,train,P01,classroom/S06_F03/S06_F03_c027.mp4,realsense_480p,640,480,15.0,80,5.333,b277ec2a249722a805569df39e36400cb5bf8d32ce06f53ac9a3a8e84ee3d12c,
S06_F03_c028,6,classroom,S06_F03,F03,A04,train,P01,classroom/S06_F03/S06_F03_c028.mp4,realsense_480p,640,480,15.0,77,5.133,94d77a15174ca625af32be005fa1dd5040b8e661d1072fdcb957ce4eaf23bd15,
S06_F03_c029,6,classroom,S06_F03,F03,A04,train,P06,classroom/S06_F03/S06_F03_c029.mp4,realsense_480p,640,480,15.0,83,5.533,31f9c1588f8a13e36a8c1f0f142795e00a3dfab3c35336e7849b1c9bfea2e160,
S06_F03_c030,6,classroom,S06_F03,F03,A04,train,P06,classroom/S06_F03/S06_F03_c030.mp4,realsense_480p,640,480,15.0,77,5.133,ee5c209431d382f676991580aa105de90b78543a4efcf47c9e4d950e1b896b1a,
S06_F03_c031,6,classroom,S06_F03,F03,A04,train,P01,classroom/S06_F03/S06_F03_c031.mp4,realsense_480p,640,480,15.0,75,5.0,981f11bae951abb9c3c00509a1865397a4e11cee4188e0f4bb12c7fc094710d4,
S06_F03_c032,6,classroom,S06_F03,F03,A04,train,P01,classroom/S06_F03/S06_F03_c032.mp4,realsense_480p,640,480,15.0,81,5.4,467bb89f5fbb65b440401de44b5927e22cff02ecd90c36d1a50303b34a14295f,
S06_F03_c033,6,classroom,S06_F03,F03,A04,train,P02,classroom/S06_F03/S06_F03_c033.mp4,realsense_480p,640,480,15.0,89,5.933,2a21ccc12568cd89384d25c8d0aa0d3c5de451b4c516b8e8a69d62db2b842312,
S06_F03_c034,6,classroom,S06_F03,F03,A04,train,P06,classroom/S06_F03/S06_F03_c034.mp4,realsense_480p,640,480,15.0,88,5.867,c2e1d66ea16d93163f1fe6368b18554e0d7ca69bbd9e4ce348d0261a3829caf8,
S06_F03_c035,6,classroom,S06_F03,F03,A04,train,P02,classroom/S06_F03/S06_F03_c035.mp4,realsense_480p,640,480,15.0,89,5.933,2a21ccc12568cd89384d25c8d0aa0d3c5de451b4c516b8e8a69d62db2b842312,
S06_F03_c036,6,classroom,S06_F03,F03,A04,train,P02,classroom/S06_F03/S06_F03_c036.mp4,realsense_480p,640,480,15.0,91,6.067,7ac521e4374dc59865b1c0a2e7460af5855616c7c5764e016f93d12585f0d887,
S06_F03_c037,6,classroom,S06_F03,F03,A04,train,P02,classroom/S06_F03/S06_F03_c037.mp4,realsense_480p,640,480,15.0,91,6.067,7ac521e4374dc59865b1c0a2e7460af5855616c7c5764e016f93d12585f0d887,
S06_F03_c038,6,classroom,S06_F03,F03,A04,train,P06,classroom/S06_F03/S06_F03_c038.mp4,realsense_480p,640,480,15.0,82,5.467,13fb6464cfb977e0dbbe569fb8874c98e45f8e828e8a39d441cb2a7393103ad0,
S06_F03_c039,6,classroom,S06_F03,F03,A04,train,P06,classroom/S06_F03/S06_F03_c039.mp4,realsense_480p,640,480,15.0,96,6.4,880e7112402c258863e01cdfddbb600a0464a4cce01800c64087d23fa426261e,
S06_F03_c040,6,classroom,S06_F03,F03,A04,train,P02,classroom/S06_F03/S06_F03_c040.mp4,realsense_480p,640,480,15.0,93,6.2,e8f8b92895036e25004bd21ac01ac7c0f2d2fc0b6aa9f2f3d9c9cc8da8f15a88,
S06_F03_c041,6,classroom,S06_F03,F03,A04,train,P02,classroom/S06_F03/S06_F03_c041.mp4,realsense_480p,640,480,15.0,97,6.467,2a8c8f6c10d3c4a7ee4922d0adf2c3091efca9ffc4ff89eca76b7209b76464d6,
S06_F03_c042,6,classroom,S06_F03,F03,A04,train,P01,classroom/S06_F03/S06_F03_c042.mp4,realsense_480p,640,480,15.0,78,5.2,d53720d126f530703cde21dd58c0e455f94f4b880f8c999d0bc57f0fd24a4d32,
S06_F03_c043,6,classroom,S06_F03,F03,A04,train,P01,classroom/S06_F03/S06_F03_c043.mp4,realsense_480p,640,480,15.0,79,5.267,6bff235ec899b33847704254dc441b721efa2961185d8b3bde36ba57c5c1629d,
S06_F03_c044,6,classroom,S06_F03,F03,A04,train,P06,classroom/S06_F03/S06_F03_c044.mp4,realsense_480p,640,480,15.0,81,5.4,ddf45f76149ba55c7bb2efb61f414bc2937f21b427b0869550c70a995c9626cf,
S06_F03_c045,6,classroom,S06_F03,F03,A04,train,P06,classroom/S06_F03/S06_F03_c045.mp4,realsense_480p,640,480,15.0,88,5.867,9f471016cfe91fa8a75c4a714b90ee1c211f1a54509eb44544efacbe740089f6,
S06_F03_c046,6,classroom,S06_F03,F03,A04,train,P06,classroom/S06_F03/S06_F03_c046.mp4,realsense_480p,640,480,15.0,79,5.267,4192e8a9367329f0dc8221457bafa0c294d005146d9ff238c6c8164fc4482987,
S06_F03_c047,6,classroom,S06_F03,F03,A04,train,P01,classroom/S06_F03/S06_F03_c047.mp4,realsense_480p,640,480,15.0,88,5.867,c6ffc633bf9c02a50f4f20506cdf57f66a2690dc3c84e92921d347a543d1a8f1,
S06_F03_c048,6,classroom,S06_F03,F03,A04,train,P01,classroom/S06_F03/S06_F03_c048.mp4,realsense_480p,640,480,15.0,85,5.667,62cae16a6e1e887cb273df259a9308a332a170647134b0fda53d0dabf71a3169,
S06_F03_c049,6,classroom,S06_F03,F03,A04,train,P02,classroom/S06_F03/S06_F03_c049.mp4,realsense_480p,640,480,15.0,84,5.6,dac9be2fdcc674be2ab3de97a859649f65a10285b46f2eca644503ed10a33548,
S06_F03_c050,6,classroom,S06_F03,F03,A04,train,P02,classroom/S06_F03/S06_F03_c050.mp4,realsense_480p,640,480,15.0,91,6.067,9a6362418dfbb2e9caee203c518763b29ae84b055c35964494e010018f45f48e,
S06_F03_c051,6,classroom,S06_F03,F03,A04,train,P02,classroom/S06_F03/S06_F03_c051.mp4,realsense_480p,640,480,15.0,90,6.0,d86db0d245dd0ac8fcf707044475b2f0ba052b9bbdd6ae8799b7306ce22ceb02,
S06_F03_c052,6,classroom,S06_F03,F03,A04,train,P02,classroom/S06_F03/S06_F03_c052.mp4,realsense_480p,640,480,15.0,83,5.533,cba7c2f3d3c517032191c28f81cc443f77334a965bb1c12175b954532ea9a9d8,
S06_F03_c053,6,classroom,S06_F03,F03,A04,train,P06,classroom/S06_F03/S06_F03_c053.mp4,realsense_480p,640,480,15.0,86,5.733,ad05d196aefb22f9e9e940e2154460bf3b82a833e3342810355c9bcb3ad99bb8,
S06_F03_c054,6,classroom,S06_F03,F03,A04,train,P06,classroom/S06_F03/S06_F03_c054.mp4,realsense_480p,640,480,15.0,99,6.6,08c654eb706bbb1918c00bb421fe7a11a8686060e1f588197231de3780bdb882,
S06_F03_c055,6,classroom,S06_F03,F03,A04,train,P01,classroom/S06_F03/S06_F03_c055.mp4,realsense_480p,640,480,15.0,76,5.067,6784f4e6bc0d151ae1363ec957c24be4ceeff17ef687acde1cfc71452ff33cc4,
S06_F03_c056,6,classroom,S06_F03,F03,A04,train,P01,classroom/S06_F03/S06_F03_c056.mp4,realsense_480p,640,480,15.0,77,5.133,8c9895ad57c25aeef3f41c71f47ab3c28e4a2489734ba21977ecc3be9013c2bf,
S06_F03_c057,6,classroom,S06_F03,F03,A04,train,P01,classroom/S06_F03/S06_F03_c057.mp4,realsense_480p,640,480,15.0,79,5.267,2bc8024d734ad45b2233020c2beb5cffff1bd867e18c2e634b56d08b52d454c6,
S06_F03_c058,6,classroom,S06_F03,F03,A04,train,P01,classroom/S06_F03/S06_F03_c058.mp4,realsense_480p,640,480,15.0,84,5.6,041d9937f90163396a3bba56b25a2feb3d8b90f07a58bccd72eb26de8fa3d120,
S06_F03_c059,6,classroom,S06_F03,F03,A04,train,P01,classroom/S06_F03/S06_F03_c059.mp4,realsense_480p,640,480,15.0,72,4.8,0e7309222e10f84d338ccd6f864a4489664ba721d4f67393360a0055be9a7d34,
S07_F04_c001,7,classroom,S07_F04,F04,A05,train,P01,classroom/S07_F04/S07_F04_c001.mp4,realsense_480p,640,480,15.0,74,4.933,8e47169f2cec492fd7c69d33e4958dd15df02de2bcf5094e36d1f04c22e6c57f,
S07_F04_c002,7,classroom,S07_F04,F04,A05,train,P04,classroom/S07_F04/S07_F04_c002.mp4,realsense_480p,640,480,15.0,83,5.533,62d43341e0a491c61ae54173e961b04d243eb7fa06b3bb6b51d4b62498bf5edb,
S07_F04_c003,7,classroom,S07_F04,F04,A05,train,P01,classroom/S07_F04/S07_F04_c003.mp4,realsense_480p,640,480,15.0,76,5.067,b8a3c3b73572a36423b2b5850cab94c6809a97f856f1b6b230516d276a98d155,
S07_F04_c004,7,classroom,S07_F04,F04,A05,train,P01,classroom/S07_F04/S07_F04_c004.mp4,realsense_480p,640,480,15.0,79,5.267,993658ea119d3f8c1de9db4c4dd519bb2f6d9e68fdb2c4c3ef1e3c65fec6ae31,
S07_F04_c005,7,classroom,S07_F04,F04,A05,train,P06,classroom/S07_F04/S07_F04_c005.mp4,realsense_480p,640,480,15.0,83,5.533,183ae8fa3969fe40be1c5ae7c185f214384968a75b19eaaf0604611247a4eff1,
S07_F04_c006,7,classroom,S07_F04,F04,A05,train,P06,classroom/S07_F04/S07_F04_c006.mp4,realsense_480p,640,480,15.0,91,6.067,08ddf59d6484fab28d7790863634f0eef670ed262bdf6ca01d55d11323edb744,
S07_F04_c007,7,classroom,S07_F04,F04,A05,train,P02,classroom/S07_F04/S07_F04_c007.mp4,realsense_480p,640,480,15.0,76,5.067,c9cac22e619a6df9c1b8eb5919d9a2f7f95d0574acf14a65159f708e7098c4e1,
S07_F04_c008,7,classroom,S07_F04,F04,A05,train,P02,classroom/S07_F04/S07_F04_c008.mp4,realsense_480p,640,480,15.0,100,6.667,dab9b2ec88d63c9b49306f0bb99e28933e6a539512c82ac7ee3e3d77d635a720,
S07_F04_c009,7,classroom,S07_F04,F04,A05,train,P02,classroom/S07_F04/S07_F04_c009.mp4,realsense_480p,640,480,15.0,86,5.733,52a7e3ff6f2b63c7ca899cbb5d6ed29858913d2449af25ddfb295332353d2517,
S07_F04_c010,7,classroom,S07_F04,F04,A05,train,P02,classroom/S07_F04/S07_F04_c010.mp4,realsense_480p,640,480,15.0,98,6.533,ae55bcd81eb9d87a89869627ee2b9e95f075346dce61fede215f3c10d8a8c66d,
S07_F04_c011,7,classroom,S07_F04,F04,A05,train,P06,classroom/S07_F04/S07_F04_c011.mp4,realsense_480p,640,480,15.0,94,6.267,c83b254d2c2da8a3d29f5b96e0c7c0c256884893826071163c3c6d0f53fd7a09,
S07_F04_c012,7,classroom,S07_F04,F04,A05,train,P01,classroom/S07_F04/S07_F04_c012.mp4,realsense_480p,640,480,15.0,69,4.6,00923d337fe11ceb5d4c510f3218d29a692467e4e94f69ee8e5bbb722b9a4006,
S07_F04_c013,7,classroom,S07_F04,F04,A05,train,P06,classroom/S07_F04/S07_F04_c013.mp4,realsense_480p,640,480,15.0,97,6.467,7eacf1d03f6fceb4a0e25274debe38d0d6d240215961afaf4d989cf0e1393a15,
S07_F04_c014,7,classroom,S07_F04,F04,A05,train,P04,classroom/S07_F04/S07_F04_c014.mp4,realsense_480p,640,480,15.0,94,6.267,6217d89d78f74b44b384773e704c7aea77fd348d3a31477ba6bb1008d5238f66,
S07_F04_c015,7,classroom,S07_F04,F04,A05,train,P04,classroom/S07_F04/S07_F04_c015.mp4,realsense_480p,640,480,15.0,74,4.933,846e14f0e251583b3584edb7a67211a8dc0d466aef6d2c426a31d55d8293d023,
S07_F04_c016,7,classroom,S07_F04,F04,A05,train,P01,classroom/S07_F04/S07_F04_c016.mp4,realsense_480p,640,480,15.0,77,5.133,e2f4548de1a28f11d9afb8060fc13d156a18e31c8406517ace3fd104f7b9aa35,
S07_F04_c017,7,classroom,S07_F04,F04,A05,train,P01,classroom/S07_F04/S07_F04_c017.mp4,realsense_480p,640,480,15.0,76,5.067,a5ad6436c386cbe85b9ec3f8142c1ba4d3a016e7b45a31a890bda0d060bd1e15,
S07_F04_c018,7,classroom,S07_F04,F04,A05,train,P01,classroom/S07_F04/S07_F04_c018.mp4,realsense_480p,640,480,15.0,78,5.2,8c913f96796c2ac0e93890a940d69d5bfef322c6287c74d6ee96a2b0227e1b23,
S07_F04_c019,7,classroom,S07_F04,F04,A05,train,P01,classroom/S07_F04/S07_F04_c019.mp4,realsense_480p,640,480,15.0,78,5.2,f6525ceb4a498b41445680e40bab47e6072ad612008484380d457893351c9295,
S07_F04_c020,7,classroom,S07_F04,F04,A05,train,P02,classroom/S07_F04/S07_F04_c020.mp4,realsense_480p,640,480,15.0,76,5.067,d98cc606b536c6864398e7e2a584b2e10150c4e1fb5a335bcf5a5895ae454683,
S07_F04_c021,7,classroom,S07_F04,F04,A05,train,P02,classroom/S07_F04/S07_F04_c021.mp4,realsense_480p,640,480,15.0,74,4.933,9ad85cf291414561a495d2f8bf505c59b7a9d7f3cff4a75f0d08bcb623f706fd,
S07_F04_c022,7,classroom,S07_F04,F04,A05,train,P06,classroom/S07_F04/S07_F04_c022.mp4,realsense_480p,640,480,15.0,74,4.933,9402d6706b93a3411a16f2020562bfe2299f5c6960f86bcfd20f641b401bb482,
S07_F04_c023,7,classroom,S07_F04,F04,A05,train,P02,classroom/S07_F04/S07_F04_c023.mp4,realsense_480p,640,480,15.0,68,4.533,7041d9b340b64c1cdb4b3eca24996187a6633daed682c062d0b1d5b8d55390b8,
S07_F04_c024,7,classroom,S07_F04,F04,A05,train,P06,classroom/S07_F04/S07_F04_c024.mp4,realsense_480p,640,480,15.0,90,6.0,45dc0b25980f0c1e14f17b4b65715c6d078b259b8b5a2864d19c0e16667620d2,
S07_F04_c025,7,classroom,S07_F04,F04,A05,train,P04,classroom/S07_F04/S07_F04_c025.mp4,realsense_480p,640,480,15.0,95,6.333,528a26f5363e769e4de0de447b3907a1a984b5798f3e14d7f61e5acdb0c70b2a,
S07_F04_c026,7,classroom,S07_F04,F04,A05,train,P04,classroom/S07_F04/S07_F04_c026.mp4,realsense_480p,640,480,15.0,86,5.733,4ac3c1d424dc9f51feebd6562f8e845e9ee3ac652e27b3803e94385782bf795a,
S07_F04_c027,7,classroom,S07_F04,F04,A05,train,P04,classroom/S07_F04/S07_F04_c027.mp4,realsense_480p,640,480,15.0,83,5.533,b8095ca29c61e945eac9dccc9b734805d7655bf6323e4bde8517b329ece390e3,
S07_F04_c028,7,classroom,S07_F04,F04,A05,train,P04,classroom/S07_F04/S07_F04_c028.mp4,realsense_480p,640,480,15.0,77,5.133,8d8f01a95d37db0aec04e5d0462b14eedac914f3170541a1f56f347c1f2decf6,
S07_F04_c029,7,classroom,S07_F04,F04,A05,train,P02,classroom/S07_F04/S07_F04_c029.mp4,realsense_480p,640,480,15.0,92,6.133,299e190bcede424f26848e03ac34c4bdba47008081a4f9b484f82b8d42370fcc,
S07_F04_c030,7,classroom,S07_F04,F04,A05,train,P02,classroom/S07_F04/S07_F04_c030.mp4,realsense_480p,640,480,15.0,85,5.667,f684170216fa5525ac25d81de9fc8257c579b6a5b4bec6248dcd0b1eae1b2635,
S07_F04_c031,7,classroom,S07_F04,F04,A05,train,P06,classroom/S07_F04/S07_F04_c031.mp4,realsense_480p,640,480,15.0,94,6.267,60a0d82343c522f3709a25c55afbd90325e3e5f87bac1b7a361634cf473a8474,
S07_F04_c032,7,classroom,S07_F04,F04,A05,train,P06,classroom/S07_F04/S07_F04_c032.mp4,realsense_480p,640,480,15.0,95,6.333,1899f6cdbff22faccf4613e2c6ae36233250535b50c37d5cea640a39a02046cb,
S07_F04_c033,7,classroom,S07_F04,F04,A05,train,P01,classroom/S07_F04/S07_F04_c033.mp4,realsense_480p,640,480,15.0,78,5.2,7c64e85cde2bb8f7527196b7600441c58dcf72479a129bd33f4b49061e272bb6,
S07_F04_c034,7,classroom,S07_F04,F04,A05,train,P02,classroom/S07_F04/S07_F04_c034.mp4,realsense_480p,640,480,15.0,61,4.067,005794b99cb608536909f8d626422fd8523a67e9ddab145b1571778f35723641,
S07_F04_c035,7,classroom,S07_F04,F04,A05,train,P01,classroom/S07_F04/S07_F04_c035.mp4,realsense_480p,640,480,15.0,107,7.133,b930f28fef486f1d56fd3efb8271baa511da74f9ddc203e7a0b1c6707effbbb7,
S07_F04_c036,7,classroom,S07_F04,F04,A05,train,P01,classroom/S07_F04/S07_F04_c036.mp4,realsense_480p,640,480,15.0,75,5.0,9dfe434343262ab2bc21a2a10dd0d8947e76c789dc9a0284019d55ef87c18179,
S07_F04_c037,7,classroom,S07_F04,F04,A05,train,P01,classroom/S07_F04/S07_F04_c037.mp4,realsense_480p,640,480,15.0,76,5.067,3b9f7e02c5738eea512c93c34a216ca9cbb44256e5ed68fb8b01ffc66965f1f6,
S07_F04_c038,7,classroom,S07_F04,F04,A05,train,P06,classroom/S07_F04/S07_F04_c038.mp4,realsense_480p,640,480,15.0,83,5.533,e74178fcb5a4a2ad76829345b5997bfa1a096df6c7d868347357483ed97e41ca,
S07_F04_c039,7,classroom,S07_F04,F04,A05,train,P06,classroom/S07_F04/S07_F04_c039.mp4,realsense_480p,640,480,15.0,75,5.0,0c306485a4883c534975a57f4f8f2da37678592bd6924d53fa6e7f712cca07e6,
S07_F04_c040,7,classroom,S07_F04,F04,A05,train,P04,classroom/S07_F04/S07_F04_c040.mp4,realsense_480p,640,480,15.0,75,5.0,419dc48e1839c04da84bb80b45e717bb7dac2efdc92f43318933b461510acc08,
S07_F04_c041,7,classroom,S07_F04,F04,A05,train,P04,classroom/S07_F04/S07_F04_c041.mp4,realsense_480p,640,480,15.0,78,5.2,27fdf58c258b868032a5a53d01ceb1beb6cdb05428bfac8056914ee8f35f682a,
S07_F04_c042,7,classroom,S07_F04,F04,A05,train,P02,classroom/S07_F04/S07_F04_c042.mp4,realsense_480p,640,480,15.0,91,6.067,fd22c903f3b07d266f9a5bc9e45d077732d0ef943d02adfe0a2ddf39ccbfccdd,
S07_F04_c043,7,classroom,S07_F04,F04,A05,train,P02,classroom/S07_F04/S07_F04_c043.mp4,realsense_480p,640,480,15.0,92,6.133,9643d9489ff7e9c9401f9030b86475a4d0af9e9fab6fa6dcc9b849a8493f4908,
S07_F04_c044,7,classroom,S07_F04,F04,A05,train,P04,classroom/S07_F04/S07_F04_c044.mp4,realsense_480p,640,480,15.0,104,6.933,dc01fc99e45681f466e0d194d7b8a0ad6422adcd547942e587bd95a0384523ea,
S07_F04_c045,7,classroom,S07_F04,F04,A05,train,P06,classroom/S07_F04/S07_F04_c045.mp4,realsense_480p,640,480,15.0,72,4.8,cb3e28700e5851b417c130709b014a44ee4073c5da6d02ac9bbea3804544aa88,
S07_F04_c046,7,classroom,S07_F04,F04,A05,train,P04,classroom/S07_F04/S07_F04_c046.mp4,realsense_480p,640,480,15.0,136,9.067,32302d72e5c05a5c3813dad24cc25c79310dbc5bad18d19b48455af6eaaefa4f,
S07_F04_c047,7,classroom,S07_F04,F04,A05,train,P04,classroom/S07_F04/S07_F04_c047.mp4,realsense_480p,640,480,15.0,118,7.867,af6fff2480dbbc6c6541cd57cfbe39b9caedede34e8b9b43fb92b1e25bec7761,
S07_F04_c048,7,classroom,S07_F04,F04,A05,train,P01,classroom/S07_F04/S07_F04_c048.mp4,realsense_480p,640,480,15.0,90,6.0,18035523dac6d650d72fad481031e1acc99d8523965cde6046ff0c8187afd97f,
S07_F04_c049,7,classroom,S07_F04,F04,A05,train,P01,classroom/S07_F04/S07_F04_c049.mp4,realsense_480p,640,480,15.0,124,8.267,a5d2538b4b624c1d672416831254d8aff02f5f97d06dde68dba0fdcaa124cb2f,
S07_F04_c050,7,classroom,S07_F04,F04,A05,train,P01,classroom/S07_F04/S07_F04_c050.mp4,realsense_480p,640,480,15.0,89,5.933,ae20aa7b4b0d18228eed842dae432bc9a6110a70046d3d831d152fa3f613b5cd,
S07_F04_c051,7,classroom,S07_F04,F04,A05,train,P06,classroom/S07_F04/S07_F04_c051.mp4,realsense_480p,640,480,15.0,108,7.2,6352b7e46aa33d4971426bdb7f0fdf143c9b6a447ed33197210561ed023d7eb5,
S07_F04_c052,7,classroom,S07_F04,F04,A05,train,P06,classroom/S07_F04/S07_F04_c052.mp4,realsense_480p,640,480,15.0,66,4.4,2f74e606c86ea02297629fa3e87284c427965324f0724f5ac3ef8a71bd9a3770,
S07_F04_c053,7,classroom,S07_F04,F04,A05,train,P06,classroom/S07_F04/S07_F04_c053.mp4,realsense_480p,640,480,15.0,78,5.2,b09ba8b452ce456a632aad8ccd67ea5c07b072eb4d4b875dd2532adf452b0eb8,
S07_F04_c054,7,classroom,S07_F04,F04,A05,train,P02,classroom/S07_F04/S07_F04_c054.mp4,realsense_480p,640,480,15.0,99,6.6,50a3ce3f6646a1e878d344383242be8ace735fcdec35762c9e216ce338f7dcca,
S07_F04_c055,7,classroom,S07_F04,F04,A05,train,P02,classroom/S07_F04/S07_F04_c055.mp4,realsense_480p,640,480,15.0,103,6.867,5f31557bdc2e4fab1e6a0274e49b06c566e79a10349e4463b4fbe25cb45f3ef0,
S07_F04_c056,7,classroom,S07_F04,F04,A05,train,P06,classroom/S07_F04/S07_F04_c056.mp4,realsense_480p,640,480,15.0,73,4.867,30a27fc2e2aa55559bb7c5e6564ba8cdf9b820adae76210a2a51165c73668837,
S07_F04_c057,7,classroom,S07_F04,F04,A05,train,P02,classroom/S07_F04/S07_F04_c057.mp4,realsense_480p,640,480,15.0,121,8.067,1050f59af7d8360da09524dd267ac2ce223f12daa8b31efafd441788bf5b2981,
S07_F04_c058,7,classroom,S07_F04,F04,A05,train,P04,classroom/S07_F04/S07_F04_c058.mp4,realsense_480p,640,480,15.0,84,5.6,b89e4ffc40c6a7984d9d995619e0b39ac5ad9b930a1ab807da1dfb74cf4bf6f4,
S07_F04_c059,7,classroom,S07_F04,F04,A05,train,P04,classroom/S07_F04/S07_F04_c059.mp4,realsense_480p,640,480,15.0,85,5.667,f62c4c688d94b08960d8ada376e11fe698213d68d30536d138226457380beb4c,
S07_F04_c060,7,classroom,S07_F04,F04,A05,train,P04,classroom/S07_F04/S07_F04_c060.mp4,realsense_480p,640,480,15.0,89,5.933,ed875a9634111940221a40fef7f3efe6b3af9cd71e5159055bd61de4df0de61e,
S07_F04_c061,7,classroom,S07_F04,F04,A05,train,P01,classroom/S07_F04/S07_F04_c061.mp4,realsense_480p,640,480,15.0,96,6.4,8e938d66ed13cbd6d72f72bdeaa0c3edaad17b1caf9ffea8ac10ff749b5bfe21,
S07_F04_c062,7,classroom,S07_F04,F04,A05,train,P01,classroom/S07_F04/S07_F04_c062.mp4,realsense_480p,640,480,15.0,90,6.0,49a35fc9d89f2babdf10b5a571a109cf750c6d7daa7e67a9ce66a0bae3e17150,
S07_F04_c063,7,classroom,S07_F04,F04,A05,train,P01,classroom/S07_F04/S07_F04_c063.mp4,realsense_480p,640,480,15.0,99,6.6,a6da31f6bd896acef559e45cc894ae57eaede9bf97b13e675f43f99c0269c110,
S07_F04_c064,7,classroom,S07_F04,F04,A05,train,P06,classroom/S07_F04/S07_F04_c064.mp4,realsense_480p,640,480,15.0,86,5.733,62e456a2d6baf3d85273a3199294452a665b6383240cd66ee21c1cc6b22b7817,
S07_F04_c065,7,classroom,S07_F04,F04,A05,train,P06,classroom/S07_F04/S07_F04_c065.mp4,realsense_480p,640,480,15.0,103,6.867,e3b89977ac74777af3ae7cbb5a6905fe0b5fd7b00ace5884428f2800f9663e71,
S07_F04_c066,7,classroom,S07_F04,F04,A05,train,P06,classroom/S07_F04/S07_F04_c066.mp4,realsense_480p,640,480,15.0,72,4.8,8f029b6e491a8cf9fa13b03ca00c9043070eb36885a81645f1abddbb400edfc2,
S07_F04_c067,7,classroom,S07_F04,F04,A05,train,P04,classroom/S07_F04/S07_F04_c067.mp4,realsense_480p,640,480,15.0,81,5.4,86011040cbf075c19b5aff0972eae843c3e9dec9b7f9c7de2c57851492e83865,
S07_F04_c068,7,classroom,S07_F04,F04,A05,train,P02,classroom/S07_F04/S07_F04_c068.mp4,realsense_480p,640,480,15.0,81,5.4,d7af9c256f6cc3ac08dc4c1245ec140dea0313e7202ce58d49fdd970b9cdbf26,
S07_F04_c069,7,classroom,S07_F04,F04,A05,train,P04,classroom/S07_F04/S07_F04_c069.mp4,realsense_480p,640,480,15.0,81,5.4,8f84637c87341c35702a67220e03fa84e0a1c489d3071e783691d2d82f5a7b79,
S07_F04_c070,7,classroom,S07_F04,F04,A05,train,P04,classroom/S07_F04/S07_F04_c070.mp4,realsense_480p,640,480,15.0,76,5.067,f8af1480b88a4d878a57ac1ce4004640e7c45388d18b04e3653dfd4466f3947b,
S08_F04_c001,8,classroom,S08_F04,F04,A05,train,P06,classroom/S08_F04/S08_F04_c001.mp4,realsense_480p,640,480,15.0,87,5.8,c3161480817974fe70f49b5ff9e1101d52eb401e5f33f53cf9abccd2bf690d20,
S08_F04_c002,8,classroom,S08_F04,F04,A05,train,P02,classroom/S08_F04/S08_F04_c002.mp4,realsense_480p,640,480,15.0,86,5.733,43998c9943bdf106ba7f1ee6b2eb2c1b5bb9f4f266246fd4832bd58d23f04ab7,
S08_F04_c003,8,classroom,S08_F04,F04,A05,train,P02,classroom/S08_F04/S08_F04_c003.mp4,realsense_480p,640,480,15.0,89,5.933,86da4dda63ceb06c8f9b8e8d6fcec0771386b20d92c92b6d8c19dffd497a7e13,
S08_F04_c004,8,classroom,S08_F04,F04,A05,train,P02,classroom/S08_F04/S08_F04_c004.mp4,realsense_480p,640,480,15.0,88,5.867,62b22ac92f2418eb0a70b55ef89838ef03799ec90cc60666bfc36199687a7cd8,
S08_F04_c005,8,classroom,S08_F04,F04,A05,train,P01,classroom/S08_F04/S08_F04_c005.mp4,realsense_480p,640,480,15.0,86,5.733,781c97684838311591f119bfdb54e5afbecf3183bbcc4627fcbc92a695e29a6e,
S08_F04_c006,8,classroom,S08_F04,F04,A05,train,P01,classroom/S08_F04/S08_F04_c006.mp4,realsense_480p,640,480,15.0,80,5.333,1b315a428381c90f7d7c8e720a205f00d039d56d2638b2685c4e7d82544ae5a6,
S08_F04_c007,8,classroom,S08_F04,F04,A05,train,P01,classroom/S08_F04/S08_F04_c007.mp4,realsense_480p,640,480,15.0,80,5.333,456758c8ce9e44768c08f0e2e2e2346a5e2150de342c547eba5b5adabc9141be,
S08_F04_c008,8,classroom,S08_F04,F04,A05,train,P01,classroom/S08_F04/S08_F04_c008.mp4,realsense_480p,640,480,15.0,78,5.2,9ac1061631a8fbb7ccd51a6439d63e69a87b22337ae350a85e3dd8339db56038,
S08_F04_c009,8,classroom,S08_F04,F04,A05,train,P01,classroom/S08_F04/S08_F04_c009.mp4,realsense_480p,640,480,15.0,75,5.0,76cacdf9766c07e609df5a1c939de53694bc960e1bd16d66ebfb0ebe6ce6836b,
S08_F04_c010,8,classroom,S08_F04,F04,A05,train,P01,classroom/S08_F04/S08_F04_c010.mp4,realsense_480p,640,480,15.0,75,5.0,e39d83e16a3ed9368701b1fa928e78b87be8e7af85f4aa64b0a706fbe2ec3e54,
S08_F04_c011,8,classroom,S08_F04,F04,A05,train,P02,classroom/S08_F04/S08_F04_c011.mp4,realsense_480p,640,480,15.0,82,5.467,53843d12e433e4632363ef0f19cbc19ff4e3530421208b1e7d687a5ae7c294d8,
S08_F04_c012,8,classroom,S08_F04,F04,A05,train,P06,classroom/S08_F04/S08_F04_c012.mp4,realsense_480p,640,480,15.0,93,6.2,c2fb00981027c11f9a5e7e937be6b8641f4d112103f2f2a39b4cf38c0dff3dda,
S08_F04_c013,8,classroom,S08_F04,F04,A05,train,P02,classroom/S08_F04/S08_F04_c013.mp4,realsense_480p,640,480,15.0,90,6.0,1b28e4407c90a989f5d645f2928685e76366594711acf0cc71b2f6cfbf9834fc,
S08_F04_c014,8,classroom,S08_F04,F04,A05,train,P02,classroom/S08_F04/S08_F04_c014.mp4,realsense_480p,640,480,15.0,93,6.2,041e5c8541b1440f61e9b245b8e6fa3b1c845a79ae6ffa79b3a73f31be299b29,
S08_F04_c015,8,classroom,S08_F04,F04,A05,train,P02,classroom/S08_F04/S08_F04_c015.mp4,realsense_480p,640,480,15.0,110,7.333,375e3648eb7f4d5373232dac486474d63da62e0bf7ffde770585a9f3246b00a5,
S08_F04_c016,8,classroom,S08_F04,F04,A05,train,P01,classroom/S08_F04/S08_F04_c016.mp4,realsense_480p,640,480,15.0,77,5.133,a0c87c1a25d1fc76e519d453a501b681c9d56e12623e6ed89c42f396e5fa6f75,
S08_F04_c017,8,classroom,S08_F04,F04,A05,train,P01,classroom/S08_F04/S08_F04_c017.mp4,realsense_480p,640,480,15.0,76,5.067,ca067b02e219ff040c8b6a1e43aa62860fb248e2e0294caa6f6fcbf7a471fde4,
S08_F04_c018,8,classroom,S08_F04,F04,A05,train,P01,classroom/S08_F04/S08_F04_c018.mp4,realsense_480p,640,480,15.0,80,5.333,3160b7a7eae46910e89ddbd9ed6f16c1a17129af82ed206a7115e6f4dca56009,
S08_F04_c019,8,classroom,S08_F04,F04,A05,train,P06,classroom/S08_F04/S08_F04_c019.mp4,realsense_480p,640,480,15.0,81,5.4,dadfe1844660e73584cdccd9891a125a9902fe7e8ad3534f2dad17217a4a479d,
S08_F04_c020,8,classroom,S08_F04,F04,A05,train,P06,classroom/S08_F04/S08_F04_c020.mp4,realsense_480p,640,480,15.0,78,5.2,dc1a9999c744e94535dcff42a2ed03e54f00c3ee4f76d99a6f5caa0b38723850,
S08_F04_c021,8,classroom,S08_F04,F04,A05,train,P06,classroom/S08_F04/S08_F04_c021.mp4,realsense_480p,640,480,15.0,82,5.467,706c16a75851c69be8e500ff72dd900a6f18226441d5276a6935fd9cf2ba5ee5,
S08_F04_c022,8,classroom,S08_F04,F04,A05,train,P06,classroom/S08_F04/S08_F04_c022.mp4,realsense_480p,640,480,15.0,80,5.333,6b307d6023822f9f5ba2c4e0722ab510fe4536da6cce8b3254edd0115e880c5b,
S08_F04_c023,8,classroom,S08_F04,F04,A05,train,P06,classroom/S08_F04/S08_F04_c023.mp4,realsense_480p,640,480,15.0,71,4.733,f815711cbff55100e877a85283c1600bafa22d75f72244b9b7802ce5ed810c4d,
S08_F04_c024,8,classroom,S08_F04,F04,A05,train,P01,classroom/S08_F04/S08_F04_c024.mp4,realsense_480p,640,480,15.0,76,5.067,2322cc7c9765e02538a5924bd219d23d8aa173f0903bfc02bc2dce5dc7c75040,
S08_F04_c025,8,classroom,S08_F04,F04,A05,train,P01,classroom/S08_F04/S08_F04_c025.mp4,realsense_480p,640,480,15.0,86,5.733,11b00496a1f61794e65c0b3bbecc416413b7ae06b6b70a10c8a30978c1e06222,
S08_F04_c026,8,classroom,S08_F04,F04,A05,train,P01,classroom/S08_F04/S08_F04_c026.mp4,realsense_480p,640,480,15.0,81,5.4,ab88fcec301087dbbe8db0a6c7249ae36a558319f3254f7c93d6b8061aa91ea3,
S08_F04_c027,8,classroom,S08_F04,F04,A05,train,P01,classroom/S08_F04/S08_F04_c027.mp4,realsense_480p,640,480,15.0,90,6.0,539ba4392f934a76b2f586997ab8dc0cb34e48c476b1ce16a05300c85c9801ed,
S08_F04_c028,8,classroom,S08_F04,F04,A05,train,P06,classroom/S08_F04/S08_F04_c028.mp4,realsense_480p,640,480,15.0,82,5.467,2e4dc20f9e03386fb6796517a19825d7c814fdd707e96a3d6f256df8655405fd,
S08_F04_c029,8,classroom,S08_F04,F04,A05,train,P06,classroom/S08_F04/S08_F04_c029.mp4,realsense_480p,640,480,15.0,78,5.2,5a32c05880f40bdc9450d4e36860a308dccfba721dbb0d58ccdd76da5cb4952e,
S08_F04_c030,8,classroom,S08_F04,F04,A05,train,P02,classroom/S08_F04/S08_F04_c030.mp4,realsense_480p,640,480,15.0,92,6.133,e49198eb39582586719fb63da6641e3d4cd3c252641521caf9c7631905938aa3,
S08_F04_c031,8,classroom,S08_F04,F04,A05,train,P02,classroom/S08_F04/S08_F04_c031.mp4,realsense_480p,640,480,15.0,95,6.333,0a203e96c8893f90e90f5f6bf6e62a335da0e5bcf995d874fce981a73bc205ec,
S08_F04_c032,8,classroom,S08_F04,F04,A05,train,P02,classroom/S08_F04/S08_F04_c032.mp4,realsense_480p,640,480,15.0,105,7.0,fe158455e2ef6ea9c82d43410b6714d8522f07e2d5e2a23b8da419c4ca625dea,
S08_F04_c033,8,classroom,S08_F04,F04,A05,train,P02,classroom/S08_F04/S08_F04_c033.mp4,realsense_480p,640,480,15.0,88,5.867,f9a542a1cbf33e5f5d6e72eb547654efcb00b9f455773c8b7f366a46c751d173,
S08_F04_c034,8,classroom,S08_F04,F04,A05,train,P06,classroom/S08_F04/S08_F04_c034.mp4,realsense_480p,640,480,15.0,78,5.2,b6d218a6225b27ccb89828ef41b5aa4916b1f03aa3fb190720050a5367f2ba24,
S08_F04_c035,8,classroom,S08_F04,F04,A05,train,P06,classroom/S08_F04/S08_F04_c035.mp4,realsense_480p,640,480,15.0,85,5.667,28ab329419050164817faa1782f5263809a5c2152eb211815e50eaaf5ba94642,
S08_F04_c036,8,classroom,S08_F04,F04,A05,train,P06,classroom/S08_F04/S08_F04_c036.mp4,realsense_480p,640,480,15.0,97,6.467,51a9f6238027fa5ab16149de043271b2d4c8ab0663dd032816507081226dbd33,
S08_F04_c037,8,classroom,S08_F04,F04,A05,train,P01,classroom/S08_F04/S08_F04_c037.mp4,realsense_480p,640,480,15.0,80,5.333,2ec4b3b484808d116f266a6b8365c1ff6eac111c7e4ef6c5916f0aa4f675b3aa,
S08_F04_c038,8,classroom,S08_F04,F04,A05,train,P01,classroom/S08_F04/S08_F04_c038.mp4,realsense_480p,640,480,15.0,64,4.267,acc4f6d284436da79b5a5331fc67e13eb93965d71197b7b6c5a529aa631bae1a,
S08_F04_c039,8,classroom,S08_F04,F04,A05,train,P01,classroom/S08_F04/S08_F04_c039.mp4,realsense_480p,640,480,15.0,76,5.067,d02f99d85065cab0dfbe3b2f6dc2f5064497f233714624fabb075b0aed636ea4,
S08_F04_c040,8,classroom,S08_F04,F04,A05,train,P01,classroom/S08_F04/S08_F04_c040.mp4,realsense_480p,640,480,15.0,76,5.067,361ed7445764c170a6a18e5af8e60d589850aacaad8944f228cef5aa8e8192b2,
S08_F04_c041,8,classroom,S08_F04,F04,A05,train,P06,classroom/S08_F04/S08_F04_c041.mp4,realsense_480p,640,480,15.0,82,5.467,a89797f23b3d0878101e20545860a009bcc9df96d82a58cb6f38175e9abdda2d,
S08_F04_c042,8,classroom,S08_F04,F04,A05,train,P06,classroom/S08_F04/S08_F04_c042.mp4,realsense_480p,640,480,15.0,79,5.267,635d6e86ecc4834a851d2fb9b4633ce6f64751fbfce0582d3d16a0605e7c33be,
S08_F04_c043,8,classroom,S08_F04,F04,A05,train,P02,classroom/S08_F04/S08_F04_c043.mp4,realsense_480p,640,480,15.0,89,5.933,7d48be3c578b566f787e448483f75aebd45e51bc6fe42f755282b9959e80868b,
S08_F04_c044,8,classroom,S08_F04,F04,A05,train,P02,classroom/S08_F04/S08_F04_c044.mp4,realsense_480p,640,480,15.0,77,5.133,12d9f917789c920403279e4c2d007fc8bbdcfaf604328e2ae12eadcca1d749d0,
S08_F04_c045,8,classroom,S08_F04,F04,A05,train,P06,classroom/S08_F04/S08_F04_c045.mp4,realsense_480p,640,480,15.0,93,6.2,1c07590bccdbbc889e47998288f386329154b5acf4fe6e6df27ee9dccc4364c8,
S08_F04_c046,8,classroom,S08_F04,F04,A05,train,P02,classroom/S08_F04/S08_F04_c046.mp4,realsense_480p,640,480,15.0,85,5.667,50174193afc6ee15d2ae56a692da42fe0366ceeb8b28a86408d5f7274cd05e53,
S08_F04_c047,8,classroom,S08_F04,F04,A05,train,P02,classroom/S08_F04/S08_F04_c047.mp4,realsense_480p,640,480,15.0,87,5.8,d0b1bb7dfec56e61a98017a2665ff59495614d8247f0e82b46f2e6850fb4bf16,
S08_F04_c048,8,classroom,S08_F04,F04,A05,train,P06,classroom/S08_F04/S08_F04_c048.mp4,realsense_480p,640,480,15.0,81,5.4,4e66b596bec163b37d7ad8ebe72b5274645396e8234fe0c5975495b9c0cb6350,
S08_F04_c049,8,classroom,S08_F04,F04,A05,train,P06,classroom/S08_F04/S08_F04_c049.mp4,realsense_480p,640,480,15.0,92,6.133,eaa9552c241ebe1dade9411e67ead061ef1c800c0856c6400fd783f4db93ae90,
S08_F04_c050,8,classroom,S08_F04,F04,A05,train,P01,classroom/S08_F04/S08_F04_c050.mp4,realsense_480p,640,480,15.0,76,5.067,02f9b15973b41dc75bec245e6bd0a442521c9a3a2dd5b25bd0efea883d75c5c8,
S08_F04_c051,8,classroom,S08_F04,F04,A05,train,P01,classroom/S08_F04/S08_F04_c051.mp4,realsense_480p,640,480,15.0,76,5.067,9273659e79ab2aeb8855b7bdcf8c22ec2e806096336128c582ff1a25bc39976c,
S08_F04_c052,8,classroom,S08_F04,F04,A05,train,P01,classroom/S08_F04/S08_F04_c052.mp4,realsense_480p,640,480,15.0,79,5.267,101f9ebb695c6c7d1ad010c8cacf3c04398cfc3b250791e1ca2f1e4cd3c93ab7,
S08_F04_c053,8,classroom,S08_F04,F04,A05,train,P01,classroom/S08_F04/S08_F04_c053.mp4,realsense_480p,640,480,15.0,74,4.933,92244808143034d329c2e79dfdd0f9b6f43bec9e60eb94ada80d478c6a455db0,
S08_F04_c054,8,classroom,S08_F04,F04,A05,train,P06,classroom/S08_F04/S08_F04_c054.mp4,realsense_480p,640,480,15.0,86,5.733,aa35ed3d6dd62ed285a4eb1179d73cb13416dc1f9738abb86dbac931df76f7fc,
S08_F04_c055,8,classroom,S08_F04,F04,A05,train,P06,classroom/S08_F04/S08_F04_c055.mp4,realsense_480p,640,480,15.0,84,5.6,6e54df455ca42e9972d3ff6d3c3bcc1dfdb662df31f3194793449d342d077528,
S08_F04_c056,8,classroom,S08_F04,F04,A05,train,P06,classroom/S08_F04/S08_F04_c056.mp4,realsense_480p,640,480,15.0,97,6.467,4fd3d6bc60e3ee1b895e9dd134ebd62e2dc28e0148aa8ece044ad5875f366565,
S08_F04_c057,8,classroom,S08_F04,F04,A05,train,P02,classroom/S08_F04/S08_F04_c057.mp4,realsense_480p,640,480,15.0,75,5.0,6ca17e07bf5d741f36f1231c07c128ad45e134b3ac6407f3cfa87538b3913d49,
S08_F04_c058,8,classroom,S08_F04,F04,A05,train,P02,classroom/S08_F04/S08_F04_c058.mp4,realsense_480p,640,480,15.0,91,6.067,f596ecd6e298e56d312818a765d80076435665919db06397a24aed32cea91140,
S08_F04_c059,8,classroom,S08_F04,F04,A05,train,P02,classroom/S08_F04/S08_F04_c059.mp4,realsense_480p,640,480,15.0,92,6.133,7c3b8e865387546b62730f1741ebc6cc68d3d706d62bab3c19fd4f1230a7c460,
S08_F04_c060,8,classroom,S08_F04,F04,A05,train,P02,classroom/S08_F04/S08_F04_c060.mp4,realsense_480p,640,480,15.0,99,6.6,f7ca6846f47a0067c8de20ac2afe0fbbd848f4e176790fd42a32aad4da2d6ab9,
S08_F04_c061,8,classroom,S08_F04,F04,A05,train,P02,classroom/S08_F04/S08_F04_c061.mp4,realsense_480p,640,480,15.0,105,7.0,16f723a5552d0bb3dd0c4705dd4a8fc7106fe14d2838af474ab3e1e8fdbcfb25,
S09_F04_c001,9,classroom,S09_F04,F04,A05,train,P06,classroom/S09_F04/S09_F04_c001.mp4,realsense_480p,640,480,15.0,87,5.8,c3161480817974fe70f49b5ff9e1101d52eb401e5f33f53cf9abccd2bf690d20,
S09_F04_c002,9,classroom,S09_F04,F04,A05,train,P02,classroom/S09_F04/S09_F04_c002.mp4,realsense_480p,640,480,15.0,86,5.733,43998c9943bdf106ba7f1ee6b2eb2c1b5bb9f4f266246fd4832bd58d23f04ab7,
S09_F04_c003,9,classroom,S09_F04,F04,A05,train,P02,classroom/S09_F04/S09_F04_c003.mp4,realsense_480p,640,480,15.0,89,5.933,86da4dda63ceb06c8f9b8e8d6fcec0771386b20d92c92b6d8c19dffd497a7e13,
S09_F04_c004,9,classroom,S09_F04,F04,A05,train,P02,classroom/S09_F04/S09_F04_c004.mp4,realsense_480p,640,480,15.0,88,5.867,62b22ac92f2418eb0a70b55ef89838ef03799ec90cc60666bfc36199687a7cd8,
S09_F04_c005,9,classroom,S09_F04,F04,A05,train,P01,classroom/S09_F04/S09_F04_c005.mp4,realsense_480p,640,480,15.0,86,5.733,781c97684838311591f119bfdb54e5afbecf3183bbcc4627fcbc92a695e29a6e,
S09_F04_c006,9,classroom,S09_F04,F04,A05,train,P01,classroom/S09_F04/S09_F04_c006.mp4,realsense_480p,640,480,15.0,80,5.333,1b315a428381c90f7d7c8e720a205f00d039d56d2638b2685c4e7d82544ae5a6,
S09_F04_c007,9,classroom,S09_F04,F04,A05,train,P01,classroom/S09_F04/S09_F04_c007.mp4,realsense_480p,640,480,15.0,80,5.333,456758c8ce9e44768c08f0e2e2e2346a5e2150de342c547eba5b5adabc9141be,
S09_F04_c008,9,classroom,S09_F04,F04,A05,train,P01,classroom/S09_F04/S09_F04_c008.mp4,realsense_480p,640,480,15.0,78,5.2,9ac1061631a8fbb7ccd51a6439d63e69a87b22337ae350a85e3dd8339db56038,
S09_F04_c009,9,classroom,S09_F04,F04,A05,train,P01,classroom/S09_F04/S09_F04_c009.mp4,realsense_480p,640,480,15.0,75,5.0,76cacdf9766c07e609df5a1c939de53694bc960e1bd16d66ebfb0ebe6ce6836b,
S09_F04_c010,9,classroom,S09_F04,F04,A05,train,P01,classroom/S09_F04/S09_F04_c010.mp4,realsense_480p,640,480,15.0,75,5.0,e39d83e16a3ed9368701b1fa928e78b87be8e7af85f4aa64b0a706fbe2ec3e54,
S09_F04_c011,9,classroom,S09_F04,F04,A05,train,P02,classroom/S09_F04/S09_F04_c011.mp4,realsense_480p,640,480,15.0,82,5.467,53843d12e433e4632363ef0f19cbc19ff4e3530421208b1e7d687a5ae7c294d8,
S09_F04_c012,9,classroom,S09_F04,F04,A05,train,P06,classroom/S09_F04/S09_F04_c012.mp4,realsense_480p,640,480,15.0,93,6.2,c2fb00981027c11f9a5e7e937be6b8641f4d112103f2f2a39b4cf38c0dff3dda,
S09_F04_c013,9,classroom,S09_F04,F04,A05,train,P02,classroom/S09_F04/S09_F04_c013.mp4,realsense_480p,640,480,15.0,90,6.0,1b28e4407c90a989f5d645f2928685e76366594711acf0cc71b2f6cfbf9834fc,
S09_F04_c014,9,classroom,S09_F04,F04,A05,train,P02,classroom/S09_F04/S09_F04_c014.mp4,realsense_480p,640,480,15.0,93,6.2,041e5c8541b1440f61e9b245b8e6fa3b1c845a79ae6ffa79b3a73f31be299b29,
S09_F04_c015,9,classroom,S09_F04,F04,A05,train,P02,classroom/S09_F04/S09_F04_c015.mp4,realsense_480p,640,480,15.0,110,7.333,375e3648eb7f4d5373232dac486474d63da62e0bf7ffde770585a9f3246b00a5,
S09_F04_c016,9,classroom,S09_F04,F04,A05,train,P01,classroom/S09_F04/S09_F04_c016.mp4,realsense_480p,640,480,15.0,77,5.133,a0c87c1a25d1fc76e519d453a501b681c9d56e12623e6ed89c42f396e5fa6f75,
S09_F04_c017,9,classroom,S09_F04,F04,A05,train,P01,classroom/S09_F04/S09_F04_c017.mp4,realsense_480p,640,480,15.0,76,5.067,ca067b02e219ff040c8b6a1e43aa62860fb248e2e0294caa6f6fcbf7a471fde4,
S09_F04_c018,9,classroom,S09_F04,F04,A05,train,P01,classroom/S09_F04/S09_F04_c018.mp4,realsense_480p,640,480,15.0,80,5.333,3160b7a7eae46910e89ddbd9ed6f16c1a17129af82ed206a7115e6f4dca56009,
S09_F04_c019,9,classroom,S09_F04,F04,A05,train,P06,classroom/S09_F04/S09_F04_c019.mp4,realsense_480p,640,480,15.0,81,5.4,dadfe1844660e73584cdccd9891a125a9902fe7e8ad3534f2dad17217a4a479d,
S09_F04_c020,9,classroom,S09_F04,F04,A05,train,P06,classroom/S09_F04/S09_F04_c020.mp4,realsense_480p,640,480,15.0,78,5.2,dc1a9999c744e94535dcff42a2ed03e54f00c3ee4f76d99a6f5caa0b38723850,
S09_F04_c021,9,classroom,S09_F04,F04,A05,train,P06,classroom/S09_F04/S09_F04_c021.mp4,realsense_480p,640,480,15.0,82,5.467,706c16a75851c69be8e500ff72dd900a6f18226441d5276a6935fd9cf2ba5ee5,
S09_F04_c022,9,classroom,S09_F04,F04,A05,train,P06,classroom/S09_F04/S09_F04_c022.mp4,realsense_480p,640,480,15.0,80,5.333,6b307d6023822f9f5ba2c4e0722ab510fe4536da6cce8b3254edd0115e880c5b,
S09_F04_c023,9,classroom,S09_F04,F04,A05,train,P06,classroom/S09_F04/S09_F04_c023.mp4,realsense_480p,640,480,15.0,71,4.733,f815711cbff55100e877a85283c1600bafa22d75f72244b9b7802ce5ed810c4d,
S09_F04_c024,9,classroom,S09_F04,F04,A05,train,P01,classroom/S09_F04/S09_F04_c024.mp4,realsense_480p,640,480,15.0,76,5.067,2322cc7c9765e02538a5924bd219d23d8aa173f0903bfc02bc2dce5dc7c75040,
S09_F04_c025,9,classroom,S09_F04,F04,A05,train,P01,classroom/S09_F04/S09_F04_c025.mp4,realsense_480p,640,480,15.0,86,5.733,11b00496a1f61794e65c0b3bbecc416413b7ae06b6b70a10c8a30978c1e06222,
S09_F04_c026,9,classroom,S09_F04,F04,A05,train,P01,classroom/S09_F04/S09_F04_c026.mp4,realsense_480p,640,480,15.0,81,5.4,ab88fcec301087dbbe8db0a6c7249ae36a558319f3254f7c93d6b8061aa91ea3,
S09_F04_c027,9,classroom,S09_F04,F04,A05,train,P01,classroom/S09_F04/S09_F04_c027.mp4,realsense_480p,640,480,15.0,90,6.0,539ba4392f934a76b2f586997ab8dc0cb34e48c476b1ce16a05300c85c9801ed,
S09_F04_c028,9,classroom,S09_F04,F04,A05,train,P06,classroom/S09_F04/S09_F04_c028.mp4,realsense_480p,640,480,15.0,82,5.467,2e4dc20f9e03386fb6796517a19825d7c814fdd707e96a3d6f256df8655405fd,
S09_F04_c029,9,classroom,S09_F04,F04,A05,train,P06,classroom/S09_F04/S09_F04_c029.mp4,realsense_480p,640,480,15.0,78,5.2,5a32c05880f40bdc9450d4e36860a308dccfba721dbb0d58ccdd76da5cb4952e,
S09_F04_c030,9,classroom,S09_F04,F04,A05,train,P02,classroom/S09_F04/S09_F04_c030.mp4,realsense_480p,640,480,15.0,92,6.133,e49198eb39582586719fb63da6641e3d4cd3c252641521caf9c7631905938aa3,
S09_F04_c031,9,classroom,S09_F04,F04,A05,train,P02,classroom/S09_F04/S09_F04_c031.mp4,realsense_480p,640,480,15.0,95,6.333,0a203e96c8893f90e90f5f6bf6e62a335da0e5bcf995d874fce981a73bc205ec,
S09_F04_c032,9,classroom,S09_F04,F04,A05,train,P02,classroom/S09_F04/S09_F04_c032.mp4,realsense_480p,640,480,15.0,105,7.0,fe158455e2ef6ea9c82d43410b6714d8522f07e2d5e2a23b8da419c4ca625dea,
S09_F04_c033,9,classroom,S09_F04,F04,A05,train,P02,classroom/S09_F04/S09_F04_c033.mp4,realsense_480p,640,480,15.0,88,5.867,f9a542a1cbf33e5f5d6e72eb547654efcb00b9f455773c8b7f366a46c751d173,
S09_F04_c034,9,classroom,S09_F04,F04,A05,train,P06,classroom/S09_F04/S09_F04_c034.mp4,realsense_480p,640,480,15.0,78,5.2,b6d218a6225b27ccb89828ef41b5aa4916b1f03aa3fb190720050a5367f2ba24,
S09_F04_c035,9,classroom,S09_F04,F04,A05,train,P06,classroom/S09_F04/S09_F04_c035.mp4,realsense_480p,640,480,15.0,85,5.667,28ab329419050164817faa1782f5263809a5c2152eb211815e50eaaf5ba94642,
S09_F04_c036,9,classroom,S09_F04,F04,A05,train,P06,classroom/S09_F04/S09_F04_c036.mp4,realsense_480p,640,480,15.0,97,6.467,51a9f6238027fa5ab16149de043271b2d4c8ab0663dd032816507081226dbd33,
S09_F04_c037,9,classroom,S09_F04,F04,A05,train,P01,classroom/S09_F04/S09_F04_c037.mp4,realsense_480p,640,480,15.0,80,5.333,2ec4b3b484808d116f266a6b8365c1ff6eac111c7e4ef6c5916f0aa4f675b3aa,
S09_F04_c038,9,classroom,S09_F04,F04,A05,train,P01,classroom/S09_F04/S09_F04_c038.mp4,realsense_480p,640,480,15.0,64,4.267,acc4f6d284436da79b5a5331fc67e13eb93965d71197b7b6c5a529aa631bae1a,
S09_F04_c039,9,classroom,S09_F04,F04,A05,train,P01,classroom/S09_F04/S09_F04_c039.mp4,realsense_480p,640,480,15.0,76,5.067,d02f99d85065cab0dfbe3b2f6dc2f5064497f233714624fabb075b0aed636ea4,
S09_F04_c040,9,classroom,S09_F04,F04,A05,train,P01,classroom/S09_F04/S09_F04_c040.mp4,realsense_480p,640,480,15.0,76,5.067,361ed7445764c170a6a18e5af8e60d589850aacaad8944f228cef5aa8e8192b2,
S09_F04_c041,9,classroom,S09_F04,F04,A05,train,P06,classroom/S09_F04/S09_F04_c041.mp4,realsense_480p,640,480,15.0,82,5.467,a89797f23b3d0878101e20545860a009bcc9df96d82a58cb6f38175e9abdda2d,
S09_F04_c042,9,classroom,S09_F04,F04,A05,train,P06,classroom/S09_F04/S09_F04_c042.mp4,realsense_480p,640,480,15.0,79,5.267,635d6e86ecc4834a851d2fb9b4633ce6f64751fbfce0582d3d16a0605e7c33be,
S09_F04_c043,9,classroom,S09_F04,F04,A05,train,P02,classroom/S09_F04/S09_F04_c043.mp4,realsense_480p,640,480,15.0,89,5.933,7d48be3c578b566f787e448483f75aebd45e51bc6fe42f755282b9959e80868b,
S09_F04_c044,9,classroom,S09_F04,F04,A05,train,P02,classroom/S09_F04/S09_F04_c044.mp4,realsense_480p,640,480,15.0,77,5.133,12d9f917789c920403279e4c2d007fc8bbdcfaf604328e2ae12eadcca1d749d0,
S09_F04_c045,9,classroom,S09_F04,F04,A05,train,P06,classroom/S09_F04/S09_F04_c045.mp4,realsense_480p,640,480,15.0,93,6.2,1c07590bccdbbc889e47998288f386329154b5acf4fe6e6df27ee9dccc4364c8,
S09_F04_c046,9,classroom,S09_F04,F04,A05,train,P02,classroom/S09_F04/S09_F04_c046.mp4,realsense_480p,640,480,15.0,85,5.667,50174193afc6ee15d2ae56a692da42fe0366ceeb8b28a86408d5f7274cd05e53,
S09_F04_c047,9,classroom,S09_F04,F04,A05,train,P02,classroom/S09_F04/S09_F04_c047.mp4,realsense_480p,640,480,15.0,87,5.8,d0b1bb7dfec56e61a98017a2665ff59495614d8247f0e82b46f2e6850fb4bf16,
S09_F04_c048,9,classroom,S09_F04,F04,A05,train,P06,classroom/S09_F04/S09_F04_c048.mp4,realsense_480p,640,480,15.0,81,5.4,4e66b596bec163b37d7ad8ebe72b5274645396e8234fe0c5975495b9c0cb6350,
S09_F04_c049,9,classroom,S09_F04,F04,A05,train,P06,classroom/S09_F04/S09_F04_c049.mp4,realsense_480p,640,480,15.0,92,6.133,eaa9552c241ebe1dade9411e67ead061ef1c800c0856c6400fd783f4db93ae90,
S09_F04_c050,9,classroom,S09_F04,F04,A05,train,P01,classroom/S09_F04/S09_F04_c050.mp4,realsense_480p,640,480,15.0,76,5.067,02f9b15973b41dc75bec245e6bd0a442521c9a3a2dd5b25bd0efea883d75c5c8,
S09_F04_c051,9,classroom,S09_F04,F04,A05,train,P01,classroom/S09_F04/S09_F04_c051.mp4,realsense_480p,640,480,15.0,76,5.067,9273659e79ab2aeb8855b7bdcf8c22ec2e806096336128c582ff1a25bc39976c,
S09_F04_c052,9,classroom,S09_F04,F04,A05,train,P01,classroom/S09_F04/S09_F04_c052.mp4,realsense_480p,640,480,15.0,79,5.267,101f9ebb695c6c7d1ad010c8cacf3c04398cfc3b250791e1ca2f1e4cd3c93ab7,
S09_F04_c053,9,classroom,S09_F04,F04,A05,train,P01,classroom/S09_F04/S09_F04_c053.mp4,realsense_480p,640,480,15.0,74,4.933,92244808143034d329c2e79dfdd0f9b6f43bec9e60eb94ada80d478c6a455db0,
S09_F04_c054,9,classroom,S09_F04,F04,A05,train,P06,classroom/S09_F04/S09_F04_c054.mp4,realsense_480p,640,480,15.0,86,5.733,aa35ed3d6dd62ed285a4eb1179d73cb13416dc1f9738abb86dbac931df76f7fc,
S09_F04_c055,9,classroom,S09_F04,F04,A05,train,P06,classroom/S09_F04/S09_F04_c055.mp4,realsense_480p,640,480,15.0,84,5.6,6e54df455ca42e9972d3ff6d3c3bcc1dfdb662df31f3194793449d342d077528,
S09_F04_c056,9,classroom,S09_F04,F04,A05,train,P06,classroom/S09_F04/S09_F04_c056.mp4,realsense_480p,640,480,15.0,97,6.467,4fd3d6bc60e3ee1b895e9dd134ebd62e2dc28e0148aa8ece044ad5875f366565,
S09_F04_c057,9,classroom,S09_F04,F04,A05,train,P02,classroom/S09_F04/S09_F04_c057.mp4,realsense_480p,640,480,15.0,75,5.0,6ca17e07bf5d741f36f1231c07c128ad45e134b3ac6407f3cfa87538b3913d49,
S09_F04_c058,9,classroom,S09_F04,F04,A05,train,P02,classroom/S09_F04/S09_F04_c058.mp4,realsense_480p,640,480,15.0,91,6.067,f596ecd6e298e56d312818a765d80076435665919db06397a24aed32cea91140,
S09_F04_c059,9,classroom,S09_F04,F04,A05,train,P02,classroom/S09_F04/S09_F04_c059.mp4,realsense_480p,640,480,15.0,92,6.133,7c3b8e865387546b62730f1741ebc6cc68d3d706d62bab3c19fd4f1230a7c460,
S09_F04_c060,9,classroom,S09_F04,F04,A05,train,P02,classroom/S09_F04/S09_F04_c060.mp4,realsense_480p,640,480,15.0,99,6.6,f7ca6846f47a0067c8de20ac2afe0fbbd848f4e176790fd42a32aad4da2d6ab9,
S09_F04_c061,9,classroom,S09_F04,F04,A05,train,P02,classroom/S09_F04/S09_F04_c061.mp4,realsense_480p,640,480,15.0,105,7.0,16f723a5552d0bb3dd0c4705dd4a8fc7106fe14d2838af474ab3e1e8fdbcfb25,
S10_F05_c001,10,classroom,S10_F05,F05,A06,train,P02,classroom/S10_F05/S10_F05_c001.mp4,realsense_480p,640,480,15.0,83,5.533,2b988d3ae3baf9b8546f0c801a0b6a0dd670cec36cea8f433d70d57f82b73240,
S10_F05_c002,10,classroom,S10_F05,F05,A06,train,P01,classroom/S10_F05/S10_F05_c002.mp4,realsense_480p,640,480,15.0,90,6.0,af5594a7701c07453c264c2a5fc9c3e2bd705a0fe17f04c1f4278454f6a795f4,
S10_F05_c003,10,classroom,S10_F05,F05,A06,train,P02,classroom/S10_F05/S10_F05_c003.mp4,realsense_480p,640,480,15.0,77,5.133,9f3f8d3878324afafd8c7ce44a3c69cdbc79ea9a981ccc7e9396cdad2c31b1d5,
S10_F05_c004,10,classroom,S10_F05,F05,A06,train,P02,classroom/S10_F05/S10_F05_c004.mp4,realsense_480p,640,480,15.0,68,4.533,31a50be72c7305a601556fc9d31bf0d91603d12bc811fee4ecd1980be11df64a,
S10_F05_c005,10,classroom,S10_F05,F05,A06,train,P02,classroom/S10_F05/S10_F05_c005.mp4,realsense_480p,640,480,15.0,76,5.067,1d51fdeb1c9d65d5091767f7a34985beccd37cc03fd4b6718900a4c97e7714a3,
S10_F05_c006,10,classroom,S10_F05,F05,A06,train,P01,classroom/S10_F05/S10_F05_c006.mp4,realsense_480p,640,480,15.0,62,4.133,65d80ca2c2dcfaffdd7280aad934811eda6965ba9977b6d11ecb0a1df38b0234,
S10_F05_c007,10,classroom,S10_F05,F05,A06,train,P01,classroom/S10_F05/S10_F05_c007.mp4,realsense_480p,640,480,15.0,90,6.0,dcbaf03e54f6b0b3aba110a15a61e8c787c845b6c6ede74490cf4ca48d6c868a,
S10_F05_c008,10,classroom,S10_F05,F05,A06,train,P04,classroom/S10_F05/S10_F05_c008.mp4,realsense_480p,640,480,15.0,80,5.333,cb7948e801297c136c40316fbaa52f8b72d6ca59ee2cfe7b107a54ce93b04f45,
S10_F05_c009,10,classroom,S10_F05,F05,A06,train,P04,classroom/S10_F05/S10_F05_c009.mp4,realsense_480p,640,480,15.0,76,5.067,4cc44a03c3e77e49be78ba0507ae4fc2e387da2e0da9197639eb8a28632fea53,
S10_F05_c010,10,classroom,S10_F05,F05,A06,train,P04,classroom/S10_F05/S10_F05_c010.mp4,realsense_480p,640,480,15.0,79,5.267,ded1e6b33489b6a02e59faec6f7900f55b8303bd1373b8e6ee90ec75712fb64c,
S10_F05_c011,10,classroom,S10_F05,F05,A06,train,P04,classroom/S10_F05/S10_F05_c011.mp4,realsense_480p,640,480,15.0,87,5.8,b8bc1356294fdcbeb3ed9d5f3a8901d7bef14ac65279c137d2221e66d14c2e7d,
S10_F05_c012,10,classroom,S10_F05,F05,A06,train,P02,classroom/S10_F05/S10_F05_c012.mp4,realsense_480p,640,480,15.0,84,5.6,630b105104f1acaa5aa6eb52efe6045004994b6cecad0dd9165397724049dd91,
S10_F05_c013,10,classroom,S10_F05,F05,A06,train,P02,classroom/S10_F05/S10_F05_c013.mp4,realsense_480p,640,480,15.0,87,5.8,e8d072a8efd483faed56a5d99bc4358a4fc0a3e9a625b5ec5fa0601ab2ace780,
S10_F05_c015,10,classroom,S10_F05,F05,A06,train,P02,classroom/S10_F05/S10_F05_c015.mp4,realsense_480p,640,480,15.0,80,5.333,677923840083ee5de745045e0049cedab598ae5975b669b3d515c1e44ee56769,
S10_F05_c016,10,classroom,S10_F05,F05,A06,train,P01,classroom/S10_F05/S10_F05_c016.mp4,realsense_480p,640,480,15.0,81,5.4,08abe48647dc7bdac227471bf6456008bf66edb9882814b2a5b9fc88cee29b04,
S10_F05_c017,10,classroom,S10_F05,F05,A06,train,P01,classroom/S10_F05/S10_F05_c017.mp4,realsense_480p,640,480,15.0,83,5.533,a61890e7fb556df433600853d6cd4354638195d9f99e3e445c8a3d90d15fd545,
S10_F05_c018,10,classroom,S10_F05,F05,A06,train,P04,classroom/S10_F05/S10_F05_c018.mp4,realsense_480p,640,480,15.0,79,5.267,6ce1ea6e44910f2d2ba021c9126219dfd441d51b6800fb155ec9d2e581ad2716,
S10_F05_c019,10,classroom,S10_F05,F05,A06,train,P04,classroom/S10_F05/S10_F05_c019.mp4,realsense_480p,640,480,15.0,80,5.333,cba607eb2d75afd0f9e7d0576b6ff87963d86cd96579e85acbdc25d81c29c872,
S10_F05_c020,10,classroom,S10_F05,F05,A06,train,P01,classroom/S10_F05/S10_F05_c020.mp4,realsense_480p,640,480,15.0,79,5.267,2a4cf918b200557c438bc1d070ef2ad0e8170cafd86a84224ef6c257b0c0321e,
S10_F05_c021,10,classroom,S10_F05,F05,A06,train,P01,classroom/S10_F05/S10_F05_c021.mp4,realsense_480p,640,480,15.0,83,5.533,5e8d14daca16bb858c5b2814e76b531d52495a779e6bc13410ade6c7a54ba3b7,
S10_F05_c022,10,classroom,S10_F05,F05,A06,train,P02,classroom/S10_F05/S10_F05_c022.mp4,realsense_480p,640,480,15.0,72,4.8,98a8d228272894c131b1a201c1deec8ecf99fae74e5a2fdc4e1911193e5c1aee,
S10_F05_c023,10,classroom,S10_F05,F05,A06,train,P01,classroom/S10_F05/S10_F05_c023.mp4,realsense_480p,640,480,15.0,74,4.933,899a85cf118b3b53f1dc28a2da984ee82c62f49e57cca3642a6601639886f85b,
S10_F05_c024,10,classroom,S10_F05,F05,A06,train,P02,classroom/S10_F05/S10_F05_c024.mp4,realsense_480p,640,480,15.0,83,5.533,8471d86c48d9069a838d16bba0190aa6a3bba7e2d6eeb86fb3c6482a08d0faed,
S10_F05_c025,10,classroom,S10_F05,F05,A06,train,P02,classroom/S10_F05/S10_F05_c025.mp4,realsense_480p,640,480,15.0,76,5.067,e92892b9d3f699c109e0e1c4f2c8edc1c81dc4ef8395799cfd8d3c59c14bb8f5,
S10_F05_c026,10,classroom,S10_F05,F05,A06,train,P02,classroom/S10_F05/S10_F05_c026.mp4,realsense_480p,640,480,15.0,80,5.333,2a81c3299a24cbdacfbca46d27fbe5c388665e721d6275fd3b6fef096850afd7,
S10_F05_c027,10,classroom,S10_F05,F05,A06,train,P01,classroom/S10_F05/S10_F05_c027.mp4,realsense_480p,640,480,15.0,77,5.133,c22531b92b8493dabe36eeac9dbee39c3138a4b39da0dc1543115aa531d05d6f,
S10_F05_c028,10,classroom,S10_F05,F05,A06,train,P01,classroom/S10_F05/S10_F05_c028.mp4,realsense_480p,640,480,15.0,83,5.533,d05537471891b99155eeb30da7ed3d81d71aaade74c85b303cfb3afb86076412,
S10_F05_c029,10,classroom,S10_F05,F05,A06,train,P04,classroom/S10_F05/S10_F05_c029.mp4,realsense_480p,640,480,15.0,86,5.733,ea3ed2ab07a6570ec7e37bb3ab9feffb1f3c7a9055894e3f9ae225edcee254d9,
S10_F05_c030,10,classroom,S10_F05,F05,A06,train,P04,classroom/S10_F05/S10_F05_c030.mp4,realsense_480p,640,480,15.0,80,5.333,eca813ef15bd1134751f22aa0d9db9e16e78eb180890e71a3fa9b729ec589199,
S10_F05_c031,10,classroom,S10_F05,F05,A06,train,P06,classroom/S10_F05/S10_F05_c031.mp4,realsense_480p,640,480,15.0,89,5.933,8db7801ef66c147076c3462ec9af38136e58c40dd54a150f3af00d9e0393a745,
S10_F05_c032,10,classroom,S10_F05,F05,A06,train,P06,classroom/S10_F05/S10_F05_c032.mp4,realsense_480p,640,480,15.0,82,5.467,ac4d43e436b85bfd911bb0e2b72b1bc3c59a00d3e14502444351d30253d116dd,
S10_F05_c033,10,classroom,S10_F05,F05,A06,train,P06,classroom/S10_F05/S10_F05_c033.mp4,realsense_480p,640,480,15.0,97,6.467,b6488103748c75f02d34ad38af4d7b54f98302c45047963fc2f2375b8c9d2f53,
S10_F05_c034,10,classroom,S10_F05,F05,A06,train,P01,classroom/S10_F05/S10_F05_c034.mp4,realsense_480p,640,480,15.0,77,5.133,3fa5c843c2559aef7ab56a95c283f9dd8f3ee2ba79a80bfb3b952c11a0cdb8d7,
S10_F05_c035,10,classroom,S10_F05,F05,A06,train,P06,classroom/S10_F05/S10_F05_c035.mp4,realsense_480p,640,480,15.0,103,6.867,7b3176fb398dd95ccbf02b0f6a0b16f32f1baa915efbf1fd2ca0c88503af99c9,
S10_F05_c036,10,classroom,S10_F05,F05,A06,train,P06,classroom/S10_F05/S10_F05_c036.mp4,realsense_480p,640,480,15.0,79,5.267,788e397a89d93d89587b0e09336f0bbab8698f47592358ac06bfdca49a0a5947,
S10_F05_c037,10,classroom,S10_F05,F05,A06,train,P06,classroom/S10_F05/S10_F05_c037.mp4,realsense_480p,640,480,15.0,130,8.667,4ef70e041adc3926a4502607676a4e9f6f7054bf574a622609703e040d6cdfea,
S10_F05_c038,10,classroom,S10_F05,F05,A06,train,P04,classroom/S10_F05/S10_F05_c038.mp4,realsense_480p,640,480,15.0,80,5.333,f5aad87660d865755e26e7dc53010de935659b321750683c46b9c6e4167e6082,
S10_F05_c039,10,classroom,S10_F05,F05,A06,train,P04,classroom/S10_F05/S10_F05_c039.mp4,realsense_480p,640,480,15.0,98,6.533,1fd0c30bcf3a3ab97342264798151d99b23088cda197e86dffcfd69721742b80,
S10_F05_c040,10,classroom,S10_F05,F05,A06,train,P04,classroom/S10_F05/S10_F05_c040.mp4,realsense_480p,640,480,15.0,84,5.6,1b624f49f0c634ef9304f794fb0471363e31dfa5c8dd7f60a2687ef8e3816204,
S10_F05_c041,10,classroom,S10_F05,F05,A06,train,P04,classroom/S10_F05/S10_F05_c041.mp4,realsense_480p,640,480,15.0,82,5.467,fe74c2ff7a7d32c39721ac2a3427e95ddf2faea58b19322aa6e778203e011893,
S10_F05_c042,10,classroom,S10_F05,F05,A06,train,P01,classroom/S10_F05/S10_F05_c042.mp4,realsense_480p,640,480,15.0,77,5.133,bd5c348537f6393a362839d652668be3f09ab2eda73469d2441d9d65dfaf819d,
S11_F05_c001,11,classroom,S11_F05,F05,A06,train,P06,classroom/S11_F05/S11_F05_c001.mp4,realsense_480p,640,480,15.0,81,5.4,f06fcaca9ae70f08a7678d640c36fcbd89050daab2959cef6eb32ae92ec10d4d,
S11_F05_c002,11,classroom,S11_F05,F05,A06,train,P06,classroom/S11_F05/S11_F05_c002.mp4,realsense_480p,640,480,15.0,85,5.667,baf26366210a679b23986dd5ff40819e525bbd815aef29db7b0438014cf0a1aa,
S11_F05_c003,11,classroom,S11_F05,F05,A06,train,P01,classroom/S11_F05/S11_F05_c003.mp4,realsense_480p,640,480,15.0,78,5.2,8f9effa28649eeb0f4d283ae04b553110550fc9d7587ef2aa5a606f17ca86926,
S11_F05_c004,11,classroom,S11_F05,F05,A06,train,P01,classroom/S11_F05/S11_F05_c004.mp4,realsense_480p,640,480,15.0,82,5.467,74298e00fe2aafb70c59edd994f2a29efab7d6c85feb53764774efb38f51a923,
S11_F05_c005,11,classroom,S11_F05,F05,A06,train,P06,classroom/S11_F05/S11_F05_c005.mp4,realsense_480p,640,480,15.0,84,5.6,7d34b9c34a64dd94d0ed1ff0fddc54119a4e2ce4c53baf93b74c83c1dd05505a,
S11_F05_c006,11,classroom,S11_F05,F05,A06,train,P06,classroom/S11_F05/S11_F05_c006.mp4,realsense_480p,640,480,15.0,83,5.533,110c2448e8c0f3c49a011ace846739e7902377af29eaa21c6258c5ed9866498f,
S11_F05_c007,11,classroom,S11_F05,F05,A06,train,P01,classroom/S11_F05/S11_F05_c007.mp4,realsense_480p,640,480,15.0,73,4.867,329a226d490b0c76a8d02f78bed9dcaae249f3ff9138e09e3fdf0c9a3d2d7726,
S11_F05_c008,11,classroom,S11_F05,F05,A06,train,P01,classroom/S11_F05/S11_F05_c008.mp4,realsense_480p,640,480,15.0,80,5.333,f7cff5f6437b33e1134de1aa5573d93038045ccbd59882b6ec20e2915f5736fc,
S11_F05_c009,11,classroom,S11_F05,F05,A06,train,P02,classroom/S11_F05/S11_F05_c009.mp4,realsense_480p,640,480,15.0,95,6.333,b0eff8bf7b98683c320a3f00ff773a5e1b0fb7a9de19c75616e1992bbdc28bf0,
S11_F05_c010,11,classroom,S11_F05,F05,A06,train,P02,classroom/S11_F05/S11_F05_c010.mp4,realsense_480p,640,480,15.0,97,6.467,77f06178a35911fe922a4dc7150ba476062073519d6d8cb5c7a15d8d96a2896b,
S11_F05_c011,11,classroom,S11_F05,F05,A06,train,P02,classroom/S11_F05/S11_F05_c011.mp4,realsense_480p,640,480,15.0,83,5.533,6100c41023aad36c8bdba017c52cba53295d98a4716d0018e22933067dccd664,
S11_F05_c012,11,classroom,S11_F05,F05,A06,train,P06,classroom/S11_F05/S11_F05_c012.mp4,realsense_480p,640,480,15.0,78,5.2,cfc5561a304ebc0ab3ccb4c0a3f37e09afa5f2249c484ef9c804c60bf5a3a1db,
S11_F05_c013,11,classroom,S11_F05,F05,A06,train,P02,classroom/S11_F05/S11_F05_c013.mp4,realsense_480p,640,480,15.0,83,5.533,3e11d9db6364a22792fe8af6b82ecbee53ba4f3d6909436967f96da505ae8ea0,
S11_F05_c014,11,classroom,S11_F05,F05,A06,train,P06,classroom/S11_F05/S11_F05_c014.mp4,realsense_480p,640,480,15.0,90,6.0,149e1a1a05de716d9ef13c2ab4f4e8edea145cd2dfa66c9b7de4a6876b2e43fd,
S11_F05_c015,11,classroom,S11_F05,F05,A06,train,P06,classroom/S11_F05/S11_F05_c015.mp4,realsense_480p,640,480,15.0,86,5.733,b38f1cfc74e9ae9538cb0d94b542a4715ae55c1f071ce2ee455c537b2cbeb72c,
S11_F05_c016,11,classroom,S11_F05,F05,A06,train,P01,classroom/S11_F05/S11_F05_c016.mp4,realsense_480p,640,480,15.0,83,5.533,9cd987879cf52b093902ba110d6607a72057f2c99a36bb97684d42aa9a09baba,
S11_F05_c017,11,classroom,S11_F05,F05,A06,train,P01,classroom/S11_F05/S11_F05_c017.mp4,realsense_480p,640,480,15.0,78,5.2,e333ebd9f30317d88730ce77a0c435bf09dd36188d6a10dc99a40d33814e7d12,
S11_F05_c018,11,classroom,S11_F05,F05,A06,train,P01,classroom/S11_F05/S11_F05_c018.mp4,realsense_480p,640,480,15.0,79,5.267,1ab5f21c42cf030ff1fe3c3a4837896020d13ae88cfa9fa22dccd8cd4c7332bb,
S11_F05_c019,11,classroom,S11_F05,F05,A06,train,P01,classroom/S11_F05/S11_F05_c019.mp4,realsense_480p,640,480,15.0,76,5.067,6734d3d2d64e0d4d479284e5487a78343ec2c516140d004a8cce6e25ffbba10a,
S11_F05_c020,11,classroom,S11_F05,F05,A06,train,P06,classroom/S11_F05/S11_F05_c020.mp4,realsense_480p,640,480,15.0,76,5.067,103fb5efa712d8d195d011e3107face10f24bc1f0e99a473e1a9c4798ede2139,
S11_F05_c021,11,classroom,S11_F05,F05,A06,train,P06,classroom/S11_F05/S11_F05_c021.mp4,realsense_480p,640,480,15.0,80,5.333,1d3ba27272f602fcf067558fe5cb0efa15a996aaf3dfae03db18feb67b6f8e14,
S11_F05_c022,11,classroom,S11_F05,F05,A06,train,P02,classroom/S11_F05/S11_F05_c022.mp4,realsense_480p,640,480,15.0,97,6.467,d73678f97c29b7d9457ca2f099d2855b8e59a14e7ce67b39adc92ae7557fde31,
S11_F05_c023,11,classroom,S11_F05,F05,A06,train,P01,classroom/S11_F05/S11_F05_c023.mp4,realsense_480p,640,480,15.0,90,6.0,d8b50111c06008b0abe477631e829f1537c3f54ba3884aa93c188a790646950b,
S11_F05_c024,11,classroom,S11_F05,F05,A06,train,P02,classroom/S11_F05/S11_F05_c024.mp4,realsense_480p,640,480,15.0,80,5.333,5fe8f811a1465f5539a475cf241f23af64924775bd51a728aa7026c558ecf8c0,
S11_F05_c025,11,classroom,S11_F05,F05,A06,train,P02,classroom/S11_F05/S11_F05_c025.mp4,realsense_480p,640,480,15.0,85,5.667,e0e35e32a16966c120036213214dd70c397da124b37b404dc2795bbe6b178213,
S11_F05_c026,11,classroom,S11_F05,F05,A06,train,P02,classroom/S11_F05/S11_F05_c026.mp4,realsense_480p,640,480,15.0,95,6.333,f92eb71f41806e3e69eed9489b5f0e2bb160e7aea05d7fb3ea0e4572897525f6,
S11_F05_c027,11,classroom,S11_F05,F05,A06,train,P06,classroom/S11_F05/S11_F05_c027.mp4,realsense_480p,640,480,15.0,84,5.6,9a0771d13c5b25c433b471d20f056965027bc2e2983ce56f873abbb02af1043a,
S11_F05_c028,11,classroom,S11_F05,F05,A06,train,P06,classroom/S11_F05/S11_F05_c028.mp4,realsense_480p,640,480,15.0,87,5.8,c800797684971a4ca4c1d2a553298fa261c3f19aa74f2941b7835ca64900bbc4,
S11_F05_c029,11,classroom,S11_F05,F05,A06,train,P01,classroom/S11_F05/S11_F05_c029.mp4,realsense_480p,640,480,15.0,82,5.467,82e0d0964c4f03e2394afae35a3e5dcf39d989528bd55219e6753053af82e81c,
S11_F05_c030,11,classroom,S11_F05,F05,A06,train,P01,classroom/S11_F05/S11_F05_c030.mp4,realsense_480p,640,480,15.0,79,5.267,6d61960ba0eac6a62a65de6a3f0546e1697f4a441a6d0a91443858123fb64241,
S11_F05_c031,11,classroom,S11_F05,F05,A06,train,P01,classroom/S11_F05/S11_F05_c031.mp4,realsense_480p,640,480,15.0,83,5.533,9c2c06f0d4390ff45843d1812229301e4a99598aaba3bf4912dfb9d7f12b89cc,
S11_F05_c032,11,classroom,S11_F05,F05,A06,train,P01,classroom/S11_F05/S11_F05_c032.mp4,realsense_480p,640,480,15.0,74,4.933,44b981d6abe41348c4f6ad460446ade1a933d1b2487240027fd679ead8cea8ec,
S11_F05_c033,11,classroom,S11_F05,F05,A06,train,P06,classroom/S11_F05/S11_F05_c033.mp4,realsense_480p,640,480,15.0,84,5.6,31feab1717a41516a991a1d3a2ce019d07f19ef1db50613b03b3053a9afd5a32,
S11_F05_c034,11,classroom,S11_F05,F05,A06,train,P01,classroom/S11_F05/S11_F05_c034.mp4,realsense_480p,640,480,15.0,79,5.267,f32960db0af7fd45b42e281565d5d7af96da3194863591a72c82e9a45c5ea836,
S11_F05_c035,11,classroom,S11_F05,F05,A06,train,P06,classroom/S11_F05/S11_F05_c035.mp4,realsense_480p,640,480,15.0,80,5.333,4277538ef0a7e31619ea05a656aa2ce1964de3d0f17d539d027976f43967fc53,
S11_F05_c036,11,classroom,S11_F05,F05,A06,train,P02,classroom/S11_F05/S11_F05_c036.mp4,realsense_480p,640,480,15.0,89,5.933,a99915166d89e3f8d9f9fe497ec7850d480ed364653731db73badb731c18e32c,
S11_F05_c037,11,classroom,S11_F05,F05,A06,train,P02,classroom/S11_F05/S11_F05_c037.mp4,realsense_480p,640,480,15.0,92,6.133,e3e5ea2d06d600fedee491f7506eb72a454d37131dec540412d9218e8d64b692,
S11_F05_c038,11,classroom,S11_F05,F05,A06,train,P02,classroom/S11_F05/S11_F05_c038.mp4,realsense_480p,640,480,15.0,123,8.2,953604b503f183e0642e08f0bd663db6f7b6a26ab49e58a431fe6402ef202953,
S11_F05_c039,11,classroom,S11_F05,F05,A06,train,P02,classroom/S11_F05/S11_F05_c039.mp4,realsense_480p,640,480,15.0,97,6.467,4fcc5ed7467c310515b4db59da1b992062ec8d5e538ca6ea2cca51f7a5aec779,
S11_F05_c040,11,classroom,S11_F05,F05,A06,train,P06,classroom/S11_F05/S11_F05_c040.mp4,realsense_480p,640,480,15.0,84,5.6,63e04e45d7578a6950b13c5c1684299bcb263d5f221141cde84ddb2157c74e63,
S11_F05_c041,11,classroom,S11_F05,F05,A06,train,P06,classroom/S11_F05/S11_F05_c041.mp4,realsense_480p,640,480,15.0,92,6.133,d1204bfec0601590dd98ff4264081a198b02a1564b36be57fd30e2e890e42a7b,
S11_F05_c042,11,classroom,S11_F05,F05,A06,train,P01,classroom/S11_F05/S11_F05_c042.mp4,realsense_480p,640,480,15.0,79,5.267,67b671a7a1f61355f89276f73c032bbf47034ae26682a865ca2280b55728cbca,
S11_F05_c043,11,classroom,S11_F05,F05,A06,train,P01,classroom/S11_F05/S11_F05_c043.mp4,realsense_480p,640,480,15.0,82,5.467,1e5c40d1958435aaa24463da42c9fc3008f2204b4e2db7b2651c9617a99ba02a,
S11_F05_c044,11,classroom,S11_F05,F05,A06,train,P01,classroom/S11_F05/S11_F05_c044.mp4,realsense_480p,640,480,15.0,80,5.333,48826584d71d8870247709a09d475647343bfb08be8ec8b4305cb9bfd97f0e2a,
S11_F05_c045,11,classroom,S11_F05,F05,A06,train,P02,classroom/S11_F05/S11_F05_c045.mp4,realsense_480p,640,480,15.0,102,6.8,d9c730a6d184d495654e06329d8cc1e68b9a14c9b0f9fb93c72ebb4d3613f7ab,
S11_F05_c046,11,classroom,S11_F05,F05,A06,train,P01,classroom/S11_F05/S11_F05_c046.mp4,realsense_480p,640,480,15.0,77,5.133,a4dfcc850df2aab4db4c49919769fa936bc97bbbc6d40060b7d2848feb16f7c8,
S11_F05_c047,11,classroom,S11_F05,F05,A06,train,P06,classroom/S11_F05/S11_F05_c047.mp4,realsense_480p,640,480,15.0,87,5.8,73de6a0af8b2ed298d6ff501e3e1f94fd8505629c933a497ed190ce9d1f5452a,
S11_F05_c048,11,classroom,S11_F05,F05,A06,train,P06,classroom/S11_F05/S11_F05_c048.mp4,realsense_480p,640,480,15.0,81,5.4,571adff24ff8082d2c59865e74bbdf18b746c15a683c47cbb766dd314bbd973e,
S11_F05_c049,11,classroom,S11_F05,F05,A06,train,P02,classroom/S11_F05/S11_F05_c049.mp4,realsense_480p,640,480,15.0,81,5.4,cfe81dd4d2c5fc0f2ed116cf185b053a976c8c64ce3a270a119ed654d35711e1,
S11_F05_c050,11,classroom,S11_F05,F05,A06,train,P02,classroom/S11_F05/S11_F05_c050.mp4,realsense_480p,640,480,15.0,87,5.8,ffe67f8717687f9516f0718a87b71ada59fbfcf7340e0029e470f676fba71108,
S11_F05_c051,11,classroom,S11_F05,F05,A06,train,P02,classroom/S11_F05/S11_F05_c051.mp4,realsense_480p,640,480,15.0,87,5.8,c9e48195fcaf2f1c3b59b159956ad95a1de32d4ca0e4044e7485a518bb0f7a87,
S11_F05_c052,11,classroom,S11_F05,F05,A06,train,P02,classroom/S11_F05/S11_F05_c052.mp4,realsense_480p,640,480,15.0,113,7.533,092af1c83a46c29215ee12984b49c25c5dcee4203cbbe0614797a13874caf2bd,
S11_F05_c053,11,classroom,S11_F05,F05,A06,train,P02,classroom/S11_F05/S11_F05_c053.mp4,realsense_480p,640,480,15.0,88,5.867,4c632a5aa4493210e5607e979a8a1ef86a6cd2a2eb98fc75d16043e6365ddbe2,
S11_F05_c054,11,classroom,S11_F05,F05,A06,train,P06,classroom/S11_F05/S11_F05_c054.mp4,realsense_480p,640,480,15.0,85,5.667,cf592c40dc8897e25b8d68b251d33475ffe49d9cdc4f8968a6123f23ed0f150c,
S12_F06_c001,12,classroom,S12_F06,F06,A11,train,P01,classroom/S12_F06/S12_F06_c001.mp4,realsense_480p,640,480,15.0,73,4.867,16e0282bd57b01362fda4823ee6ad76c8cecffc56681d10d51e57f81e3a9c208,
S12_F06_c002,12,classroom,S12_F06,F06,A11,train,P06,classroom/S12_F06/S12_F06_c002.mp4,realsense_480p,640,480,15.0,74,4.933,d1439ecafe44372d8131aae8316cce3129e698b5f0eef2562233197a6b552d01,
S12_F06_c003,12,classroom,S12_F06,F06,A11,train,P06,classroom/S12_F06/S12_F06_c003.mp4,realsense_480p,640,480,15.0,86,5.733,b194b52d1d925cbe3afb3447bf406ea70d87f90e834a5bfef3ecbac22a0d60cf,
S12_F06_c004,12,classroom,S12_F06,F06,A11,train,P06,classroom/S12_F06/S12_F06_c004.mp4,realsense_480p,640,480,15.0,73,4.867,4f6a15229cf974dc57b9d58ffc55a295cfb41fa20b9e83a99866064171cfaf45,
S12_F06_c005,12,classroom,S12_F06,F06,A11,train,P03,classroom/S12_F06/S12_F06_c005.mp4,realsense_480p,640,480,15.0,71,4.733,0d819a0bcde5465216db62efb40788b07b0a8e5f143061cf5f514533f6eeaf11,
S12_F06_c006,12,classroom,S12_F06,F06,A11,train,P03,classroom/S12_F06/S12_F06_c006.mp4,realsense_480p,640,480,15.0,73,4.867,1cae63684679c19737781deb26592f9d0291024e1afe5dd6774a2cc9f03c929c,
S12_F06_c007,12,classroom,S12_F06,F06,A11,train,P03,classroom/S12_F06/S12_F06_c007.mp4,realsense_480p,640,480,15.0,65,4.333,e25142e6e99a88bd84b15a6f9ac6c24e3b00b87a9362dd7619d20d6182f90c72,
S12_F06_c008,12,classroom,S12_F06,F06,A11,train,P03,classroom/S12_F06/S12_F06_c008.mp4,realsense_480p,640,480,15.0,89,5.933,3cc0e7654e0ce663736af80bbd7d39ef87ef7bfecc84dbe125a5e77bce396917,
S12_F06_c009,12,classroom,S12_F06,F06,A11,train,P03,classroom/S12_F06/S12_F06_c009.mp4,realsense_480p,640,480,15.0,72,4.8,585d0b42621f8f4adc00d5a4fc743ea146e21b22596f1a1e0cf5e6c7a8594108,
S12_F06_c010,12,classroom,S12_F06,F06,A11,train,P03,classroom/S12_F06/S12_F06_c010.mp4,realsense_480p,640,480,15.0,84,5.6,e907dd3a0db91e650a72d03d4c0fde72e45e2a75476cdfe34ab3af629933d7d0,
S12_F06_c011,12,classroom,S12_F06,F06,A11,train,P02,classroom/S12_F06/S12_F06_c011.mp4,realsense_480p,640,480,15.0,79,5.267,84ef526e1ad94f5b3fac13eaff4269c703b27143063aeec1411f2d683ef6966a,
S12_F06_c012,12,classroom,S12_F06,F06,A11,train,P01,classroom/S12_F06/S12_F06_c012.mp4,realsense_480p,640,480,15.0,69,4.6,1d717a8127496c1c9ec563079a56d4992e57e0625c2be2ad2f8688f0683c1dd2,
S12_F06_c013,12,classroom,S12_F06,F06,A11,train,P02,classroom/S12_F06/S12_F06_c013.mp4,realsense_480p,640,480,15.0,89,5.933,37866866b44b2ca260dbbde0ab41bf23677e64f5c0d71a1032850ae5d4517fe4,
S12_F06_c014,12,classroom,S12_F06,F06,A11,train,P02,classroom/S12_F06/S12_F06_c014.mp4,realsense_480p,640,480,15.0,82,5.467,2c1195c1971494b01d1bcb83f5f5726c3f0c75720f82db2529f6e4145a0a7f72,
S12_F06_c015,12,classroom,S12_F06,F06,A11,train,P02,classroom/S12_F06/S12_F06_c015.mp4,realsense_480p,640,480,15.0,82,5.467,885277634c1d8e118ccdc159d1dd709bccfdfb0fb0bfeb6623aaad9197b5cdfe,
S12_F06_c016,12,classroom,S12_F06,F06,A11,train,P02,classroom/S12_F06/S12_F06_c016.mp4,realsense_480p,640,480,15.0,93,6.2,a190c63bbc65cd96874fdd1bd7ec58d42e243429f8ffa4b5eeec62c33922c763,
S12_F06_c017,12,classroom,S12_F06,F06,A11,train,P02,classroom/S12_F06/S12_F06_c017.mp4,realsense_480p,640,480,15.0,105,7.0,4b85e651b93980d098f67698ddc2d2abc0603f0d43c177cdc56fc1eafb1b4c21,
S12_F06_c018,12,classroom,S12_F06,F06,A11,train,P01,classroom/S12_F06/S12_F06_c018.mp4,realsense_480p,640,480,15.0,80,5.333,3d87ba2d4e53a586be28c4900890bf10cedfc7ce0c108207525faac8dd122a8d,
S12_F06_c019,12,classroom,S12_F06,F06,A11,train,P01,classroom/S12_F06/S12_F06_c019.mp4,realsense_480p,640,480,15.0,78,5.2,3047ae223329e77cdd8454feed0b5d7bd1a9caa6be1236aaf8de1704b62bee8f,
S12_F06_c020,12,classroom,S12_F06,F06,A11,train,P01,classroom/S12_F06/S12_F06_c020.mp4,realsense_480p,640,480,15.0,84,5.6,f7ad625e22d071f3c24d4f98c27b0ec87b643f71b4d8b88808155c816cad3bba,
S12_F06_c021,12,classroom,S12_F06,F06,A11,train,P01,classroom/S12_F06/S12_F06_c021.mp4,realsense_480p,640,480,15.0,76,5.067,f2661862ef3e5233072e3e4826e37a9064777eb73cb8f94db77e8e9317fa8296,
S12_F06_c022,12,classroom,S12_F06,F06,A11,train,P01,classroom/S12_F06/S12_F06_c022.mp4,realsense_480p,640,480,15.0,79,5.267,fb71d5b4028b87de16b22b866479510d10fdf152f1f93bceeb3b2216f9ef5b01,
S12_F06_c023,12,classroom,S12_F06,F06,A11,train,P01,classroom/S12_F06/S12_F06_c023.mp4,realsense_480p,640,480,15.0,77,5.133,09aea662203135d481269fd11a1f620d6e786886b623740d6d0656ce36bdd2c5,
S12_F06_c024,12,classroom,S12_F06,F06,A11,train,P01,classroom/S12_F06/S12_F06_c024.mp4,realsense_480p,640,480,15.0,83,5.533,79b288558b115001c854d7229cc1fe2091b724465672c58c464db29bfcfcb9ed,
S12_F06_c025,12,classroom,S12_F06,F06,A11,train,P06,classroom/S12_F06/S12_F06_c025.mp4,realsense_480p,640,480,15.0,74,4.933,0c9c61823b504d9b2d316b92e4bd2d268cd2a46be79ca7099ba77e16d8bd0e7b,
S12_F06_c026,12,classroom,S12_F06,F06,A11,train,P06,classroom/S12_F06/S12_F06_c026.mp4,realsense_480p,640,480,15.0,76,5.067,697ae115f0521e57732b9059b6912a53dc45d83d9a43be1e9933da7e177d7d8e,
S12_F06_c027,12,classroom,S12_F06,F06,A11,train,P06,classroom/S12_F06/S12_F06_c027.mp4,realsense_480p,640,480,15.0,75,5.0,25331e9c86dadffab95895700ad0138d481f2af1aa3a92aefde01749e734ed0a,
S12_F06_c028,12,classroom,S12_F06,F06,A11,train,P06,classroom/S12_F06/S12_F06_c028.mp4,realsense_480p,640,480,15.0,74,4.933,4517fd45e28c2de917973650dc5d12ee811e2073bc67f0dda23a72974c9cb2c7,
S12_F06_c029,12,classroom,S12_F06,F06,A11,train,P06,classroom/S12_F06/S12_F06_c029.mp4,realsense_480p,640,480,15.0,87,5.8,d4507a3c5e4c1eca5e4e0d4ac6b26368527b2a224daa9bfcfef84f870b19a54d,
S12_F06_c030,12,classroom,S12_F06,F06,A11,train,P06,classroom/S12_F06/S12_F06_c030.mp4,realsense_480p,640,480,15.0,76,5.067,8aff9456b8422949040ab84c81694971c537b7d03cc4ead9623d5f847e3dfe8a,
S12_F06_c031,12,classroom,S12_F06,F06,A11,train,P03,classroom/S12_F06/S12_F06_c031.mp4,realsense_480p,640,480,15.0,80,5.333,8b5a69028ecfc2b64e2bb025992611761d6deccd51bfd0261c8b08e528a65b43,
S12_F06_c032,12,classroom,S12_F06,F06,A11,train,P03,classroom/S12_F06/S12_F06_c032.mp4,realsense_480p,640,480,15.0,83,5.533,dd1d1b2b72e45201253580bb116cc9ae5d3c493f4215c99f67b6fc6b5853537b,
S12_F06_c033,12,classroom,S12_F06,F06,A11,train,P03,classroom/S12_F06/S12_F06_c033.mp4,realsense_480p,640,480,15.0,93,6.2,ce6e5edef42aac8f5fe4f68beee1c04a2e47e18cba76229d051e7527ffb923bd,
S12_F06_c034,12,classroom,S12_F06,F06,A11,train,P01,classroom/S12_F06/S12_F06_c034.mp4,realsense_480p,640,480,15.0,87,5.8,55adf03766a5dc123272b29193c7e35b4850c360f1f70cca7771897529ae907b,
S12_F06_c035,12,classroom,S12_F06,F06,A11,train,P03,classroom/S12_F06/S12_F06_c035.mp4,realsense_480p,640,480,15.0,82,5.467,6d1355ef74a21bae2d3135b7eb23a4d8dcbdc6ab33bcdec908ea51e0d5b7617f,
S12_F06_c036,12,classroom,S12_F06,F06,A11,train,P03,classroom/S12_F06/S12_F06_c036.mp4,realsense_480p,640,480,15.0,76,5.067,913a26266f129dfff23e97de24f822aa14992b875cadb420c0bc027129bc405e,
S12_F06_c037,12,classroom,S12_F06,F06,A11,train,P03,classroom/S12_F06/S12_F06_c037.mp4,realsense_480p,640,480,15.0,87,5.8,22c8ffef1d7a69f72f7194c4842616067fb3d6d57632726efd3ab03cfd369f4e,
S12_F06_c038,12,classroom,S12_F06,F06,A11,train,P02,classroom/S12_F06/S12_F06_c038.mp4,realsense_480p,640,480,15.0,80,5.333,5fbc3b0c268ece032ca7abe1b5fe84dcc3c7cf4919b8183a01b8901337dbb1d0,
S12_F06_c039,12,classroom,S12_F06,F06,A11,train,P02,classroom/S12_F06/S12_F06_c039.mp4,realsense_480p,640,480,15.0,81,5.4,26f5bb7f3ad33dd74d6f9cbf146e64efafc5eddbcf796a7aa302fd9db0f19092,
S12_F06_c040,12,classroom,S12_F06,F06,A11,train,P02,classroom/S12_F06/S12_F06_c040.mp4,realsense_480p,640,480,15.0,85,5.667,e13479de522c9187c3c95db3527b445ca805f6ae048c38cafe5e97f5f447337a,
S12_F06_c041,12,classroom,S12_F06,F06,A11,train,P02,classroom/S12_F06/S12_F06_c041.mp4,realsense_480p,640,480,15.0,79,5.267,7727adf467cbba2dbd190cff5829bd3a93b52207b52e8d4fa9378803672ee9e6,
S12_F06_c042,12,classroom,S12_F06,F06,A11,train,P02,classroom/S12_F06/S12_F06_c042.mp4,realsense_480p,640,480,15.0,74,4.933,e563ecd66fafce997eb171d474e043d1c03095ca713b9883cfbd062b4c0bf094,
S12_F06_c043,12,classroom,S12_F06,F06,A11,train,P02,classroom/S12_F06/S12_F06_c043.mp4,realsense_480p,640,480,15.0,88,5.867,de43fb4295355a0798e7fa00f61e57ed3f8ba2330d724cbc48ed4d1c825f038a,
S12_F06_c044,12,classroom,S12_F06,F06,A11,train,P02,classroom/S12_F06/S12_F06_c044.mp4,realsense_480p,640,480,15.0,99,6.6,d439c64308a69a7b8c94393bfbc7860651f5cb2f0ba0f5ecf9f8f4cc30bc50f2,
S12_F06_c045,12,classroom,S12_F06,F06,A11,train,P01,classroom/S12_F06/S12_F06_c045.mp4,realsense_480p,640,480,15.0,82,5.467,c62e2843591772a287cc2295ca7f5402b1331fff122c7bde5cef79f5c0ea2964,
S12_F06_c046,12,classroom,S12_F06,F06,A11,train,P06,classroom/S12_F06/S12_F06_c046.mp4,realsense_480p,640,480,15.0,93,6.2,f65deed9b9792de9a4e530827a486f385bb8268ac6d32198273a3798fe6bf412,
S12_F06_c047,12,classroom,S12_F06,F06,A11,train,P03,classroom/S12_F06/S12_F06_c047.mp4,realsense_480p,640,480,15.0,84,5.6,1faa29912ad1952141277e1aaa7e59191fba38225c5b235ab2a80a5604752fc7,
S12_F06_c048,12,classroom,S12_F06,F06,A11,train,P03,classroom/S12_F06/S12_F06_c048.mp4,realsense_480p,640,480,15.0,85,5.667,f521c4fee1682db5ab8f12e13325ff32e71b23cfe2bb3caf25c262a42d0d9341,
S12_F06_c049,12,classroom,S12_F06,F06,A11,train,P01,classroom/S12_F06/S12_F06_c049.mp4,realsense_480p,640,480,15.0,85,5.667,3adaaf4b7ba8ae922777758921392a9925a239bed80df2bb9083522b5909c3f4,
S12_F06_c050,12,classroom,S12_F06,F06,A11,train,P01,classroom/S12_F06/S12_F06_c050.mp4,realsense_480p,640,480,15.0,91,6.067,4ed936f68a92a9a18de7398c3dacdd592e5f6e2dae40331e20a131224fb30810,
S12_F06_c051,12,classroom,S12_F06,F06,A11,train,P01,classroom/S12_F06/S12_F06_c051.mp4,realsense_480p,640,480,15.0,80,5.333,b7586ba9006d8b86088d39622fa02bca66802275768a8c61a8e60afc845cb356,
S12_F06_c052,12,classroom,S12_F06,F06,A11,train,P06,classroom/S12_F06/S12_F06_c052.mp4,realsense_480p,640,480,15.0,87,5.8,a2eb547d7e20cdf7334e4f6615675677b92d1bc8d55822ef7307f16a6ce6bf5e,
S12_F06_c053,12,classroom,S12_F06,F06,A11,train,P06,classroom/S12_F06/S12_F06_c053.mp4,realsense_480p,640,480,15.0,80,5.333,d9ae3c8895b687528bbd069e3f14601ad3ccca142e10153a6a1ec844460d3295,
S12_F06_c054,12,classroom,S12_F06,F06,A11,train,P06,classroom/S12_F06/S12_F06_c054.mp4,realsense_480p,640,480,15.0,80,5.333,4fe958e3a7ce8f1c5737d587fb1ee096607f71cc886ec4ae52d5ec35726d7403,
S13_F06_c001,13,classroom,S13_F06,F06,A11,train,P02,classroom/S13_F06/S13_F06_c001.MOV,phone_4k,3840,2160,29.992,182,6.068,bb05820730c5d9e63c2793897684f55c33a63dfe9df4e9a45e0af3c68ae6b04b,2026-07-25T13:04:10
S13_F06_c002,13,classroom,S13_F06,F06,A11,train,P02,classroom/S13_F06/S13_F06_c002.mp4,phone_1080p,1920,1080,29.991,164,5.468,b7afdffc69deeb72d0feb97f4dd094ccbb681d72150ea4d6d390d14114bc301a,2026-07-25T13:04:09
S13_F06_c003,13,classroom,S13_F06,F06,A11,train,P06,classroom/S13_F06/S13_F06_c003.MOV,phone_4k,3840,2160,30.0,169,5.633,43ad525d377c34e7a82d7096b7e5b4904f2c8ac0118c303018fbe83b8fa9a2a5,2026-07-25T13:19:14
S13_F06_c004,13,classroom,S13_F06,F06,A11,train,P06,classroom/S13_F06/S13_F06_c004.mp4,phone_1080p,1920,1080,29.991,171,5.702,489c76de4eeff0d1534b4cfd43d0474d39639b17cb8bcd4c6a04cc6684485aee,2026-07-25T13:19:13
S13_F06_c005,13,classroom,S13_F06,F06,A11,train,P06,classroom/S13_F06/S13_F06_c005.MOV,phone_4k,3840,2160,30.0,167,5.567,57eb48b64175e50b1efdc0f397616420baff205cdf13cd2e7f9988b0043bc4c0,2026-07-25T13:19:27
S13_F06_c006,13,classroom,S13_F06,F06,A11,train,P06,classroom/S13_F06/S13_F06_c006.mp4,phone_1080p,1920,1080,29.991,171,5.702,71b5158c511b7db4a27a063c81234831ec484b53932571400d9c24a9fd53294b,2026-07-25T13:19:27
S13_F06_c007,13,classroom,S13_F06,F06,A11,train,P06,classroom/S13_F06/S13_F06_c007.MOV,phone_4k,3840,2160,30.0,161,5.367,31e73d61f2cf8c58840fc65686c67139c1b020a968a9ad313d7e2909200cae28,2026-07-25T13:19:41
S13_F06_c008,13,classroom,S13_F06,F06,A11,train,P06,classroom/S13_F06/S13_F06_c008.mp4,phone_1080p,1920,1080,29.991,176,5.868,48ff00d4b5b8dfd5aadcbd54313935e9c1ed3522d70c6a309ccabc851fb6e4c7,2026-07-25T13:19:39
S13_F06_c009,13,classroom,S13_F06,F06,A11,train,P01,classroom/S13_F06/S13_F06_c009.MOV,phone_4k,3840,2160,30.0,126,4.2,52eb06b7c68f5876bce4231f5d0696891bf7f285f391d172ef0119203e7ab00c,2026-07-25T13:24:59
S13_F06_c010,13,classroom,S13_F06,F06,A11,train,P01,classroom/S13_F06/S13_F06_c010.mp4,phone_1080p,1920,1080,29.991,171,5.702,e004f2eb8bc0cf25420b48c00d7175282f88d188c02fb612a5fd0c5a18c0dc11,2026-07-25T13:24:55
S13_F06_c011,13,classroom,S13_F06,F06,A11,train,P01,classroom/S13_F06/S13_F06_c011.MOV,phone_4k,3840,2160,30.0,191,6.367,404ce301a8214842b794ec16e6e2760e991291998ab77ab6db926709507ef7ae,2026-07-25T13:25:06
S13_F06_c012,13,classroom,S13_F06,F06,A11,train,P01,classroom/S13_F06/S13_F06_c012.mp4,phone_1080p,1920,1080,29.991,169,5.635,40f2fa2b62fa042ba3da126f6327df12e90493446b544dcc9bc604616c290879,2026-07-25T13:25:06
S13_F06_c013,13,classroom,S13_F06,F06,A11,train,P01,classroom/S13_F06/S13_F06_c013.MOV,phone_4k,3840,2160,30.0,175,5.833,fdeeed5e5e61d21047e5710a139bba63274baffba0643a56d6782846c520bc59,2026-07-25T13:25:16
S13_F06_c014,13,classroom,S13_F06,F06,A11,train,P01,classroom/S13_F06/S13_F06_c014.mp4,phone_1080p,1920,1080,29.992,178,5.935,7b88302756da94d66e5d60b9091ed984018cc0d934af9f5312f00978e9f8803f,2026-07-25T13:25:16
S13_F06_c015,13,classroom,S13_F06,F06,A11,train,P01,classroom/S13_F06/S13_F06_c015.MOV,phone_4k,3840,2160,30.0,165,5.5,68b87cc8803717051f6b2eefa855199db83d204c7c839a5dec7beddb82e03649,2026-07-25T13:25:26
S13_F06_c016,13,classroom,S13_F06,F06,A11,train,P01,classroom/S13_F06/S13_F06_c016.mp4,phone_1080p,1920,1080,29.991,173,5.768,1fac2bb90ad093595f9ff8ec87ef65a58cc2bf50f1110b3d3ea98abc07dcb43c,2026-07-25T13:25:26
S13_F06_c017,13,classroom,S13_F06,F06,A11,train,P02,classroom/S13_F06/S13_F06_c017.mp4,realsense_480p,640,480,15.0,87,5.8,cd328cc97974b7f4b6dc5edcb0addf6c16836d20da9ce65140eabcb2c5ae31cc,2026-07-25T13:04:10
S13_F06_c018,13,classroom,S13_F06,F06,A11,train,P02,classroom/S13_F06/S13_F06_c018.mp4,realsense_480p,640,480,15.0,85,5.667,37996d055bb5ce9c630067a388464d7e4e608f59b4c0cad8a2176e40a4bb8364,2026-07-25T13:04:21
S13_F06_c019,13,classroom,S13_F06,F06,A11,train,P02,classroom/S13_F06/S13_F06_c019.mp4,realsense_480p,640,480,15.0,84,5.6,7797cb0995570d9d3e6917fba91b4b659119c022922b3b838d2ab51e5f46461a,2026-07-25T13:04:31
S13_F06_c020,13,classroom,S13_F06,F06,A11,train,P02,classroom/S13_F06/S13_F06_c020.MOV,phone_4k,3840,2160,29.991,168,5.602,0fa24552e6ee01b7317bf85ba0ea3814ee64a80e4dd9cbfa6897c37687a90c24,2026-07-25T13:04:21
S13_F06_c021,13,classroom,S13_F06,F06,A11,train,P02,classroom/S13_F06/S13_F06_c021.mp4,phone_1080p,1920,1080,29.991,161,5.368,0ef3cd7993a57508557499bfab4edebebca3b16dc33a36adbd7ba203ea514825,2026-07-25T13:04:21
S13_F06_c022,13,classroom,S13_F06,F06,A11,train,P02,classroom/S13_F06/S13_F06_c022.mp4,realsense_480p,640,480,15.0,76,5.067,6fc17301b70bb2f400924098c001d9f6dc7b96c5a37371f952a066a266a310b9,2026-07-25T13:04:40
S13_F06_c023,13,classroom,S13_F06,F06,A11,train,P04,classroom/S13_F06/S13_F06_c023.mp4,realsense_480p,640,480,15.0,92,6.133,aba28b2dd761cd1a027bfe1c0b1d7f91d0c1102cfa746437bed1e3e0711c6a7e,2026-07-25T13:10:27
S13_F06_c024,13,classroom,S13_F06,F06,A11,train,P04,classroom/S13_F06/S13_F06_c024.mp4,realsense_480p,640,480,15.0,91,6.067,409749bb500c63eee4236ee34e5a08f843f1d06a71e41bd7c07f3a954ff4b9c7,2026-07-25T13:10:39
S13_F06_c025,13,classroom,S13_F06,F06,A11,train,P04,classroom/S13_F06/S13_F06_c025.mp4,realsense_480p,640,480,15.0,86,5.733,c416065cd2ff514b1df09b6dcdfb078e4fe4fcacf3973b53f84961be4e753c6e,2026-07-25T13:10:50
S13_F06_c026,13,classroom,S13_F06,F06,A11,train,P04,classroom/S13_F06/S13_F06_c026.mp4,realsense_480p,640,480,15.0,98,6.533,5c3759e85876a8a1397a6ef97a50b6303e112fab30f1064477f6dc6cfc7aafdd,2026-07-25T13:10:58
S13_F06_c027,13,classroom,S13_F06,F06,A11,train,P06,classroom/S13_F06/S13_F06_c027.mp4,realsense_480p,640,480,15.0,89,5.933,c80c62c476a102267ae398ef169229ae18447846718029e08f4de307c2178e2b,2026-07-25T13:19:00
S13_F06_c028,13,classroom,S13_F06,F06,A11,train,P06,classroom/S13_F06/S13_F06_c028.mp4,realsense_480p,640,480,15.0,89,5.933,5bc1c31a3770ba944843b1589747e94113d4ed2562c7f62742471641abe9e914,2026-07-25T13:19:14
S13_F06_c029,13,classroom,S13_F06,F06,A11,train,P06,classroom/S13_F06/S13_F06_c029.mp4,realsense_480p,640,480,15.0,86,5.733,a0433110ff1070a09280968a387d0a1a305d28a029c6cb12877079be76b64bb0,2026-07-25T13:19:28
S13_F06_c030,13,classroom,S13_F06,F06,A11,train,P06,classroom/S13_F06/S13_F06_c030.mp4,realsense_480p,640,480,15.0,86,5.733,edea4d7bbbe17d8770c3dbd34f809d261c726b985231bf8c0f7244f618a04fc0,2026-07-25T13:19:39
S13_F06_c031,13,classroom,S13_F06,F06,A11,train,P01,classroom/S13_F06/S13_F06_c031.mp4,realsense_480p,640,480,15.0,95,6.333,a1b0848cca717c4c61ec97ef2772536510902ab59040d99258c03a2519ded41c,2026-07-25T13:24:56
S13_F06_c032,13,classroom,S13_F06,F06,A11,train,P02,classroom/S13_F06/S13_F06_c032.MOV,phone_4k,3840,2160,29.991,169,5.635,8f5c168f455f4a2feb9d8a96159a9841482f48232a80a03d43b4a52259b0f237,2026-07-25T13:04:31
S13_F06_c033,13,classroom,S13_F06,F06,A11,train,P02,classroom/S13_F06/S13_F06_c033.mp4,phone_1080p,1920,1080,29.989,139,4.635,90a386a652f1da6193449ac9556ae359357f3896c94f6852f13135d2980d5f62,2026-07-25T13:04:30
S13_F06_c034,13,classroom,S13_F06,F06,A11,train,P01,classroom/S13_F06/S13_F06_c034.mp4,realsense_480p,640,480,15.0,78,5.2,767103db37223744bbb581d0930a6ea9fc5b2458f7eff2e59963633d34dbe257,2026-07-25T13:25:07
S13_F06_c035,13,classroom,S13_F06,F06,A11,train,P01,classroom/S13_F06/S13_F06_c035.mp4,realsense_480p,640,480,15.0,86,5.733,e4713d7837e7f71a91c68f41a35fd4987cbc9ae6ae47fa9d292380a3e3321228,2026-07-25T13:25:17
S13_F06_c036,13,classroom,S13_F06,F06,A11,train,P01,classroom/S13_F06/S13_F06_c036.mp4,realsense_480p,640,480,15.0,91,6.067,2826caa5e3f1c3ab3935aaef2fd6e43fdd3106bc59545f10f3f9b2f194bd919f,2026-07-25T13:25:26
S13_F06_c037,13,classroom,S13_F06,F06,A11,train,P02,classroom/S13_F06/S13_F06_c037.MOV,phone_4k,3840,2160,29.991,165,5.502,944323588db5c48d71abcb353af45c53e648c864e80e3541c1434057e464aa23,2026-07-25T13:04:40
S13_F06_c038,13,classroom,S13_F06,F06,A11,train,P02,classroom/S13_F06/S13_F06_c038.mp4,phone_1080p,1920,1080,29.99,152,5.068,64c44723a1c853d21ba1ec769afd72a392604ef04d8c9ed3254e1aa1e6fb4858,2026-07-25T13:04:40
S13_F06_c039,13,classroom,S13_F06,F06,A11,train,P04,classroom/S13_F06/S13_F06_c039.MOV,phone_4k,3840,2160,30.0,167,5.567,76d2944178cfdc0387d31963e4d65df3c21bb49c3302c18942e07a05f12ea272,2026-07-25T13:10:27
S13_F06_c040,13,classroom,S13_F06,F06,A11,train,P04,classroom/S13_F06/S13_F06_c040.mp4,phone_1080p,1920,1080,29.991,162,5.402,d43a39dc3a0ef3e8e6dd8e7f45bdd8dd0b5c40db65a803c5e795cb6c4ba5d079,2026-07-25T13:10:26
S13_F06_c041,13,classroom,S13_F06,F06,A11,train,P04,classroom/S13_F06/S13_F06_c041.MOV,phone_4k,3840,2160,30.0,180,6.0,f8fbca270180c555b9f1a9699ef15e9b4a13152360e222ef1d5a57871e584b75,2026-07-25T13:10:38
S13_F06_c042,13,classroom,S13_F06,F06,A11,train,P04,classroom/S13_F06/S13_F06_c042.mp4,phone_1080p,1920,1080,29.991,166,5.535,4b7c4b4c466e4f67d50cdaf27f1ee0055c75984aaf82f5ae09baab94671a2d4e,2026-07-25T13:10:38
S13_F06_c043,13,classroom,S13_F06,F06,A11,train,P04,classroom/S13_F06/S13_F06_c043.MOV,phone_4k,3840,2160,30.0,181,6.033,56b2fa07c78e1533029f3f5bc3c7c4f0ea8f8d732a7cf727eabd9295eefd2005,2026-07-25T13:10:49
S13_F06_c044,13,classroom,S13_F06,F06,A11,train,P04,classroom/S13_F06/S13_F06_c044.mp4,phone_1080p,1920,1080,29.991,164,5.468,c0b8798227d918edd144f9efae281d872d79ad6734d8cdb9620fa183414ea455,2026-07-25T13:10:49
S13_F06_c045,13,classroom,S13_F06,F06,A11,train,P04,classroom/S13_F06/S13_F06_c045.MOV,phone_4k,3840,2160,30.0,181,6.033,219710018ed789adbee77b5bd2d2c11a0726e3aa0074e61de89a0344a2ca12f8,2026-07-25T13:10:58
S13_F06_c046,13,classroom,S13_F06,F06,A11,train,P04,classroom/S13_F06/S13_F06_c046.mp4,phone_1080p,1920,1080,29.991,160,5.335,3c5f53cbe24465bbff145f4826c5c53fca45afee79ef1412e5b077ab20f7e8e4,2026-07-25T13:10:58
S13_F06_c047,13,classroom,S13_F06,F06,A11,train,P02,classroom/S13_F06/S13_F06_c047.MOV,phone_4k,3840,2160,30.0,188,6.267,c42cd2a19517dd8c175e511cf9083613c5c4cce543cb54aa931edab94fa37287,2026-07-25T13:18:59
S13_F06_c048,13,classroom,S13_F06,F06,A11,train,P02,classroom/S13_F06/S13_F06_c048.mp4,phone_1080p,1920,1080,29.992,178,5.935,81650b29b7673111a50fe635c97679a4b14be6a52b9e1c99fe71cac1cc08ecbf,2026-07-25T13:18:59
S14_F07_c001,14,classroom,S14_F07,F07,A08,train,P01,classroom/S14_F07/S14_F07_c001.mp4,realsense_480p,640,480,15.0,82,5.467,894ee2dbecef0510a728803bf6900e7a2052aca70225a162eabc2fb2f652b289,
S14_F07_c002,14,classroom,S14_F07,F07,A08,train,P02,classroom/S14_F07/S14_F07_c002.mp4,realsense_480p,640,480,15.0,101,6.733,394f19a9a2f75b77dd790429bbd17618a95dd76e99af9f5c0308c027ce161957,
S14_F07_c003,14,classroom,S14_F07,F07,A08,train,P02,classroom/S14_F07/S14_F07_c003.mp4,realsense_480p,640,480,15.0,85,5.667,bd465fa9310634eb2178adc28dddb46dc5657ef955a2ac89c7f7da0512350c29,
S14_F07_c004,14,classroom,S14_F07,F07,A08,train,P02,classroom/S14_F07/S14_F07_c004.mp4,realsense_480p,640,480,15.0,90,6.0,92ea8293818582549c3b2ecd1f2af664fd7e8b3beaf5a42600b9541533f0a276,
S14_F07_c005,14,classroom,S14_F07,F07,A08,train,P02,classroom/S14_F07/S14_F07_c005.mp4,realsense_480p,640,480,15.0,87,5.8,02afacfce059bb18c769b756a8fffa130b984ab257dd355e8e55356534f2ec90,
S14_F07_c006,14,classroom,S14_F07,F07,A08,train,P02,classroom/S14_F07/S14_F07_c006.mp4,realsense_480p,640,480,15.0,88,5.867,699df5d6e8660cecd940207ca0a10dd17b4193d96c64e646589f1838b78f6b7b,
S14_F07_c007,14,classroom,S14_F07,F07,A08,train,P02,classroom/S14_F07/S14_F07_c007.mp4,realsense_480p,640,480,15.0,88,5.867,8767491fa7d82b8c007da4ef07980ea34450699ba041a59762c50a02ca0842b2,
S14_F07_c008,14,classroom,S14_F07,F07,A08,train,P06,classroom/S14_F07/S14_F07_c008.mp4,realsense_480p,640,480,15.0,98,6.533,53a8de3be0e2fe50e87d6f8d1fed34d1897abd1ab591b62ea90abf018da28f3c,
S14_F07_c009,14,classroom,S14_F07,F07,A08,train,P06,classroom/S14_F07/S14_F07_c009.mp4,realsense_480p,640,480,15.0,98,6.533,15f1d09821593a8275370dcb70bcfddd485312996bbb7a0e673c711d14ffc249,
S14_F07_c010,14,classroom,S14_F07,F07,A08,train,P06,classroom/S14_F07/S14_F07_c010.mp4,realsense_480p,640,480,15.0,92,6.133,353f4bae5b9744267a6baeb945d910c6c5c0fe978f11034a4402aabaf41974d0,
S14_F07_c011,14,classroom,S14_F07,F07,A08,train,P03,classroom/S14_F07/S14_F07_c011.mp4,realsense_480p,640,480,15.0,88,5.867,0981dee52b51e709f07e2ad79b891e22e90b2d9f875b8419ac7197104b3ea0ce,
S14_F07_c012,14,classroom,S14_F07,F07,A08,train,P01,classroom/S14_F07/S14_F07_c012.mp4,realsense_480p,640,480,15.0,78,5.2,3dc53a5702c094b38c7e7527ae6f1372d00d42999cb01a68cbd9684721e8ccfb,
S14_F07_c013,14,classroom,S14_F07,F07,A08,train,P03,classroom/S14_F07/S14_F07_c013.mp4,realsense_480p,640,480,15.0,86,5.733,e9b8a705b078005c418a58bc41648029531ab25182241799936af40243b76170,
S14_F07_c014,14,classroom,S14_F07,F07,A08,train,P03,classroom/S14_F07/S14_F07_c014.mp4,realsense_480p,640,480,15.0,78,5.2,5127f65efe6b9d81d3a17a35e8d4cafa4cf50fe321be73d7640c675ae49e5808,
S14_F07_c015,14,classroom,S14_F07,F07,A08,train,P01,classroom/S14_F07/S14_F07_c015.mp4,realsense_480p,640,480,15.0,78,5.2,a4f5bcb38d4f148596947ff4e07d6c43d73e148b5bf746055d3fbd998e6e9967,
S14_F07_c016,14,classroom,S14_F07,F07,A08,train,P01,classroom/S14_F07/S14_F07_c016.mp4,realsense_480p,640,480,15.0,75,5.0,4165889ed6c65decfe44e72277014f109abff460dd87f57c0e7c86e2fea2c89b,
S14_F07_c017,14,classroom,S14_F07,F07,A08,train,P01,classroom/S14_F07/S14_F07_c017.mp4,realsense_480p,640,480,15.0,78,5.2,3ca83a0d8fd156f38598ac5695411e32b8b16bb31821e8722f2879c8478d8720,
S14_F07_c018,14,classroom,S14_F07,F07,A08,train,P01,classroom/S14_F07/S14_F07_c018.mp4,realsense_480p,640,480,15.0,82,5.467,4a6165325d33db205392deb8160d15e950d3af62f61f0064e12fc420e3b910e7,
S14_F07_c019,14,classroom,S14_F07,F07,A08,train,P01,classroom/S14_F07/S14_F07_c019.mp4,realsense_480p,640,480,15.0,81,5.4,dcc1dd25c3adf24935ff0f96892f6308bb6be37e99bd7cc1108b1e5f0ead921b,
S14_F07_c020,14,classroom,S14_F07,F07,A08,train,P01,classroom/S14_F07/S14_F07_c020.mp4,realsense_480p,640,480,15.0,79,5.267,ecaf7913981bbc022ef502c22408304729fd2bf9960085f460f3c75067e65b59,
S14_F07_c021,14,classroom,S14_F07,F07,A08,train,P06,classroom/S14_F07/S14_F07_c021.mp4,realsense_480p,640,480,15.0,78,5.2,0eb19c6c7d4b06da2c05f97ff57577b73caf9762a5c1a291f827b9e1cdfdc3fd,
S14_F07_c022,14,classroom,S14_F07,F07,A08,train,P06,classroom/S14_F07/S14_F07_c022.mp4,realsense_480p,640,480,15.0,76,5.067,a79be169b692bed041f95229d8b6a302aebd1b215d98220ed997539627ed3b0d,
S14_F07_c023,14,classroom,S14_F07,F07,A08,train,P01,classroom/S14_F07/S14_F07_c023.mp4,realsense_480p,640,480,15.0,76,5.067,ef5e87f0e7c36cf5d3aa777253b88d9695d8900ca42d69b8dd4856e98def80f9,
S14_F07_c024,14,classroom,S14_F07,F07,A08,train,P06,classroom/S14_F07/S14_F07_c024.mp4,realsense_480p,640,480,15.0,70,4.667,b01412895a2f01615c2c3c7a5d6f7170eb1dcae74c59ac83ed0feec6a02535be,
S14_F07_c025,14,classroom,S14_F07,F07,A08,train,P03,classroom/S14_F07/S14_F07_c025.mp4,realsense_480p,640,480,15.0,82,5.467,0fdd7fdff774eb0414bf59410c8d7999a913d977e7a171cc5b62529e76fd2715,
S14_F07_c026,14,classroom,S14_F07,F07,A08,train,P03,classroom/S14_F07/S14_F07_c026.mp4,realsense_480p,640,480,15.0,76,5.067,59c7ea43324e0a96165b5462c34fbeaa5db836d70ded764d28a67393ca61bb04,
S14_F07_c027,14,classroom,S14_F07,F07,A08,train,P03,classroom/S14_F07/S14_F07_c027.mp4,realsense_480p,640,480,15.0,89,5.933,2b6d41766b153b92a17be69bf301794e096841f3e73d319979083886a23126c4,
S14_F07_c028,14,classroom,S14_F07,F07,A08,train,P02,classroom/S14_F07/S14_F07_c028.mp4,realsense_480p,640,480,15.0,84,5.6,bc440ad18d140229e53f446cfbedff02fee09089a608ceea98a5fc9e726353a1,
S14_F07_c029,14,classroom,S14_F07,F07,A08,train,P02,classroom/S14_F07/S14_F07_c029.mp4,realsense_480p,640,480,15.0,83,5.533,2827ddedf32b00a6c96cf0e2b0d9c5966f34e790a763e49b079a4f4f58f7a7d2,
S14_F07_c030,14,classroom,S14_F07,F07,A08,train,P02,classroom/S14_F07/S14_F07_c030.mp4,realsense_480p,640,480,15.0,84,5.6,e37d5aee409deef936c50f2972f87edb8771490f8dd58131cccd839cd84b03b8,
S14_F07_c031,14,classroom,S14_F07,F07,A08,train,P02,classroom/S14_F07/S14_F07_c031.mp4,realsense_480p,640,480,15.0,85,5.667,e079ab6ffe0013a77911a48e12a77515351b86f473b235b4c1ad1915723d08a0,
S14_F07_c032,14,classroom,S14_F07,F07,A08,train,P02,classroom/S14_F07/S14_F07_c032.mp4,realsense_480p,640,480,15.0,81,5.4,ce62e20334f4f0306eede11a47f7b355d835afc46bc49a6b41a99a85c424b0f3,
S14_F07_c033,14,classroom,S14_F07,F07,A08,train,P02,classroom/S14_F07/S14_F07_c033.mp4,realsense_480p,640,480,15.0,95,6.333,d04d35214092b2c4d8d3715ae0cc32a17e23569ec34f2953dff2539f2e20603f,
S14_F07_c034,14,classroom,S14_F07,F07,A08,train,P06,classroom/S14_F07/S14_F07_c034.mp4,realsense_480p,640,480,15.0,77,5.133,debaab541057aebe71692fd25cb4352fd07ccfbc7fff3d73bd38ee5af58a2359,
S14_F07_c035,14,classroom,S14_F07,F07,A08,train,P06,classroom/S14_F07/S14_F07_c035.mp4,realsense_480p,640,480,15.0,90,6.0,f2f5ed73b07d9a631ede654961a023813d1cdf2054a3188b0c484c6550205c40,
S14_F07_c036,14,classroom,S14_F07,F07,A08,train,P03,classroom/S14_F07/S14_F07_c036.mp4,realsense_480p,640,480,15.0,85,5.667,a79a52f67be25d6a0d5bad6ac9fbfe277862cab35400e8a141f8cb871adff897,
S14_F07_c037,14,classroom,S14_F07,F07,A08,train,P03,classroom/S14_F07/S14_F07_c037.mp4,realsense_480p,640,480,15.0,82,5.467,b1ad257d9d5e5f1b9c02334e70d76349cab8b97f11ea7aae4281e37b0dfcb2c1,
S14_F07_c038,14,classroom,S14_F07,F07,A08,train,P03,classroom/S14_F07/S14_F07_c038.mp4,realsense_480p,640,480,15.0,88,5.867,a6c4ba821aa336a238ef18e7165092c7f9d247c2c8f244904f9f9b6a07848df0,
S14_F07_c039,14,classroom,S14_F07,F07,A08,train,P03,classroom/S14_F07/S14_F07_c039.mp4,realsense_480p,640,480,15.0,87,5.8,c4c5fa0889e91a297dcdf9f202d6f50adaf08c6052a6110caa1e1dbb6d4e140b,
S14_F07_c040,14,classroom,S14_F07,F07,A08,train,P03,classroom/S14_F07/S14_F07_c040.mp4,realsense_480p,640,480,15.0,100,6.667,16d6291840da8dc20345c0dfeaff7cdaef4c0aa1a934d7345e3f46af31c13a2f,
S14_F07_c041,14,classroom,S14_F07,F07,A08,train,P01,classroom/S14_F07/S14_F07_c041.mp4,realsense_480p,640,480,15.0,82,5.467,fbce29246b2f75b79a7a614769cfc60458b8e8a12088de884b94469c41ddc9c2,
S14_F07_c042,14,classroom,S14_F07,F07,A08,train,P01,classroom/S14_F07/S14_F07_c042.mp4,realsense_480p,640,480,15.0,74,4.933,a1d8fc4f1c622fcc86ab381c1a634b1328b8bafde86ca14bc434dad6f10b1d05,
S14_F07_c043,14,classroom,S14_F07,F07,A08,train,P01,classroom/S14_F07/S14_F07_c043.mp4,realsense_480p,640,480,15.0,80,5.333,6ce75ef5dcda6fce3e108c7861c7049909137f8aff854e6ff57be0bc4a1514fb,
S14_F07_c044,14,classroom,S14_F07,F07,A08,train,P06,classroom/S14_F07/S14_F07_c044.mp4,realsense_480p,640,480,15.0,81,5.4,0e934469a50592346e80babc11b8053dd439676f14210bc5d442f1d56a2e33be,
S14_F07_c045,14,classroom,S14_F07,F07,A08,train,P06,classroom/S14_F07/S14_F07_c045.mp4,realsense_480p,640,480,15.0,76,5.067,a9f92722202cceb68a2a297604d15cf48eaf00c8a935e61dc90acc0eb20c0f94,
S14_F07_c046,14,classroom,S14_F07,F07,A08,train,P03,classroom/S14_F07/S14_F07_c046.mp4,realsense_480p,640,480,15.0,89,5.933,b575d1a99255bbd203dbc5b0c67e982be216b8b8cca036f46afb9b6bc73be4c7,
S14_F07_c047,14,classroom,S14_F07,F07,A08,train,P03,classroom/S14_F07/S14_F07_c047.mp4,realsense_480p,640,480,15.0,82,5.467,d0624defebf366184029f75f2d818b24b6ccb53d5cdd1676ea0e110caeb7f0c7,
S14_F07_c048,14,classroom,S14_F07,F07,A08,train,P03,classroom/S14_F07/S14_F07_c048.mp4,realsense_480p,640,480,15.0,86,5.733,363b2a73bd9d75e12479f2278c19639d0d4dc385fa09901ed74294f9d7c29d5a,
S15_F07_c001,15,classroom,S15_F07,F07,A08,train,P01,classroom/S15_F07/S15_F07_c001.MOV,phone_4k,3840,2160,30.0,165,5.5,b147d4e9f2cea26546ce2ae9722767e5a1f5aa2b679a5c5ad32a101b4e87b68f,2026-07-25T14:55:51
S15_F07_c002,15,classroom,S15_F07,F07,A08,train,P01,classroom/S15_F07/S15_F07_c002.mp4,phone_1080p,1920,1080,29.991,164,5.468,959a8f7bb17cf2308a28549a98f60414242755ec05d224dddc91ea6f171420e8,2026-07-25T14:55:51
S15_F07_c003,15,classroom,S15_F07,F07,A08,train,P04,classroom/S15_F07/S15_F07_c003.MOV,phone_4k,3840,2160,30.0,176,5.867,872e82fd9cac97787cc02814b095471c5ee2d037aca190400f2d096a62644189,2026-07-25T15:18:56
S15_F07_c004,15,classroom,S15_F07,F07,A08,train,P04,classroom/S15_F07/S15_F07_c004.mp4,phone_1080p,1920,1080,29.991,165,5.502,e2b27facd4a187ada062c0da72b2f40ccf7a55f2803b0ffa5aeddd3f3298b132,2026-07-25T15:18:56
S15_F07_c005,15,classroom,S15_F07,F07,A08,train,P04,classroom/S15_F07/S15_F07_c005.MOV,phone_4k,3840,2160,30.0,176,5.867,b6b73a01809546301ed2fa05605e9d717aea79675421516075d91ef4e8e8a31a,2026-07-25T15:19:10
S15_F07_c006,15,classroom,S15_F07,F07,A08,train,P04,classroom/S15_F07/S15_F07_c006.mp4,phone_1080p,1920,1080,29.991,163,5.435,f7d7a602efb5487e9aeb32a374146a678a0b686e32bbd3bc5da2daeb0220b9c0,2026-07-25T15:19:10
S15_F07_c007,15,classroom,S15_F07,F07,A08,train,P04,classroom/S15_F07/S15_F07_c007.MOV,phone_4k,3840,2160,30.0,178,5.933,a16a731a5b5f32d036a228f688450f3aebcd19cfbcca6c66cc88fe7bce35ac8a,2026-07-25T15:19:19
S15_F07_c008,15,classroom,S15_F07,F07,A08,train,P04,classroom/S15_F07/S15_F07_c008.mp4,phone_1080p,1920,1080,29.991,166,5.535,40e9b0d92594b669664f54ced19989ed9dfd29f128fb2bd465d1860bb0eb504e,2026-07-25T15:19:20
S15_F07_c009,15,classroom,S15_F07,F07,A08,train,P06,classroom/S15_F07/S15_F07_c009.MOV,phone_4k,3840,2160,30.0,167,5.567,b9d496c6e97a2f00c6b9313ef421a24fecb58c3490b7a52d86e68d137a6f122e,2026-07-25T15:25:25
S15_F07_c010,15,classroom,S15_F07,F07,A08,train,P06,classroom/S15_F07/S15_F07_c010.mp4,phone_1080p,1920,1080,29.991,163,5.435,82aafa190932f19661255d8471b054f48ed9f8e540d1a46a8765a87ac0b383a5,2026-07-25T15:25:25
S15_F07_c011,15,classroom,S15_F07,F07,A08,train,P06,classroom/S15_F07/S15_F07_c011.MOV,phone_4k,3840,2160,30.0,174,5.8,2cccc902c29188f0ba590a7777bbc61e0f9c0e103713a3b1c8c40ac4836f3930,2026-07-25T15:25:35
S15_F07_c012,15,classroom,S15_F07,F07,A08,train,P06,classroom/S15_F07/S15_F07_c012.mp4,phone_1080p,1920,1080,29.991,163,5.435,32cd0cff1d10c513da0a9458a77df2ff122a2a1e532dfdec0a2796ec0b672be8,2026-07-25T15:25:35
S15_F07_c013,15,classroom,S15_F07,F07,A08,train,P06,classroom/S15_F07/S15_F07_c013.MOV,phone_4k,3840,2160,30.0,180,6.0,40b6d69727189e625267ad2e74c6f94c984a74bad2dff90b51197b8503e847ff,2026-07-25T15:25:51
S15_F07_c014,15,classroom,S15_F07,F07,A08,train,P06,classroom/S15_F07/S15_F07_c014.mp4,phone_1080p,1920,1080,29.991,163,5.435,fee6ed01b9fed3bbf927ef27e8565039f77ef7d650a8389200ddd254c3ee4ff4,2026-07-25T15:25:51
S15_F07_c015,15,classroom,S15_F07,F07,A08,train,P06,classroom/S15_F07/S15_F07_c015.MOV,phone_4k,3840,2160,30.0,170,5.667,ecd8a6f7f3ef7d21ddc983ce68744dec199b25bc7c29fd785688160af9e5c6b8,2026-07-25T15:26:00
S15_F07_c016,15,classroom,S15_F07,F07,A08,train,P06,classroom/S15_F07/S15_F07_c016.mp4,phone_1080p,1920,1080,29.991,165,5.502,2c5eb6585bd41edfd13a728ec2f8e1582dd0aa332fcbf2c0aeaf8c96d6a629c9,2026-07-25T15:25:59
S15_F07_c017,15,classroom,S15_F07,F07,A08,train,P01,classroom/S15_F07/S15_F07_c017.mp4,realsense_480p,640,480,15.0,87,5.8,82ac239f44111f8e3eccb85b3eba968b28f36e31d15b3424aca06f6d0e255ec5,2026-07-25T14:55:52
S15_F07_c018,15,classroom,S15_F07,F07,A08,train,P01,classroom/S15_F07/S15_F07_c018.mp4,realsense_480p,640,480,15.0,107,7.133,ae20da938c4a3c44a7916d879978d8e29797e981ecabf92226a1548b979dcd27,2026-07-25T14:56:03
S15_F07_c019,15,classroom,S15_F07,F07,A08,train,P01,classroom/S15_F07/S15_F07_c019.mp4,realsense_480p,640,480,15.0,87,5.8,758463e9a740265abca89ec7c723c8927f372e75072d6c5d55ea2184e8c82ea9,2026-07-25T14:56:22
S15_F07_c020,15,classroom,S15_F07,F07,A08,train,P01,classroom/S15_F07/S15_F07_c020.MOV,phone_4k,3840,2160,30.0,180,6.0,22ac7ef01f6ae0e49a9efc846b7c5191117a108c53bc58bca410d476ee70fd42,2026-07-25T14:56:03
S15_F07_c021,15,classroom,S15_F07,F07,A08,train,P01,classroom/S15_F07/S15_F07_c021.mp4,phone_1080p,1920,1080,29.991,169,5.635,88639708f5f4c5a6caaff7c77e86fad49f01371e77070eb9891944ee761645eb,2026-07-25T14:56:03
S15_F07_c022,15,classroom,S15_F07,F07,A08,train,P01,classroom/S15_F07/S15_F07_c022.mp4,realsense_480p,640,480,15.0,84,5.6,fbb23349ad4dd883fd16c1d6d9b70ab9f4642e5f80e6eaca84e07f23c07cc523,2026-07-25T14:56:31
S15_F07_c023,15,classroom,S15_F07,F07,A08,train,P02,classroom/S15_F07/S15_F07_c023.mp4,realsense_480p,640,480,15.0,86,5.733,487d7bd339e27e95716dfcb2d71c9270270247c912b3f256c5dcb0c5e06c62ad,2026-07-25T15:06:28
S15_F07_c024,15,classroom,S15_F07,F07,A08,train,P02,classroom/S15_F07/S15_F07_c024.mp4,realsense_480p,640,480,15.0,92,6.133,6264995fb44e76f7ccca3b5fb4400cbd1ccbd03ac63cf889c5ecee1d1a0efbfd,2026-07-25T15:06:38
S15_F07_c025,15,classroom,S15_F07,F07,A08,train,P02,classroom/S15_F07/S15_F07_c025.mp4,realsense_480p,640,480,15.0,100,6.667,9a9617a35f584052521b2ab559e7f768db198d13b27a457d43bbf36d72d81943,2026-07-25T15:07:04
S15_F07_c026,15,classroom,S15_F07,F07,A08,train,P02,classroom/S15_F07/S15_F07_c026.mp4,realsense_480p,640,480,15.0,90,6.0,5fb25395bd93744d50c0c773182bb02d91872ca55a75306e1f9207035820ac70,2026-07-25T15:07:13
S15_F07_c027,15,classroom,S15_F07,F07,A08,train,P04,classroom/S15_F07/S15_F07_c027.mp4,realsense_480p,640,480,15.0,90,6.0,1fff26876ef9ff0b60203d1a5bba42987732bd2f730713a895403e6585a5a11a,2026-07-25T15:18:41
S15_F07_c028,15,classroom,S15_F07,F07,A08,train,P04,classroom/S15_F07/S15_F07_c028.mp4,realsense_480p,640,480,15.0,92,6.133,eed755072bc4adc60a358c1c04c64c70533e667751f20bf07a9089d56fb6e4bc,2026-07-25T15:18:56
S15_F07_c029,15,classroom,S15_F07,F07,A08,train,P04,classroom/S15_F07/S15_F07_c029.mp4,realsense_480p,640,480,15.0,90,6.0,35318f0151f0952d3275f878a3ad382a908791faf5b9ffdbf4c6951f1c11214d,2026-07-25T15:19:11
S15_F07_c030,15,classroom,S15_F07,F07,A08,train,P04,classroom/S15_F07/S15_F07_c030.mp4,realsense_480p,640,480,15.0,93,6.2,36b5d3226fe6387a3e701e8a2c9710826cbea30d687fdb7dc0526e0d9041fe65,2026-07-25T15:19:20
S15_F07_c031,15,classroom,S15_F07,F07,A08,train,P06,classroom/S15_F07/S15_F07_c031.mp4,realsense_480p,640,480,15.0,85,5.667,e317574d0c1af348eee586e91a662cbd69c6e1e8254ebb4f6f14ba3c3e8fa1b7,2026-07-25T15:25:26
S15_F07_c032,15,classroom,S15_F07,F07,A08,train,P01,classroom/S15_F07/S15_F07_c032.MOV,phone_4k,3840,2160,30.0,166,5.533,1b4eb4d411a5c90ef826f23b96977a3d02f56bf7c6815fa59f627b1b0255587c,2026-07-25T14:56:22
S15_F07_c033,15,classroom,S15_F07,F07,A08,train,P01,classroom/S15_F07/S15_F07_c033.mp4,phone_1080p,1920,1080,29.991,165,5.502,2b82ddbeab24ac887d38f213d69e529bc21cfc9319d034c88398bf3711aa0ab1,2026-07-25T14:56:21
S15_F07_c034,15,classroom,S15_F07,F07,A08,train,P06,classroom/S15_F07/S15_F07_c034.mp4,realsense_480p,640,480,15.0,87,5.8,02b01ee2dd868e1b3fc35f223245ede46851c352b6dd6c0403e6376fbaa4e257,2026-07-25T15:25:35
S15_F07_c035,15,classroom,S15_F07,F07,A08,train,P06,classroom/S15_F07/S15_F07_c035.mp4,realsense_480p,640,480,15.0,86,5.733,afb9272cc748daab6a3b9e8379043c095b7a5898a8d41c925fe684b2ce444249,2026-07-25T15:25:52
S15_F07_c036,15,classroom,S15_F07,F07,A08,train,P06,classroom/S15_F07/S15_F07_c036.mp4,realsense_480p,640,480,15.0,88,5.867,7c0988f6ab4a99f151b7dd9c5b669a384b5f2b6ceb0271f05899ab24dd2f7bec,2026-07-25T15:26:00
S15_F07_c037,15,classroom,S15_F07,F07,A08,train,P01,classroom/S15_F07/S15_F07_c037.MOV,phone_4k,3840,2160,30.0,173,5.767,13a408db2b40d25b56baa7e55342392a89c170f4a940cbf1efda299885db5200,2026-07-25T14:56:30
S15_F07_c038,15,classroom,S15_F07,F07,A08,train,P01,classroom/S15_F07/S15_F07_c038.mp4,phone_1080p,1920,1080,29.991,164,5.468,16092ebc5a2ef1a16a41579cefce02692ea47900532083a15813858c21e41009,2026-07-25T14:56:30
S15_F07_c039,15,classroom,S15_F07,F07,A08,train,P02,classroom/S15_F07/S15_F07_c039.MOV,phone_4k,2160,3840,30.0,178,5.933,15bbfb3085995cdb5c1c8e6cdd96aee1198131b4ed3adc8f0ba07949136f30b7,2026-07-25T15:06:27
S15_F07_c040,15,classroom,S15_F07,F07,A08,train,P02,classroom/S15_F07/S15_F07_c040.mp4,phone_1080p,1920,1080,29.991,170,5.668,59e7bd1c06c391f28ab2ac952df3630813972b51868114df8be3c7a9da070608,2026-07-25T15:06:27
S15_F07_c041,15,classroom,S15_F07,F07,A08,train,P02,classroom/S15_F07/S15_F07_c041.MOV,phone_4k,2160,3840,30.0,171,5.7,0b33647dda4cc1da3e03db8d580db5f20b89200bea0539ad594bc9287b3ba429,2026-07-25T15:06:38
S15_F07_c042,15,classroom,S15_F07,F07,A08,train,P02,classroom/S15_F07/S15_F07_c042.mp4,phone_1080p,1920,1080,29.991,163,5.435,701342e87e27c5b67a58a9a7d7a1fa7daad37f285e9ace35915fd85918ac7c4f,2026-07-25T15:06:37
S15_F07_c043,15,classroom,S15_F07,F07,A08,train,P02,classroom/S15_F07/S15_F07_c043.MOV,phone_4k,3840,2160,30.0,177,5.9,0909863ddd5fbe0283ff42eeb9641c368afe936e6fbb264afffa5bc32589d841,2026-07-25T15:07:03
S15_F07_c044,15,classroom,S15_F07,F07,A08,train,P02,classroom/S15_F07/S15_F07_c044.mp4,phone_1080p,1920,1080,29.991,163,5.435,0095f57245726f94b0634022fd84d676bd8abe0e8a39c4ebde8cca829de9799d,2026-07-25T15:07:03
S15_F07_c045,15,classroom,S15_F07,F07,A08,train,P02,classroom/S15_F07/S15_F07_c045.MOV,phone_4k,3840,2160,30.0,172,5.733,2ef4e2d033b48f20cd2a5483267db0444e693ade024f441b638595552fa18930,2026-07-25T15:07:13
S15_F07_c046,15,classroom,S15_F07,F07,A08,train,P02,classroom/S15_F07/S15_F07_c046.mp4,phone_1080p,1920,1080,29.991,161,5.368,f5ec49e7e16cc4bf38ba1437f280cf55777fa964f706940b249df88992fc01c7,2026-07-25T15:07:12
S15_F07_c047,15,classroom,S15_F07,F07,A08,train,P04,classroom/S15_F07/S15_F07_c047.MOV,phone_4k,3840,2160,30.0,180,6.0,a38e74234ac461ee9ec96223d62838e725b9478d5f791ae77fba23bdc92cbf46,2026-07-25T15:18:41
S15_F07_c048,15,classroom,S15_F07,F07,A08,train,P04,classroom/S15_F07/S15_F07_c048.mp4,phone_1080p,1920,1080,29.991,168,5.602,317747e1c4371dd6834ec1daf51a96295d73821fb7332a8e29f1a04513b72b34,2026-07-25T15:18:40
S16_F08_c001,16,classroom,S16_F08,F08,A07,train,P01,classroom/S16_F08/S16_F08_c001.mp4,realsense_480p,640,480,15.0,76,5.067,9837e92a69f087cbf1f7afc30de5b210e4d440308234f18ddb71ea4cf21428fa,
S16_F08_c002,16,classroom,S16_F08,F08,A07,train,P03,classroom/S16_F08/S16_F08_c002.mp4,realsense_480p,640,480,15.0,80,5.333,f0f447071c685d4ba470cadb27eb3f2ab66744eccb556fd9a275c5ec31beb08b,
S16_F08_c003,16,classroom,S16_F08,F08,A07,train,P03,classroom/S16_F08/S16_F08_c003.mp4,realsense_480p,640,480,15.0,78,5.2,77c50cd2b3f531863e37b04463a9ce8ed3a1462a2be831232219efe14f8e9db9,
S16_F08_c004,16,classroom,S16_F08,F08,A07,train,P03,classroom/S16_F08/S16_F08_c004.mp4,realsense_480p,640,480,15.0,80,5.333,e7151ad2ab043ff73eaebba39a72a72df973cf089008cddbb844873e1ea420ed,
S16_F08_c005,16,classroom,S16_F08,F08,A07,train,P03,classroom/S16_F08/S16_F08_c005.mp4,realsense_480p,640,480,15.0,83,5.533,c05423e4e0a4be7055ce64d7b1e6194bd15c76f52c614fc076c0026483aa297a,
S16_F08_c006,16,classroom,S16_F08,F08,A07,train,P02,classroom/S16_F08/S16_F08_c006.mp4,realsense_480p,640,480,15.0,83,5.533,449beef95907e6a478f9df108f4fa6b58479a491987e52a66a723f00382c6b74,
S16_F08_c007,16,classroom,S16_F08,F08,A07,train,P02,classroom/S16_F08/S16_F08_c007.mp4,realsense_480p,640,480,15.0,98,6.533,6a3ddffeb30e65c890f806ccecae6cf455c9c304961ef7133b3cacd169792fd8,
S16_F08_c008,16,classroom,S16_F08,F08,A07,train,P02,classroom/S16_F08/S16_F08_c008.mp4,realsense_480p,640,480,15.0,86,5.733,7bd4e698fa3409ebfbc5f9eac7a07a083d778e6ee191ded0f720e339f04ce856,
S16_F08_c009,16,classroom,S16_F08,F08,A07,train,P02,classroom/S16_F08/S16_F08_c009.mp4,realsense_480p,640,480,15.0,91,6.067,7fecda17556078c45583d79463a3a7fdd4234ca079f9444bdd926c8d474228c2,
S16_F08_c010,16,classroom,S16_F08,F08,A07,train,P02,classroom/S16_F08/S16_F08_c010.mp4,realsense_480p,640,480,15.0,79,5.267,e1cc47a711be8e6b1e53bd3846100ba11a7fda56b86da36dff983adb644c0475,
S16_F08_c011,16,classroom,S16_F08,F08,A07,train,P02,classroom/S16_F08/S16_F08_c011.mp4,realsense_480p,640,480,15.0,107,7.133,1dbb6ea61f735c0b8d61b99bc7091727e37824eacb48f95f48486cd5975e871d,
S16_F08_c012,16,classroom,S16_F08,F08,A07,train,P01,classroom/S16_F08/S16_F08_c012.mp4,realsense_480p,640,480,15.0,82,5.467,fc43d79929fbd81ffe2b81c2f98220cc9141345621f58c447f6cd94621be2162,
S16_F08_c013,16,classroom,S16_F08,F08,A07,train,P01,classroom/S16_F08/S16_F08_c013.mp4,realsense_480p,640,480,15.0,76,5.067,8eee4b61099cc6cc85e2d724cad962e8bf46a3fbfc526a38ae23e3f31b506640,
S16_F08_c014,16,classroom,S16_F08,F08,A07,train,P01,classroom/S16_F08/S16_F08_c014.mp4,realsense_480p,640,480,15.0,76,5.067,ac24ae68184ffccb6a4136033e0dda294eace2bb15a3ae15c4773ecb049d3ab0,
S16_F08_c015,16,classroom,S16_F08,F08,A07,train,P01,classroom/S16_F08/S16_F08_c015.mp4,realsense_480p,640,480,15.0,83,5.533,3996fc5c235c34407ec1a25fb5d0bf87daf428aaefc8c952f016bf034431c7a6,
S16_F08_c016,16,classroom,S16_F08,F08,A07,train,P01,classroom/S16_F08/S16_F08_c016.mp4,realsense_480p,640,480,15.0,78,5.2,3e0dc1cc68a15a01d51cc5f24acf577918c690ff33df44f24f36de753d228334,
S16_F08_c017,16,classroom,S16_F08,F08,A07,train,P01,classroom/S16_F08/S16_F08_c017.mp4,realsense_480p,640,480,15.0,76,5.067,05b916ea1f7dbccd99e1fe30d08e2f441f8691862d3617cdce09de2c5c2f0829,
S16_F08_c018,16,classroom,S16_F08,F08,A07,train,P01,classroom/S16_F08/S16_F08_c018.mp4,realsense_480p,640,480,15.0,81,5.4,845a5376235c542e469c497e694688e9a81104b493ded411c3675bd36bc62fe7,
S16_F08_c019,16,classroom,S16_F08,F08,A07,train,P01,classroom/S16_F08/S16_F08_c019.mp4,realsense_480p,640,480,15.0,78,5.2,735f7768a67159a1f6d35314c7c1a3bc26e771ee7f51be9a9e9465c90bf7495d,
S16_F08_c020,16,classroom,S16_F08,F08,A07,train,P01,classroom/S16_F08/S16_F08_c020.mp4,realsense_480p,640,480,15.0,81,5.4,e820d30cf99ff011ec29db0ee4bfd7694179103d4e07cac1c7b12d5d2b02f3f0,
S16_F08_c021,16,classroom,S16_F08,F08,A07,train,P01,classroom/S16_F08/S16_F08_c021.mp4,realsense_480p,640,480,15.0,76,5.067,bbd0dc3a6eaaa738d624f4dbd28f30dab0a24505415bb84aea71d6c246c5d738,
S16_F08_c022,16,classroom,S16_F08,F08,A07,train,P06,classroom/S16_F08/S16_F08_c022.mp4,realsense_480p,640,480,15.0,80,5.333,491f5258ae924046156c200fca3f6bca8997638261cb191372fb38773f3ea303,
S16_F08_c023,16,classroom,S16_F08,F08,A07,train,P01,classroom/S16_F08/S16_F08_c023.mp4,realsense_480p,640,480,15.0,79,5.267,17f272265bdeddff65bd4626c3b84def11635ef1a82f10a48a729ee62cb7f22f,
S16_F08_c024,16,classroom,S16_F08,F08,A07,train,P06,classroom/S16_F08/S16_F08_c024.mp4,realsense_480p,640,480,15.0,86,5.733,a453a828a2d259552351509129be67b2c38c8f1be408ce80251bba5fc1a812c7,
S16_F08_c025,16,classroom,S16_F08,F08,A07,train,P06,classroom/S16_F08/S16_F08_c025.mp4,realsense_480p,640,480,15.0,88,5.867,704e800379184c245d1e7a8938b18461c3b93bc4321c587de41648f63e3718b6,
S16_F08_c026,16,classroom,S16_F08,F08,A07,train,P06,classroom/S16_F08/S16_F08_c026.mp4,realsense_480p,640,480,15.0,98,6.533,ef617a351df6201b49e333698da6defe98e48786e05eafc673f7abeffadea625,
S16_F08_c027,16,classroom,S16_F08,F08,A07,train,P06,classroom/S16_F08/S16_F08_c027.mp4,realsense_480p,640,480,15.0,77,5.133,09ad967b8aa0972a4c98a3ad9541cfc2f2258a69daa13ac7b39a0c8a01aa2104,
S16_F08_c028,16,classroom,S16_F08,F08,A07,train,P06,classroom/S16_F08/S16_F08_c028.mp4,realsense_480p,640,480,15.0,86,5.733,28408d91be08af27739de7e74285807f98992130aeb213ac75ef7a800ae376ea,
S16_F08_c029,16,classroom,S16_F08,F08,A07,train,P03,classroom/S16_F08/S16_F08_c029.mp4,realsense_480p,640,480,15.0,78,5.2,f9694f57a8cb50ada56f6379bb072946cd4ed86a67800b4c661023312908b878,
S16_F08_c030,16,classroom,S16_F08,F08,A07,train,P03,classroom/S16_F08/S16_F08_c030.mp4,realsense_480p,640,480,15.0,80,5.333,d1733f40201c0977d880f35ece2df74a75d981be59369a6805e1056f378512a2,
S16_F08_c031,16,classroom,S16_F08,F08,A07,train,P02,classroom/S16_F08/S16_F08_c031.mp4,realsense_480p,640,480,15.0,76,5.067,27448b95b415a2ecd1e42e4a3fc62bd3e622db32efc2f9a511ba3f18b9a13e39,
S16_F08_c032,16,classroom,S16_F08,F08,A07,train,P02,classroom/S16_F08/S16_F08_c032.mp4,realsense_480p,640,480,15.0,71,4.733,c69b976f93d5656e0543c88384a49f3a97eb6dd01672de30455283fc1eef2d46,
S16_F08_c033,16,classroom,S16_F08,F08,A07,train,P02,classroom/S16_F08/S16_F08_c033.mp4,realsense_480p,640,480,15.0,79,5.267,f41ea49c679f236247f4da9db9791debe4a54b7095db216c326cfd155f6b7679,
S16_F08_c034,16,classroom,S16_F08,F08,A07,train,P06,classroom/S16_F08/S16_F08_c034.mp4,realsense_480p,640,480,15.0,82,5.467,eb200aefc16f5d11454f7329a31d92635b8c7f372f88c9eb9aba80f7da57d870,
S16_F08_c035,16,classroom,S16_F08,F08,A07,train,P02,classroom/S16_F08/S16_F08_c035.mp4,realsense_480p,640,480,15.0,94,6.267,e77bcfd28111222943eb0e540d309c28c9a9fccb121db7086ad6d40429f33d9d,
S16_F08_c037,16,classroom,S16_F08,F08,A07,train,P02,classroom/S16_F08/S16_F08_c037.mp4,realsense_480p,640,480,15.0,76,5.067,c7e1766e2de95afbd1fb2bcfefaabd57b54abd843cf3273b0d3788c0d5b50fad,
S16_F08_c038,16,classroom,S16_F08,F08,A07,train,P02,classroom/S16_F08/S16_F08_c038.mp4,realsense_480p,640,480,15.0,100,6.667,ae09483dee7299db948deaed0d4be19560cf1cebe81fbfbb93d3338aff00f6d0,
S16_F08_c039,16,classroom,S16_F08,F08,A07,train,P02,classroom/S16_F08/S16_F08_c039.mp4,realsense_480p,640,480,15.0,101,6.733,2c0a60debaf87c4c970bbad2857b69efad3454c7cde872bad1c91d133eab70a7,
S16_F08_c041,16,classroom,S16_F08,F08,A07,train,P02,classroom/S16_F08/S16_F08_c041.mp4,realsense_480p,640,480,15.0,74,4.933,a141d6d7a2553373bdcf936ce03c41e86699a0dac9a2388cdcf9aabcd324546b,
S16_F08_c042,16,classroom,S16_F08,F08,A07,train,P06,classroom/S16_F08/S16_F08_c042.mp4,realsense_480p,640,480,15.0,104,6.933,c9dfe5ea4303034c947ccfb34a5bc0a69f7aa69db4933b07da3ab9e2b49941dc,
S16_F08_c044,16,classroom,S16_F08,F08,A07,train,P06,classroom/S16_F08/S16_F08_c044.mp4,realsense_480p,640,480,15.0,101,6.733,318ba04ec19e8f2eb806df0a0da32808ef024f3c0bf950e16c3033c1b4640df7,
S16_F08_c045,16,classroom,S16_F08,F08,A07,train,P06,classroom/S16_F08/S16_F08_c045.mp4,realsense_480p,640,480,15.0,80,5.333,035d3338e3c2655bf1f54e70064fe840113a53285737d105b5c48551f6735cbd,
S16_F08_c047,16,classroom,S16_F08,F08,A07,train,P01,classroom/S16_F08/S16_F08_c047.mp4,realsense_480p,640,480,15.0,79,5.267,1a6cf0690a64ac58b9a148d8ced8aefac26cd5af08f185ab65cabdf2482551da,
S16_F08_c048,16,classroom,S16_F08,F08,A07,train,P01,classroom/S16_F08/S16_F08_c048.mp4,realsense_480p,640,480,15.0,77,5.133,f7cd47d42ccac3bbd122c1a84689f8c7a2b4b1b959434e2d4434b26433f432c7,
S16_F08_c050,16,classroom,S16_F08,F08,A07,train,P01,classroom/S16_F08/S16_F08_c050.mp4,realsense_480p,640,480,15.0,78,5.2,2f79c1dd95e4777bf970cdeb410deac0165245e6b96fa58483f36315239b4622,
S16_F08_c052,16,classroom,S16_F08,F08,A07,train,P06,classroom/S16_F08/S16_F08_c052.mp4,realsense_480p,640,480,15.0,80,5.333,20e7951e513298e9c00f0d2f7135a484632ae09b7f950953b501e0c6eecae96f,
S16_F08_c053,16,classroom,S16_F08,F08,A07,train,P06,classroom/S16_F08/S16_F08_c053.mp4,realsense_480p,640,480,15.0,81,5.4,06877fe0561fb12b3cf4bad7a6dbd7d569bd537296f7b0a6211b6a259e4a5333,
S16_F08_c054,16,classroom,S16_F08,F08,A07,train,P06,classroom/S16_F08/S16_F08_c054.mp4,realsense_480p,640,480,15.0,79,5.267,a01d08be0d2316f39346ac15b2e142acc3152e424783e476b4b903a0e6d7e555,
S16_F08_c055,16,classroom,S16_F08,F08,A07,train,P03,classroom/S16_F08/S16_F08_c055.mp4,realsense_480p,640,480,15.0,84,5.6,e411bb36169556ecda9ceebfc80b572ab9107dc7a0d7abe82017d755edc27fef,
S17_F08_c001,17,classroom,S17_F08,F08,A07,train,P01,classroom/S17_F08/S17_F08_c001.MOV,phone_4k,3840,2160,30.0,171,5.7,5eb7a7ab04489d3e9f5719a1175bea789455f6ff8b717c166e83b4855874e67d,2026-07-25T14:57:00
S17_F08_c002,17,classroom,S17_F08,F08,A07,train,P01,classroom/S17_F08/S17_F08_c002.mp4,phone_1080p,1920,1080,29.991,165,5.502,208a53f005805c619d875f19e90da0c2c5d1c27e46b5ef7496d9fe2f565a41ab,2026-07-25T14:57:00
S17_F08_c003,17,classroom,S17_F08,F08,A07,train,P04,classroom/S17_F08/S17_F08_c003.MOV,phone_4k,3840,2160,30.0,175,5.833,cf2c999ef771d169afd5ea99f949c2bc0da7544156a322adcea899b06a16b6e1,2026-07-25T15:20:02
S17_F08_c004,17,classroom,S17_F08,F08,A07,train,P04,classroom/S17_F08/S17_F08_c004.mp4,phone_1080p,1920,1080,29.991,165,5.502,1b1cde42804db232f40be3f7d0110e3c07471a505c38ab14724af1304f127ba5,2026-07-25T15:20:02
S17_F08_c005,17,classroom,S17_F08,F08,A07,train,P04,classroom/S17_F08/S17_F08_c005.MOV,phone_4k,3840,2160,30.0,171,5.7,d3c4863f0985d75d73bc700ff8cad4965f464c829290db5ff306df556466529e,2026-07-25T15:20:15
S17_F08_c006,17,classroom,S17_F08,F08,A07,train,P04,classroom/S17_F08/S17_F08_c006.mp4,phone_1080p,1920,1080,29.991,166,5.535,23a4096f6c16ed49185bf0aef2403c2dbcc440b9fc80e51d313a1d5ec2d0731a,2026-07-25T15:20:15
S17_F08_c007,17,classroom,S17_F08,F08,A07,train,P04,classroom/S17_F08/S17_F08_c007.MOV,phone_4k,3840,2160,30.0,178,5.933,7bbec8ffb39313daa104d9133a77c7b00b1d88db88b29b71fb38e1bb352efc8a,2026-07-25T15:20:24
S17_F08_c008,17,classroom,S17_F08,F08,A07,train,P04,classroom/S17_F08/S17_F08_c008.mp4,phone_1080p,1920,1080,29.991,164,5.468,f1048ba4faa7095ce02ca46a563a59cbd5dedf35c46af6e088209f904974d99a,2026-07-25T15:20:24
S17_F08_c009,17,classroom,S17_F08,F08,A07,train,P06,classroom/S17_F08/S17_F08_c009.MOV,phone_4k,3840,2160,30.0,188,6.267,dc8fc92b23df05e7218cd25f489da60300a0c2ad686071d2d4c0f728bb55cb62,2026-07-25T15:26:22
S17_F08_c010,17,classroom,S17_F08,F08,A07,train,P06,classroom/S17_F08/S17_F08_c010.mp4,phone_1080p,1920,1080,29.992,183,6.102,1c6be35a06d9dd7ff8c3f8b8ff7efa621d32217a27d3c8e6aec8a32f66df786a,2026-07-25T15:26:22
S17_F08_c011,17,classroom,S17_F08,F08,A07,train,P06,classroom/S17_F08/S17_F08_c011.MOV,phone_4k,3840,2160,30.0,189,6.3,9d58cfade00d015e443b27596cbf01b4c1be47e41d9d4ce479b17613f1f5aabd,2026-07-25T15:26:31
S17_F08_c012,17,classroom,S17_F08,F08,A07,train,P06,classroom/S17_F08/S17_F08_c012.mp4,phone_1080p,1920,1080,29.991,166,5.535,5b0ce38a5e32be264127bd8f1eb5f201ed517e72d11213e0150b219fe037668f,2026-07-25T15:26:31
S17_F08_c013,17,classroom,S17_F08,F08,A07,train,P06,classroom/S17_F08/S17_F08_c013.MOV,phone_4k,3840,2160,30.0,183,6.1,507364ed6f90116b63225d47e398878dfdff3b98dd792dc5202e97afc13782d6,2026-07-25T15:26:44
S17_F08_c014,17,classroom,S17_F08,F08,A07,train,P06,classroom/S17_F08/S17_F08_c014.mp4,phone_1080p,1920,1080,29.991,165,5.502,c8ef01180fe221bb65aff94910770853eae45ac4c13e1c908ae41cdb186f837a,2026-07-25T15:26:44
S17_F08_c015,17,classroom,S17_F08,F08,A07,train,P06,classroom/S17_F08/S17_F08_c015.MOV,phone_4k,3840,2160,30.0,181,6.033,a5d42e2c151b388dab0ea8a7d6b3d47489a44787a77d3471f0a3199fc6bf5fb3,2026-07-25T15:26:53
S17_F08_c016,17,classroom,S17_F08,F08,A07,train,P06,classroom/S17_F08/S17_F08_c016.mp4,phone_1080p,1920,1080,29.991,164,5.468,5fae9c09d880bb007b4777a310ea5793f7c88c2d77c5d803d9a951bcbd183132,2026-07-25T15:26:53
S17_F08_c017,17,classroom,S17_F08,F08,A07,train,P01,classroom/S17_F08/S17_F08_c017.mp4,realsense_480p,640,480,15.0,85,5.667,f2335287dd2d0704c2b9e996bf42967c1bc962490e2fd48c7982eac3a369c424,2026-07-25T14:57:01
S17_F08_c018,17,classroom,S17_F08,F08,A07,train,P01,classroom/S17_F08/S17_F08_c018.mp4,realsense_480p,640,480,15.0,91,6.067,8d583c80a72d479722df6ad9edf7b532bf370b6f4b63690e4f3b8775d5014d5d,2026-07-25T14:57:16
S17_F08_c019,17,classroom,S17_F08,F08,A07,train,P01,classroom/S17_F08/S17_F08_c019.mp4,realsense_480p,640,480,15.0,83,5.533,0de432f490fe8966fa5f71663042b2def3b4361589f0f911fa93264f6fb1307d,2026-07-25T14:57:31
S17_F08_c020,17,classroom,S17_F08,F08,A07,train,P01,classroom/S17_F08/S17_F08_c020.MOV,phone_4k,3840,2160,30.0,169,5.633,a8be45c4b0a13954b7a0bf9c1ea12862a80c30f36d4dd27d5a2f45ad8b7ebc46,2026-07-25T14:57:15
S17_F08_c021,17,classroom,S17_F08,F08,A07,train,P01,classroom/S17_F08/S17_F08_c021.mp4,phone_1080p,1920,1080,29.991,165,5.502,5d6f35f6f261c5a0953ea4635b4c5cbfd00a87edaa6d233cda019941b8ef3619,2026-07-25T14:57:15
S17_F08_c022,17,classroom,S17_F08,F08,A07,train,P01,classroom/S17_F08/S17_F08_c022.mp4,realsense_480p,640,480,15.0,85,5.667,c900ac3d9752e0cdb69226417895f1a5f843247046539346b36cbb7d93170e5b,2026-07-25T14:57:39
S17_F08_c023,17,classroom,S17_F08,F08,A07,train,P02,classroom/S17_F08/S17_F08_c023.mp4,realsense_480p,640,480,15.0,78,5.2,718c93a96b0e8c8df6d330c17c3dc6051fdc979c240c25907b26b76b81050371,2026-07-25T15:07:46
S17_F08_c024,17,classroom,S17_F08,F08,A07,train,P02,classroom/S17_F08/S17_F08_c024.mp4,realsense_480p,640,480,15.0,90,6.0,4c2c18e7d1bbda5fa16de55b8eb5a6ef414c86675767cb17dd311f509904f897,2026-07-25T15:10:59
S17_F08_c025,17,classroom,S17_F08,F08,A07,train,P02,classroom/S17_F08/S17_F08_c025.mp4,realsense_480p,640,480,15.0,94,6.267,603af23ecd5d3bc7f7a32a36ebd9ae9cd6a5e90d20721c55910e5cd06af7e6f6,2026-07-25T15:11:09
S17_F08_c026,17,classroom,S17_F08,F08,A07,train,P02,classroom/S17_F08/S17_F08_c026.mp4,realsense_480p,640,480,15.0,77,5.133,935023cf590a05dd60f2849fad761d0cdf8eeb80776600b5abd790b3be024574,2026-07-25T15:11:21
S17_F08_c027,17,classroom,S17_F08,F08,A07,train,P02,classroom/S17_F08/S17_F08_c027.mp4,realsense_480p,640,480,15.0,87,5.8,3a16f94c4d7af847b20a2360d40a5d1335b94bb0f0e356c8ba3f99edc92e1780,2026-07-25T15:12:15
S17_F08_c028,17,classroom,S17_F08,F08,A07,train,P04,classroom/S17_F08/S17_F08_c028.mp4,realsense_480p,640,480,15.0,92,6.133,4b7366779d1a289ecd6784e274402ba21a44a5ee340c3449660a11c108b0b837,2026-07-25T15:19:53
S17_F08_c029,17,classroom,S17_F08,F08,A07,train,P04,classroom/S17_F08/S17_F08_c029.mp4,realsense_480p,640,480,15.0,89,5.933,f719f0f77259b65e209437d68603a81a7ee048821654d1102de3cc5f7b38480c,2026-07-25T15:20:03
S17_F08_c030,17,classroom,S17_F08,F08,A07,train,P04,classroom/S17_F08/S17_F08_c030.mp4,realsense_480p,640,480,15.0,88,5.867,4a136257a7fb5f597820925daf28c81bbbdda7303c37f92cd57e2e081206ed2a,2026-07-25T15:20:16
S17_F08_c031,17,classroom,S17_F08,F08,A07,train,P04,classroom/S17_F08/S17_F08_c031.mp4,realsense_480p,640,480,15.0,97,6.467,e498a632cdb2b3f1d3dfd0f23fdb7232624eb97c3960a9f8193f8cd243038ed9,2026-07-25T15:20:24
S17_F08_c032,17,classroom,S17_F08,F08,A07,train,P01,classroom/S17_F08/S17_F08_c032.MOV,phone_4k,3840,2160,30.0,181,6.033,6743b3f70ccfae30c570b3993f322becec895d4fdd5f265beba0f9287b06c52f,2026-07-25T14:57:30
S17_F08_c033,17,classroom,S17_F08,F08,A07,train,P01,classroom/S17_F08/S17_F08_c033.mp4,phone_1080p,1920,1080,29.991,165,5.502,124dd9f09db2783e3d6e9eadbf381216968fee3d6d97d4256b63b3bf62e5b351,2026-07-25T14:57:29
S17_F08_c034,17,classroom,S17_F08,F08,A07,train,P06,classroom/S17_F08/S17_F08_c034.mp4,realsense_480p,640,480,15.0,96,6.4,8261829459dfe0c4e68a4cef44b9ec7deb18e17e1c70c6ca264fc49568196c41,2026-07-25T15:26:23
S17_F08_c035,17,classroom,S17_F08,F08,A07,train,P06,classroom/S17_F08/S17_F08_c035.mp4,realsense_480p,640,480,15.0,92,6.133,bf9eceffe73c9eb9458f8f691ee2b264722f62cab9dde5d7ebcb3fd5794a0ba6,2026-07-25T15:26:31
S17_F08_c036,17,classroom,S17_F08,F08,A07,train,P06,classroom/S17_F08/S17_F08_c036.mp4,realsense_480p,640,480,15.0,90,6.0,fb3980c58e1dac3ff1b3e9b42d5a2db7de85227babb46124e07b9acbe1dde6b2,2026-07-25T15:26:45
S17_F08_c037,17,classroom,S17_F08,F08,A07,train,P06,classroom/S17_F08/S17_F08_c037.mp4,realsense_480p,640,480,15.0,93,6.2,94adf3c5bfd123f069a0053e3ecbe57bc5b36804a396e02ae57a5dec91b50efa,2026-07-25T15:26:54
S17_F08_c038,17,classroom,S17_F08,F08,A07,train,P01,classroom/S17_F08/S17_F08_c038.MOV,phone_4k,3840,2160,30.0,173,5.767,6e513f7a336b8849bd2fe277deb001e417d79cf681a77de7678199324c67a016,2026-07-25T14:57:39
S17_F08_c039,17,classroom,S17_F08,F08,A07,train,P01,classroom/S17_F08/S17_F08_c039.mp4,phone_1080p,1920,1080,29.991,166,5.535,170ea6e4601f0c7d62c92ec9bb26442688ca7232579cf4bf76ae0a41ee156553,2026-07-25T14:57:38
S17_F08_c040,17,classroom,S17_F08,F08,A07,train,P02,classroom/S17_F08/S17_F08_c040.MOV,phone_4k,3840,2160,30.0,176,5.867,cfb5dfd0cc6bc5b79c7fefeb057ce075a2a6e011a036690660a7574015c1047e,2026-07-25T15:07:45
S17_F08_c041,17,classroom,S17_F08,F08,A07,train,P02,classroom/S17_F08/S17_F08_c041.mp4,phone_1080p,1920,1080,30.0,128,4.267,1f25b7e6695f017b5034fa8138877c51dce6ab64dba6a8b9d88a5600fee1ed26,2026-07-25T15:07:45
S17_F08_c042,17,classroom,S17_F08,F08,A07,train,P02,classroom/S17_F08/S17_F08_c042.MOV,phone_4k,3840,2160,30.0,189,6.3,5deddf566efaf7f0b94a1f06d1dd4622370ea94c4eac2fb539bc5d9bba0dbaf3,2026-07-25T15:10:58
S17_F08_c043,17,classroom,S17_F08,F08,A07,train,P02,classroom/S17_F08/S17_F08_c043.mp4,phone_1080p,1920,1080,29.991,162,5.402,314288c521b2c4f5cc2120f5806f36d3a586a75dfce0a9b309b6b15a542c3a79,2026-07-25T15:10:58
S17_F08_c044,17,classroom,S17_F08,F08,A07,train,P02,classroom/S17_F08/S17_F08_c044.MOV,phone_4k,3840,2160,29.996,376,12.535,22dd8a7ab4f5cd38e155ddd3a9455b30bc4b261af06cc842d1abdebcc3943778,2026-07-25T15:11:09
S17_F08_c045,17,classroom,S17_F08,F08,A07,train,P02,classroom/S17_F08/S17_F08_c045.mp4,phone_1080p,1920,1080,29.991,172,5.735,8697a6d1484e621e052e2832d4f61d16eb7d442328dde33951cefd5b137f4bf8,2026-07-25T15:11:08
S17_F08_c046,17,classroom,S17_F08,F08,A07,train,P02,classroom/S17_F08/S17_F08_c046.MOV,phone_4k,3840,2160,30.0,172,5.733,de7d8f358894f684b29248aa8fb06577479684b622dbd54548f1c967349bfd34,2026-07-25T15:12:15
S17_F08_c047,17,classroom,S17_F08,F08,A07,train,P02,classroom/S17_F08/S17_F08_c047.mp4,phone_1080p,1920,1080,29.99,148,4.935,06f461caf4803df452fe1f318f80863a06c38146b479a7bfd0d5905d15aef0ee,2026-07-25T15:11:20
S17_F08_c048,17,classroom,S17_F08,F08,A07,train,P04,classroom/S17_F08/S17_F08_c048.MOV,phone_4k,3840,2160,30.0,175,5.833,338575415742780aa214d1f4b5a8df18e59ee9982db4fa895160e16112b6dc7e,2026-07-25T15:19:53
S17_F08_c049,17,classroom,S17_F08,F08,A07,train,P04,classroom/S17_F08/S17_F08_c049.mp4,phone_1080p,1920,1080,29.991,165,5.502,702b7515461b21914afe643418e8eba629c8b5e4ac5f92bd88b19a2f60b1c7af,2026-07-25T15:19:53
S18_F01_c001,18,classroom,S18_F01,F01,A09,test,P06,classroom/S18_F01/S18_F01_c001.MOV,phone_4k,3840,2160,30.0,165,5.5,5db0695d277db383ade32611fda5e101e06a50f3f0704e5f36d102f080bfa9aa,2026-07-25T12:13:46
S18_F01_c002,18,classroom,S18_F01,F01,A09,test,P06,classroom/S18_F01/S18_F01_c002.mp4,phone_1080p,1920,1080,29.991,165,5.502,a44d4a7fe6b887198f1435cf43bd7e2d218248fd262e38124d2cf85389bb587d,2026-07-25T12:13:45
S18_F01_c003,18,classroom,S18_F01,F01,A09,test,P01,classroom/S18_F01/S18_F01_c003.MOV,phone_4k,3840,2160,30.0,193,6.433,1d175a19edad5fab86d45b5368b4679bea32e9e3df46cc7d8a62ef815cc86cfd,2026-07-25T12:44:24
S18_F01_c004,18,classroom,S18_F01,F01,A09,test,P01,classroom/S18_F01/S18_F01_c004.mp4,phone_1080p,1920,1080,29.992,195,6.502,9dbf279842e4c239f421c55c74ca67d7f15618a34327d6524d9194f99a08a5b7,2026-07-25T12:44:24
S18_F01_c005,18,classroom,S18_F01,F01,A09,test,P01,classroom/S18_F01/S18_F01_c005.MOV,phone_4k,3840,2160,30.0,173,5.767,5a55455e6902cac08fec6cf9f25c8f397a77480db696a7eca4731224388589c3,2026-07-25T12:44:42
S18_F01_c006,18,classroom,S18_F01,F01,A09,test,P01,classroom/S18_F01/S18_F01_c006.mp4,phone_1080p,1920,1080,29.991,160,5.335,7e840efdf0cc3ddde721f0100d8e898ee9c2beb49eefdab8f9e0ddc4aff67e73,2026-07-25T12:44:42
S18_F01_c007,18,classroom,S18_F01,F01,A09,test,P01,classroom/S18_F01/S18_F01_c007.MOV,phone_4k,3840,2160,30.0,166,5.533,c50f3e551faec73fe066c547ecdfa6a03357841dec8007ba60c710703996d4fd,2026-07-25T12:44:59
S18_F01_c008,18,classroom,S18_F01,F01,A09,test,P01,classroom/S18_F01/S18_F01_c008.mp4,phone_1080p,1920,1080,29.991,170,5.668,73511cef6f3c653fa3f73324fd8cc867776bfb3fa559ca87c7ddeb2ac1fe4ceb,2026-07-25T12:44:58
S18_F01_c009,18,classroom,S18_F01,F01,A09,test,P02,classroom/S18_F01/S18_F01_c009.MOV,phone_4k,3840,2160,30.0,168,5.6,f2860181de9e4bf92593d6721eb621748b551f5a22eadca729a8acb92e701263,2026-07-25T12:51:33
S18_F01_c010,18,classroom,S18_F01,F01,A09,test,P02,classroom/S18_F01/S18_F01_c010.mp4,phone_1080p,1920,1080,29.99,157,5.235,ad5e4b6b13f9cbc51774eac3c7217415bcf76bec1848d62b5762e03ff1b34c17,2026-07-25T12:51:32
S18_F01_c011,18,classroom,S18_F01,F01,A09,test,P02,classroom/S18_F01/S18_F01_c011.MOV,phone_4k,3840,2160,30.0,168,5.6,92cbe984582af6cf0b8ab706f77bd2f4a3fa8cceffb8b5406460062279e8577e,2026-07-25T12:51:44
S18_F01_c012,18,classroom,S18_F01,F01,A09,test,P02,classroom/S18_F01/S18_F01_c012.mp4,phone_1080p,1920,1080,29.991,163,5.435,9d8529bf8c75dea3ce822a9b888287bf14fee583cbddbaef43c0e6729875754a,2026-07-25T12:51:43
S18_F01_c013,18,classroom,S18_F01,F01,A09,test,P02,classroom/S18_F01/S18_F01_c013.MOV,phone_4k,3840,2160,30.0,182,6.067,d465717f11bcb6e5e9874e82f750ae327d937a8f8d585a3f1e16bad525a665bd,2026-07-25T12:51:56
S18_F01_c014,18,classroom,S18_F01,F01,A09,test,P02,classroom/S18_F01/S18_F01_c014.mp4,phone_1080p,1920,1080,29.991,164,5.468,017d43780a7edc40b1dff967f76fa705dfea6c1baba0a613d8e6e3db04a65157,2026-07-25T12:51:55
S18_F01_c015,18,classroom,S18_F01,F01,A09,test,P02,classroom/S18_F01/S18_F01_c015.MOV,phone_4k,3840,2160,30.0,176,5.867,f14d03fdac6035f999edd69586e6d7ccfe938f1344df49cfccf76fa938bfdb78,2026-07-25T12:52:05
S18_F01_c016,18,classroom,S18_F01,F01,A09,test,P02,classroom/S18_F01/S18_F01_c016.mp4,phone_1080p,1920,1080,29.991,166,5.535,7ab2d70357d0abea3b1891b32d3be1508c987dcd8c3314cee236658aae42907c,2026-07-25T12:52:05
S18_F01_c017,18,classroom,S18_F01,F01,A09,test,P01,classroom/S18_F01/S18_F01_c017.mp4,realsense_480p,640,480,15.0,85,5.667,feb0a3b6c17799875a0164269ac7cd87040b088765212e21cb99e238e4a28dd0,2026-07-25T11:25:56
S18_F01_c018,18,classroom,S18_F01,F01,A09,test,P01,classroom/S18_F01/S18_F01_c018.mp4,realsense_480p,640,480,15.0,88,5.867,86bdb4849af8b95f46e4c704d94f31a1b5f5807f16bedd0e438e4155536d7207,2026-07-25T11:26:15
S18_F01_c019,18,classroom,S18_F01,F01,A09,test,P01,classroom/S18_F01/S18_F01_c019.mp4,realsense_480p,640,480,15.0,83,5.533,ed8a1064c253ba15ff339cb8855f5b88d0524e531ac35d885c0bf0c01000c802,2026-07-25T11:29:12
S18_F01_c020,18,classroom,S18_F01,F01,A09,test,P06,classroom/S18_F01/S18_F01_c020.MOV,phone_4k,3840,2160,30.0,157,5.233,3d421fef5e17796ac033b8216439ed557d0de44c56f8b4f67ff79bd5895bb5f4,2026-07-25T12:14:00
S18_F01_c021,18,classroom,S18_F01,F01,A09,test,P06,classroom/S18_F01/S18_F01_c021.mp4,phone_1080p,1920,1080,29.991,170,5.668,a05c2227d6077ee22f63bd9ad216c1438ac2a10ae59db4d2b561a6b1d22466b3,2026-07-25T12:13:59
S18_F01_c022,18,classroom,S18_F01,F01,A09,test,P01,classroom/S18_F01/S18_F01_c022.mp4,realsense_480p,640,480,15.0,90,6.0,cf4758b24e97900f40ffe03b5bedc93a4094ce30666b9428cc0d927a09f0f96a,2026-07-25T11:29:24
S18_F01_c023,18,classroom,S18_F01,F01,A09,test,P02,classroom/S18_F01/S18_F01_c023.mp4,realsense_480p,640,480,15.0,73,4.867,38a9620b9cd8f8095769e54dddc60350575131da95c58191cdaf73db3615acd9,2026-07-25T11:45:11
S18_F01_c024,18,classroom,S18_F01,F01,A09,test,P02,classroom/S18_F01/S18_F01_c024.mp4,realsense_480p,640,480,15.0,78,5.2,48abe4f4b154acd542893df1b8304e1370429000dd40760caad25761c71f554c,2026-07-25T11:45:54
S18_F01_c025,18,classroom,S18_F01,F01,A09,test,P02,classroom/S18_F01/S18_F01_c025.mp4,realsense_480p,640,480,15.0,87,5.8,3d99d803d0a1e94e6ac3157ac71da41ca2af0e4141be7819340c4e3e5bf06710,2026-07-25T11:46:08
S18_F01_c026,18,classroom,S18_F01,F01,A09,test,P02,classroom/S18_F01/S18_F01_c026.mp4,realsense_480p,640,480,15.0,90,6.0,aa8631970464b6a7c86315dad640cf5b1f741a86e5ca99adb5f2c74a488563c6,2026-07-25T11:46:19
S18_F01_c027,18,classroom,S18_F01,F01,A09,test,P06,classroom/S18_F01/S18_F01_c027.mp4,realsense_480p,640,480,15.0,87,5.8,df21a763980561ab9f6d2dde09cb0cb5936302f9b994eb383e607c4623530d62,2026-07-25T12:13:46
S18_F01_c028,18,classroom,S18_F01,F01,A09,test,P06,classroom/S18_F01/S18_F01_c028.mp4,realsense_480p,640,480,15.0,90,6.0,d4021825bfab213e62bb3ed4b524761d8d0514aa247485a86fe083f301367e21,2026-07-25T12:14:00
S18_F01_c029,18,classroom,S18_F01,F01,A09,test,P06,classroom/S18_F01/S18_F01_c029.mp4,realsense_480p,640,480,15.0,93,6.2,01daad146276d011ea2d562da45a35bd4ebc36fe8023c98d1b0250e8aef505f4,2026-07-25T12:14:14
S18_F01_c030,18,classroom,S18_F01,F01,A09,test,P06,classroom/S18_F01/S18_F01_c030.mp4,realsense_480p,640,480,15.0,93,6.2,8ac0f32ebd5cd377e91fc273cbb8c27e4da28fae10f7f64a2cdd28ccb2f2fd72,2026-07-25T12:14:25
S18_F01_c031,18,classroom,S18_F01,F01,A09,test,P04,classroom/S18_F01/S18_F01_c031.mp4,realsense_480p,640,480,15.0,86,5.733,8cf37ad5350934a8e2f9f8c111e9aa45b57d64e9fa2a01ee7b35b242ddc6bb4c,2026-07-25T12:30:26
S18_F01_c032,18,classroom,S18_F01,F01,A09,test,P06,classroom/S18_F01/S18_F01_c032.MOV,phone_4k,3840,2160,30.0,167,5.567,6c0deed3f27ca57d48e0e99fa5159bfea134e4beed862b89f1184d425592e549,2026-07-25T12:14:13
S18_F01_c033,18,classroom,S18_F01,F01,A09,test,P06,classroom/S18_F01/S18_F01_c033.mp4,phone_1080p,1920,1080,29.991,175,5.835,eb52b21c3744c51afcabacfda5515819d334085c9a54ef931cdec699d51d5497,2026-07-25T12:14:13
S18_F01_c034,18,classroom,S18_F01,F01,A09,test,P04,classroom/S18_F01/S18_F01_c034.mp4,realsense_480p,640,480,15.0,86,5.733,4218b481ed02fcc8d48edbba1256fe9d0cc77a19fa3ff22c3efe3d908cf11247,2026-07-25T12:30:45
S18_F01_c035,18,classroom,S18_F01,F01,A09,test,P04,classroom/S18_F01/S18_F01_c035.mp4,realsense_480p,640,480,15.0,88,5.867,bfe94ed298c28227edc94842af3fe47849ad9b3f41b534c6ffd7252d2ddbc3d1,2026-07-25T12:31:03
S18_F01_c036,18,classroom,S18_F01,F01,A09,test,P04,classroom/S18_F01/S18_F01_c036.mp4,realsense_480p,640,480,15.0,85,5.667,7e156d126143e32d76c60060892a5d74b6b87e9a92ee30ab648f7e949780480c,2026-07-25T12:31:18
S18_F01_c037,18,classroom,S18_F01,F01,A09,test,P06,classroom/S18_F01/S18_F01_c037.MOV,phone_4k,3840,2160,30.0,174,5.8,f6948fc40fab7cf26096cb91320104f39b98af43d5586aca29a078d867551df3,2026-07-25T12:14:25
S18_F01_c038,18,classroom,S18_F01,F01,A09,test,P06,classroom/S18_F01/S18_F01_c038.mp4,phone_1080p,1920,1080,29.991,166,5.535,9e0fefb1bf4889db92e80ab5d8e71b5366fa73ad77c42f11d719b47bf84bb5ce,2026-07-25T12:14:24
S18_F01_c039,18,classroom,S18_F01,F01,A09,test,P04,classroom/S18_F01/S18_F01_c039.MOV,phone_4k,3840,2160,30.0,174,5.8,ecb0c469afc496ec76eeb8d339e24ce8411e6d3c4ff3b8286b94d8e59505590a,2026-07-25T12:30:25
S18_F01_c040,18,classroom,S18_F01,F01,A09,test,P04,classroom/S18_F01/S18_F01_c040.mp4,phone_1080p,1920,1080,29.991,164,5.468,5baf75b4aabe9cc601e58573fc02f00f011e6b9ceb09829849c13498a8230527,2026-07-25T12:30:25
S18_F01_c041,18,classroom,S18_F01,F01,A09,test,P04,classroom/S18_F01/S18_F01_c041.MOV,phone_4k,3840,2160,30.0,170,5.667,bec619977c62020c1e2ebea151f727df882f841dd831823e3b041333e5abc42a,2026-07-25T12:30:45
S18_F01_c042,18,classroom,S18_F01,F01,A09,test,P04,classroom/S18_F01/S18_F01_c042.mp4,phone_1080p,1920,1080,29.991,162,5.402,f4a85c97dcc00e6a7cc8c510d06f238e9b5309eba67a8725f2c0e484a8b9a01b,2026-07-25T12:30:44
S18_F01_c043,18,classroom,S18_F01,F01,A09,test,P04,classroom/S18_F01/S18_F01_c043.MOV,phone_4k,3840,2160,30.0,179,5.967,2e3262e32b3c9a2bd874056c40387e5551a9b4d3205259d97061767df107fd56,2026-07-25T12:31:02
S18_F01_c044,18,classroom,S18_F01,F01,A09,test,P04,classroom/S18_F01/S18_F01_c044.mp4,phone_1080p,1920,1080,29.991,168,5.602,8c8f039451ce2f933ff6512752b4e94f47bc3d530908f73bb36c867e670bcc9e,2026-07-25T12:31:02
S18_F01_c045,18,classroom,S18_F01,F01,A09,test,P04,classroom/S18_F01/S18_F01_c045.MOV,phone_4k,3840,2160,30.0,169,5.633,77f9a6f9988dcd87510b17cb5f053b6df725706cf304c53d1fcd42f4fed4a77f,2026-07-25T12:31:17
S18_F01_c046,18,classroom,S18_F01,F01,A09,test,P04,classroom/S18_F01/S18_F01_c046.mp4,phone_1080p,1920,1080,29.99,153,5.102,b4328104cc83721145c3f6e58dbfea55512c6c9b274283fa5ad8a6df7a1d92f2,2026-07-25T12:31:17
S18_F01_c047,18,classroom,S18_F01,F01,A09,test,P01,classroom/S18_F01/S18_F01_c047.MOV,phone_4k,3840,2160,30.0,177,5.9,48064a40aa7ee2dcb665cad88c06c4441fe60d5975e3c31e6d2de7224bca360e,2026-07-25T12:43:56
S18_F01_c048,18,classroom,S18_F01,F01,A09,test,P01,classroom/S18_F01/S18_F01_c048.mp4,phone_1080p,1920,1080,29.991,158,5.268,3cf8ead80b632aba3b97aa9fa536f0f6e12a2338f9b3fecfa91e2f34bfa9411d,2026-07-25T12:43:56
S19_F01_c001,19,classroom,S19_F01,F01,A10,train,P02,classroom/S19_F01/S19_F01_c001.MOV,phone_4k,3840,2160,60.0,366,6.1,4d04757779a140cbf77e7cb700dcbff0ef2200d2cecaf67588de413e3b0027f6,2026-07-25T11:55:38
S19_F01_c002,19,classroom,S19_F01,F01,A10,train,P02,classroom/S19_F01/S19_F01_c002.mp4,phone_1080p,1920,1080,29.992,195,6.502,fbe635700d98e753826cab43dac17f9c43dafd734be76769fbf64028afd56970,2026-07-25T11:55:37
S19_F01_c003,19,classroom,S19_F01,F01,A10,train,P04,classroom/S19_F01/S19_F01_c003.MOV,phone_4k,3840,2160,30.0,184,6.133,417f69039e370e53eac69c1e8a34ede504e5f4b5bbe1270ace51b394fc8f2414,2026-07-25T12:31:59
S19_F01_c004,19,classroom,S19_F01,F01,A10,train,P04,classroom/S19_F01/S19_F01_c004.mp4,phone_1080p,1920,1080,29.991,162,5.402,7e9bbdaf9798fbd486373c61e470c58bb8b39f94ac05622345ce05cb54e24468,2026-07-25T12:32:22
S19_F01_c005,19,classroom,S19_F01,F01,A10,train,P04,classroom/S19_F01/S19_F01_c005.MOV,phone_4k,3840,2160,30.0,179,5.967,9941a20db44120b66d5c7f9fe39c6629281d757b3ba1be18a1e848bc70d59cff,2026-07-25T12:32:22
S19_F01_c006,19,classroom,S19_F01,F01,A10,train,P04,classroom/S19_F01/S19_F01_c006.mp4,phone_1080p,1920,1080,29.991,162,5.402,e0484fa4d8fef84e76496eb77380c6ca8979e9b7e454d58e9cb42e08bd324d00,2026-07-25T12:32:50
S19_F01_c007,19,classroom,S19_F01,F01,A10,train,P04,classroom/S19_F01/S19_F01_c007.MOV,phone_4k,3840,2160,30.0,173,5.767,47c1db02ab6cab26a7aaaeca3e9e099767ac6406a00fa1e09700289d29421650,2026-07-25T12:33:35
S19_F01_c008,19,classroom,S19_F01,F01,A10,train,P04,classroom/S19_F01/S19_F01_c008.mp4,phone_1080p,1920,1080,29.991,162,5.402,f0c8f54e84a79cbd5639d63ace945f277f5d534621cf59f437e1ed0a5c8e6ca1,2026-07-25T12:33:55
S19_F01_c009,19,classroom,S19_F01,F01,A10,train,P04,classroom/S19_F01/S19_F01_c009.MOV,phone_4k,3840,2160,30.0,176,5.867,51abdcd6f6a671ae0aa33154e1d918fe40ca0964b013e8a2c56371a58852685e,2026-07-25T12:33:56
S19_F01_c010,19,classroom,S19_F01,F01,A10,train,P01,classroom/S19_F01/S19_F01_c010.mp4,phone_1080p,1920,1080,29.991,167,5.568,43d60b5a04f60f3c21240fe7d5f4b0dcc43b30d3b4f418ac2447bb090e2ecd5a,2026-07-25T12:45:23
S19_F01_c011,19,classroom,S19_F01,F01,A10,train,P01,classroom/S19_F01/S19_F01_c011.MOV,phone_4k,3840,2160,30.0,189,6.3,09b96254abb2d90e4f362e8b99a07c316a2426178821eb88db108035a036a849,2026-07-25T12:45:23
S19_F01_c012,19,classroom,S19_F01,F01,A10,train,P01,classroom/S19_F01/S19_F01_c012.mp4,phone_1080p,1920,1080,29.991,163,5.435,195b3a8ba10a81f8234cb906b9c94a7118f996d748f63194756c30d213ae26e7,2026-07-25T12:45:37
S19_F01_c013,19,classroom,S19_F01,F01,A10,train,P01,classroom/S19_F01/S19_F01_c013.MOV,phone_4k,3840,2160,30.0,170,5.667,e45eb95aab6fa9640903d2f0dc424827a2479c7c6baf74fad11216e2f34d0fc0,2026-07-25T12:45:37
S19_F01_c014,19,classroom,S19_F01,F01,A10,train,P01,classroom/S19_F01/S19_F01_c014.mp4,phone_1080p,1920,1080,29.99,153,5.102,6a467fe21d610a00d61fe01b6f1e6246c97f568042fc7065366f1da980178ac3,2026-07-25T12:45:50
S19_F01_c015,19,classroom,S19_F01,F01,A10,train,P01,classroom/S19_F01/S19_F01_c015.MOV,phone_4k,3840,2160,30.0,173,5.767,ad2b66d731c4ffa13037525189c39a6be536923a12fb279a46e3198fd13b616a,2026-07-25T12:45:51
S19_F01_c016,19,classroom,S19_F01,F01,A10,train,P01,classroom/S19_F01/S19_F01_c016.mp4,phone_1080p,1920,1080,29.991,164,5.468,3347b5c20fa78c8cfbee6b671e0c3c9deb1217ba90296f03c3bae38bb9a09fc7,2026-07-25T12:46:02
S19_F01_c017,19,classroom,S19_F01,F01,A10,train,P01,classroom/S19_F01/S19_F01_c017.MOV,phone_4k,3840,2160,30.0,179,5.967,cb32e55cdf5b8e2aea00f36e4a88b02fd32cb1c4414680459a49365887e8ab39,2026-07-25T12:46:02
S19_F01_c018,19,classroom,S19_F01,F01,A10,train,P01,classroom/S19_F01/S19_F01_c018.mp4,realsense_480p,640,480,15.0,88,5.867,4a1ecd7ad748a8f708d5abe3e1912f6f03874b9ba35183b0a8ef13f04ac5f0e6,2026-07-25T11:27:34
S19_F01_c019,19,classroom,S19_F01,F01,A10,train,P01,classroom/S19_F01/S19_F01_c019.mp4,realsense_480p,640,480,15.0,90,6.0,b1043eb049524fa4fd4280f204d166509d727d39db794d3aad7b3dfbd5a7ed2d,2026-07-25T11:27:58
S19_F01_c020,19,classroom,S19_F01,F01,A10,train,P01,classroom/S19_F01/S19_F01_c020.mp4,realsense_480p,640,480,15.0,89,5.933,0f8ce62195633e4f6135c21f3a42011fef2b8a4b3658c4663b8d67895464dc19,2026-07-25T11:28:16
S19_F01_c021,19,classroom,S19_F01,F01,A10,train,P02,classroom/S19_F01/S19_F01_c021.MOV,phone_4k,3840,2160,59.963,323,5.387,4835528cc7bedb96d580706db1aa3c59d884d776cdc32af3e8e8bb227f46b338,2026-07-25T11:56:39
S19_F01_c022,19,classroom,S19_F01,F01,A10,train,P02,classroom/S19_F01/S19_F01_c022.mp4,phone_1080p,1920,1080,29.992,186,6.202,2fb3fdf8d0dd391ff56923ecd251f04fcfc64a799e0364225143a29f5fcfab26,2026-07-25T11:57:05
S19_F01_c023,19,classroom,S19_F01,F01,A10,train,P01,classroom/S19_F01/S19_F01_c023.mp4,realsense_480p,640,480,15.0,94,6.267,df7c27961b5ca98742df48222a53ab3e72ba4424d55bf4335143607eb643e112,2026-07-25T11:28:30
S19_F01_c024,19,classroom,S19_F01,F01,A10,train,P02,classroom/S19_F01/S19_F01_c024.mp4,realsense_480p,640,480,15.0,85,5.667,15e3bb1e848d3a154ea5307ee6764611c8a651ae1be9c9c4bb3cb2827796113c,2026-07-25T11:55:38
S19_F01_c025,19,classroom,S19_F01,F01,A10,train,P02,classroom/S19_F01/S19_F01_c025.mp4,realsense_480p,640,480,15.0,95,6.333,a4780e406ab1cf95ce5d7fe58d246982ca59a3538425997391eae98391d12b44,2026-07-25T11:57:06
S19_F01_c026,19,classroom,S19_F01,F01,A10,train,P02,classroom/S19_F01/S19_F01_c026.mp4,realsense_480p,640,480,15.0,84,5.6,c92968501313de06c666f6dc048d7dc4d8e27a74b10fb46bd7c61c98d49bea68,2026-07-25T11:57:22
S19_F01_c027,19,classroom,S19_F01,F01,A10,train,P02,classroom/S19_F01/S19_F01_c027.mp4,realsense_480p,640,480,15.0,93,6.2,2755fc7d87741b818a3dacfcc27e6dd9ddf7025174470b21f3cceaf83af4633b,2026-07-25T11:57:36
S19_F01_c028,19,classroom,S19_F01,F01,A10,train,P06,classroom/S19_F01/S19_F01_c028.mp4,realsense_480p,640,480,15.0,90,6.0,7b0f327e6b09975743b5b7a1579f7c365b4004ced4efde095f5b09f217eef368,2026-07-25T12:15:12
S19_F01_c029,19,classroom,S19_F01,F01,A10,train,P06,classroom/S19_F01/S19_F01_c029.mp4,realsense_480p,640,480,15.0,90,6.0,14caa04140c0b83c18a1d5960376adb8dabde041f504fb81085953439c047ea9,2026-07-25T12:15:27
S19_F01_c030,19,classroom,S19_F01,F01,A10,train,P06,classroom/S19_F01/S19_F01_c030.mp4,realsense_480p,640,480,15.0,83,5.533,dcb3ba1cb1e1fad795384273e89f008f8a806ada1861c03ec76bb61d005148a6,2026-07-25T12:15:39
S19_F01_c031,19,classroom,S19_F01,F01,A10,train,P06,classroom/S19_F01/S19_F01_c031.mp4,realsense_480p,640,480,15.0,95,6.333,82af01b37864d67b2748ee8a1e5006f16339b70782099c40f00e968dae4d6b02,2026-07-25T12:15:49
S19_F01_c032,19,classroom,S19_F01,F01,A10,train,P04,classroom/S19_F01/S19_F01_c032.mp4,realsense_480p,640,480,15.0,89,5.933,abeb052a8f77d80ab752ceb709bba6fb6bfc9305d919721fe6bc609b934e7984,2026-07-25T12:32:00
S19_F01_c033,19,classroom,S19_F01,F01,A10,train,P02,classroom/S19_F01/S19_F01_c033.MOV,phone_4k,3840,2160,59.968,377,6.287,d3e798cf42da1a41b56997a0bbaa960e890f5e269b52fd0635b416cca5c24c6d,2026-07-25T11:57:05
S19_F01_c034,19,classroom,S19_F01,F01,A10,train,P02,classroom/S19_F01/S19_F01_c034.mp4,phone_1080p,1920,1080,29.991,160,5.335,322001f7ac7427a87347155e3ca63bab64acf53f60c33f7faae9d26c45eae89c,2026-07-25T11:57:22
S19_F01_c035,19,classroom,S19_F01,F01,A10,train,P04,classroom/S19_F01/S19_F01_c035.mp4,realsense_480p,640,480,15.0,89,5.933,47d3813ddf5f100952500d3950683a7a7d30253c6cf414bff82d9994f9c0ada0,2026-07-25T12:32:23
S19_F01_c036,19,classroom,S19_F01,F01,A10,train,P04,classroom/S19_F01/S19_F01_c036.mp4,realsense_480p,640,480,15.0,91,6.067,6e6b937d12038c7564066a8b0532ba85817ba4e25ab326bb973f2260825f7718,2026-07-25T12:32:51
S19_F01_c037,19,classroom,S19_F01,F01,A10,train,P04,classroom/S19_F01/S19_F01_c037.mp4,realsense_480p,640,480,15.0,94,6.267,0ef174843439fa23f79f0069b1829c91ce0c08f9489d81f31734666f957404c0,2026-07-25T12:33:56
S19_F01_c038,19,classroom,S19_F01,F01,A10,train,P02,classroom/S19_F01/S19_F01_c038.MOV,phone_4k,3840,2160,59.964,336,5.603,6e49e3aeaf1ce1c1df53b1542de1a3dda7e1b9ca7ca28848ef0ff365e606ad5d,2026-07-25T11:57:22
S19_F01_c039,19,classroom,S19_F01,F01,A10,train,P02,classroom/S19_F01/S19_F01_c039.mp4,phone_1080p,1920,1080,29.992,185,6.168,5f7527185af237e24672ebe35d82e9c160e4dc984705d399adf715aa025184bb,2026-07-25T11:57:35
S19_F01_c040,19,classroom,S19_F01,F01,A10,train,P02,classroom/S19_F01/S19_F01_c040.MOV,phone_4k,3840,2160,59.969,386,6.437,e013a23f270f789943ec867c57a7a0af1dd73a1fde98fa2fd5127218dd902640,2026-07-25T11:57:35
S19_F01_c041,19,classroom,S19_F01,F01,A10,train,P06,classroom/S19_F01/S19_F01_c041.mp4,phone_1080p,1920,1080,29.991,163,5.435,466cfebf7bf9679506744afa5eb7819e40df84ac00955ebc83ef83c880c8fad4,2026-07-25T12:15:11
S19_F01_c042,19,classroom,S19_F01,F01,A10,train,P06,classroom/S19_F01/S19_F01_c042.MOV,phone_4k,3840,2160,30.0,187,6.233,e020ed0915b0acd4e150d92fbed9a6c44caf993e86cd950c5c4e930bc393d8f0,2026-07-25T12:15:11
S19_F01_c043,19,classroom,S19_F01,F01,A10,train,P06,classroom/S19_F01/S19_F01_c043.mp4,phone_1080p,1920,1080,29.991,175,5.835,79b0068337d90e48b230fdbfd114247f4554d7cb797484a6bd35959d8010c367,2026-07-25T12:15:26
S19_F01_c044,19,classroom,S19_F01,F01,A10,train,P06,classroom/S19_F01/S19_F01_c044.MOV,phone_4k,3840,2160,30.0,155,5.167,c184758853efe7534e84abed3d90e86d74bbe3be298efc2db3bcd09a704df11b,2026-07-25T12:15:26
S19_F01_c045,19,classroom,S19_F01,F01,A10,train,P06,classroom/S19_F01/S19_F01_c045.mp4,phone_1080p,1920,1080,29.991,169,5.635,cba6ce74a4175934f50fe856ef7a752d2977afc8331deaa1077020e707eb3b89,2026-07-25T12:15:38
S19_F01_c046,19,classroom,S19_F01,F01,A10,train,P06,classroom/S19_F01/S19_F01_c046.MOV,phone_4k,3840,2160,30.0,167,5.567,75078c28954f0c3b5bc58ae23612d2cd1c7380c44b73f374007037d9df66bb7e,2026-07-25T12:15:38
S19_F01_c047,19,classroom,S19_F01,F01,A10,train,P06,classroom/S19_F01/S19_F01_c047.mp4,phone_1080p,1920,1080,29.992,184,6.135,7d7094088738db3204916406549ac71ef8dd5f9c1e5a6a5f20cfaaa29275a5b1,2026-07-25T12:15:48
S19_F01_c048,19,classroom,S19_F01,F01,A10,train,P06,classroom/S19_F01/S19_F01_c048.MOV,phone_4k,3840,2160,30.0,179,5.967,e43b70d0e98469fc188a59f40703380cb0ed9a34f4f43333027a60516b54a2ea,2026-07-25T12:15:48
S19_F01_c049,19,classroom,S19_F01,F01,A10,train,P04,classroom/S19_F01/S19_F01_c049.mp4,phone_1080p,1920,1080,29.991,161,5.368,b3127d229302cdbec8e591561426c6ed56600e9a6d1453ac4ace1c49b64982ae,2026-07-25T12:31:59
S20_F10_c001,20,classroom,S20_F10,F10,A12,train,P01,classroom/S20_F10/S20_F10_c001.MOV,phone_4k,3840,2160,30.0,162,5.4,a335176854b09e1e3451d6f6cdc08153d1cc0b317b408a4384530e11e49e60c9,2026-07-25T14:58:23
S20_F10_c002,20,classroom,S20_F10,F10,A12,train,P01,classroom/S20_F10/S20_F10_c002.mp4,phone_1080p,1920,1080,29.991,164,5.468,8502e479f14863dc68c68c5abc22904b4b428615dfc572eb5f7db8ae82a21699,2026-07-25T14:58:23
S20_F10_c003,20,classroom,S20_F10,F10,A12,train,P04,classroom/S20_F10/S20_F10_c003.MOV,phone_4k,3840,2160,30.0,183,6.1,c0e0bd5329d1be0ec16cd5f7d188ceb53dee3bd38ccb6e9e9c7114769e62f5de,2026-07-25T15:21:06
S20_F10_c004,20,classroom,S20_F10,F10,A12,train,P04,classroom/S20_F10/S20_F10_c004.mp4,phone_1080p,1920,1080,29.991,169,5.635,49f3ce4467a8b805ab41a6057e0093b07178115e4c1b1556ddaa36e475e606a4,2026-07-25T15:21:05
S20_F10_c005,20,classroom,S20_F10,F10,A12,train,P04,classroom/S20_F10/S20_F10_c005.MOV,phone_4k,3840,2160,30.0,181,6.033,8b9d66304e7e2471992accca9b8d669704c1c8650ea3d3d5a0eb12fb9a08967b,2026-07-25T15:21:24
S20_F10_c006,20,classroom,S20_F10,F10,A12,train,P04,classroom/S20_F10/S20_F10_c006.mp4,phone_1080p,1920,1080,29.991,167,5.568,ef8d5a1cc78d98d15e20e036573d8acadf9b15237d84ae83aa42a55152aedfdb,2026-07-25T15:21:23
S20_F10_c007,20,classroom,S20_F10,F10,A12,train,P04,classroom/S20_F10/S20_F10_c007.MOV,phone_4k,3840,2160,30.0,174,5.8,2bea1241992e93c5f6bdc53e28bc74e6670ac9e991fbf1c3184107a68fb2a232,2026-07-25T15:21:39
S20_F10_c008,20,classroom,S20_F10,F10,A12,train,P04,classroom/S20_F10/S20_F10_c008.mp4,phone_1080p,1920,1080,29.991,164,5.468,510aff5538cf31f6ccce03abf4ab900c5b38ebb0c314b0904cf720494e696734,2026-07-25T15:21:39
S20_F10_c009,20,classroom,S20_F10,F10,A12,train,P06,classroom/S20_F10/S20_F10_c009.MOV,phone_4k,3840,2160,30.0,180,6.0,2554168cd6d1a74af8c80703464bb6df5769fa99e6557194e3f3ba721f9e404f,2026-07-25T15:27:13
S20_F10_c010,20,classroom,S20_F10,F10,A12,train,P06,classroom/S20_F10/S20_F10_c010.mp4,phone_1080p,1920,1080,29.991,164,5.468,26eee11f9d657d56e5e1c54ac11adf2808a738d349f5806fc861f4a9890530ef,2026-07-25T15:27:13
S20_F10_c011,20,classroom,S20_F10,F10,A12,train,P06,classroom/S20_F10/S20_F10_c011.MOV,phone_4k,3840,2160,30.0,179,5.967,e1a103525291c9111837b7fe7fbceee911f7b4c9a68bff9e32084e3cbfc3e35a,2026-07-25T15:27:26
S20_F10_c012,20,classroom,S20_F10,F10,A12,train,P06,classroom/S20_F10/S20_F10_c012.mp4,phone_1080p,1920,1080,29.991,166,5.535,547c727b83e08a79671a9d9dd9a30a32fc281eb8669e75cf4b9d0504cef8006c,2026-07-25T15:27:26
S20_F10_c013,20,classroom,S20_F10,F10,A12,train,P06,classroom/S20_F10/S20_F10_c013.MOV,phone_4k,3840,2160,30.0,170,5.667,aa20b9a6e33612944c6ac66a0df3624ae77a73b5f3ac54276b5ae997d0f015f8,2026-07-25T15:27:38
S20_F10_c014,20,classroom,S20_F10,F10,A12,train,P06,classroom/S20_F10/S20_F10_c014.mp4,phone_1080p,1920,1080,29.991,167,5.568,b46480b8788aef7e902d01fc0e063334f4659c20fc1628db62b9ccd7bc215ddc,2026-07-25T15:27:38
S20_F10_c015,20,classroom,S20_F10,F10,A12,train,P06,classroom/S20_F10/S20_F10_c015.MOV,phone_4k,3840,2160,30.0,173,5.767,a8361125d055862ad30d7cf0227e3e8985f10b77a65c35dc4341918e6d29eb8e,2026-07-25T15:27:50
S20_F10_c016,20,classroom,S20_F10,F10,A12,train,P06,classroom/S20_F10/S20_F10_c016.mp4,phone_1080p,1920,1080,29.991,164,5.468,f6d3d81ed2dfdfe849b2e408497006508ef321f2c8c6763e9b6e48ecefce43b7,2026-07-25T15:27:50
S20_F10_c017,20,classroom,S20_F10,F10,A12,train,P01,classroom/S20_F10/S20_F10_c017.mp4,realsense_480p,640,480,15.0,84,5.6,6a0847dc31bfb732e422d163e87521c9c24fee65f330257c0269ce51e3c497fc,2026-07-25T14:58:24
S20_F10_c018,20,classroom,S20_F10,F10,A12,train,P01,classroom/S20_F10/S20_F10_c018.mp4,realsense_480p,640,480,15.0,87,5.8,8c4e410ec53a73ba53afc1fbd0d388be7c87a751a1dcf2f48cdbbe17bdff8dda,2026-07-25T14:58:43
S20_F10_c019,20,classroom,S20_F10,F10,A12,train,P01,classroom/S20_F10/S20_F10_c019.mp4,realsense_480p,640,480,15.0,88,5.867,f9977372d0c229d31e993e5100ef5ead1b5b71919db978c6eff8b860e0d1e343,2026-07-25T14:58:55
S20_F10_c020,20,classroom,S20_F10,F10,A12,train,P01,classroom/S20_F10/S20_F10_c020.MOV,phone_4k,3840,2160,30.0,177,5.9,339b4644f652ac56db6bfe2a9f67e22489efe443cde0e4befc3077c76687f24d,2026-07-25T14:58:43
S20_F10_c021,20,classroom,S20_F10,F10,A12,train,P01,classroom/S20_F10/S20_F10_c021.mp4,phone_1080p,1920,1080,29.991,168,5.602,4a77fe68ffb94c1e0c538c0232195ff9e19dd9ed91dd8237f543b7abc8305fbf,2026-07-25T14:58:42
S20_F10_c022,20,classroom,S20_F10,F10,A12,train,P01,classroom/S20_F10/S20_F10_c022.mp4,realsense_480p,640,480,15.0,87,5.8,cccbcadc10ae0847a305840a4394ffcc0f94b477504607d486b044efac4ba47b,2026-07-25T14:59:11
S20_F10_c023,20,classroom,S20_F10,F10,A12,train,P02,classroom/S20_F10/S20_F10_c023.mp4,realsense_480p,640,480,15.0,83,5.533,bf1430f3f82c337b34491da464306c8cbf3e5f210e77acc9bc3fdcca078ce545,2026-07-25T15:12:46
S20_F10_c024,20,classroom,S20_F10,F10,A12,train,P02,classroom/S20_F10/S20_F10_c024.mp4,realsense_480p,640,480,15.0,95,6.333,ef66a4a8ea66b339a66f4f038a2047bcf2b2913075bb1a87b5e22a13285733c9,2026-07-25T15:13:00
S20_F10_c025,20,classroom,S20_F10,F10,A12,train,P02,classroom/S20_F10/S20_F10_c025.mp4,realsense_480p,640,480,15.0,99,6.6,82cba7d34f6fca59e6dd8564d021ade4073a66e03ae275f17e3c7bdb5bc06db1,2026-07-25T15:13:11
S20_F10_c026,20,classroom,S20_F10,F10,A12,train,P02,classroom/S20_F10/S20_F10_c026.mp4,realsense_480p,640,480,15.0,86,5.733,eaf9ebaa08faf1291c8a0e32770827bcb6983db9a3ad419886c0ec78a13c2242,2026-07-25T15:13:23
S20_F10_c027,20,classroom,S20_F10,F10,A12,train,P04,classroom/S20_F10/S20_F10_c027.mp4,realsense_480p,640,480,15.0,89,5.933,f9e7f1b20a0eb04f6ccfebbe52a80c1dc27b59a02dc9a35b528f1af3a311e0e1,2026-07-25T15:20:52
S20_F10_c028,20,classroom,S20_F10,F10,A12,train,P04,classroom/S20_F10/S20_F10_c028.mp4,realsense_480p,640,480,15.0,88,5.867,ff9b128f55ba5c77bd0308b1e714f5643d09b7ab73a41a5368a1679f851188aa,2026-07-25T15:21:06
S20_F10_c029,20,classroom,S20_F10,F10,A12,train,P04,classroom/S20_F10/S20_F10_c029.mp4,realsense_480p,640,480,15.0,86,5.733,3679837adf4c979feb04c9dc8d312c2df44911f6a8c04529816562e498bbe9b1,2026-07-25T15:21:24
S20_F10_c030,20,classroom,S20_F10,F10,A12,train,P04,classroom/S20_F10/S20_F10_c030.mp4,realsense_480p,640,480,15.0,85,5.667,157227c674a00d8d5b6a5a1824d00ba5d02f748ac39782a30b525a873058ab17,2026-07-25T15:21:40
S20_F10_c031,20,classroom,S20_F10,F10,A12,train,P06,classroom/S20_F10/S20_F10_c031.mp4,realsense_480p,640,480,15.0,89,5.933,25e2198fa7c11a470f04004074039df7ef5df38e9559aab23d1c910271a5552e,2026-07-25T15:27:14
S20_F10_c032,20,classroom,S20_F10,F10,A12,train,P01,classroom/S20_F10/S20_F10_c032.MOV,phone_4k,3840,2160,30.0,174,5.8,62870b98192678393e82d64e33147022c3a054284e5024c0511907788e76bf88,2026-07-25T14:58:54
S20_F10_c033,20,classroom,S20_F10,F10,A12,train,P01,classroom/S20_F10/S20_F10_c033.mp4,phone_1080p,1920,1080,29.991,168,5.602,2ad41795b5e733b7c64f7852c0549c47a12cdebdddbb22fbe06d693e66577216,2026-07-25T14:58:54
S20_F10_c034,20,classroom,S20_F10,F10,A12,train,P06,classroom/S20_F10/S20_F10_c034.mp4,realsense_480p,640,480,15.0,87,5.8,dcfe0ab253795f1cb8c9fad1a98976e80a9ea2dc7e52d7126fbbd28cef8381fb,2026-07-25T15:27:27
S20_F10_c035,20,classroom,S20_F10,F10,A12,train,P06,classroom/S20_F10/S20_F10_c035.mp4,realsense_480p,640,480,15.0,86,5.733,449ba921fb61907c30f93b3b90a0ea676fa933319f7e59e113c520763694ea4b,2026-07-25T15:27:39
S20_F10_c036,20,classroom,S20_F10,F10,A12,train,P06,classroom/S20_F10/S20_F10_c036.mp4,realsense_480p,640,480,15.0,81,5.4,e71f4dc0a6dc4ccdddf414ab625741ec7aa48850f72dd638e378065aaccdfb46,2026-07-25T15:27:51
S20_F10_c037,20,classroom,S20_F10,F10,A12,train,P01,classroom/S20_F10/S20_F10_c037.MOV,phone_4k,3840,2160,30.0,175,5.833,bbfc132868b3d755d6671467f53675137bdd0a804802786416dcbbdc47889e6e,2026-07-25T14:59:10
S20_F10_c038,20,classroom,S20_F10,F10,A12,train,P01,classroom/S20_F10/S20_F10_c038.mp4,phone_1080p,1920,1080,29.991,166,5.535,56265df7dd5832b221653ec5aefeb1c2e8da7cf360d25465757692a02cd982fc,2026-07-25T14:59:10
S20_F10_c039,20,classroom,S20_F10,F10,A12,train,P02,classroom/S20_F10/S20_F10_c039.MOV,phone_4k,3840,2160,30.0,175,5.833,31cba9be1cbeab616f2475f6b168a9c349e471346aa848fe1f0e06af994d3382,2026-07-25T15:12:45
S20_F10_c040,20,classroom,S20_F10,F10,A12,train,P02,classroom/S20_F10/S20_F10_c040.mp4,phone_1080p,1920,1080,29.991,166,5.535,fc9dabe1027db07ee1c84fd70208ef3b7e32b24d16052d72434e3f6621fac13a,2026-07-25T15:12:15
S20_F10_c041,20,classroom,S20_F10,F10,A12,train,P02,classroom/S20_F10/S20_F10_c041.MOV,phone_4k,3840,2160,30.0,163,5.433,f8fa29e09771a928e4d7a4af1b6991c0c4506ab792dedb9137a5c15adc98a68a,2026-07-25T15:13:00
S20_F10_c042,20,classroom,S20_F10,F10,A12,train,P02,classroom/S20_F10/S20_F10_c042.mp4,phone_1080p,1920,1080,29.991,163,5.435,aff6458239ffb1a180e542b70f7519e7e547257f3fe927f4c972c4974731dabb,2026-07-25T15:12:45
S20_F10_c043,20,classroom,S20_F10,F10,A12,train,P02,classroom/S20_F10/S20_F10_c043.MOV,phone_4k,3840,2160,30.0,176,5.867,7faa214b0c91a4e4f7413a1b0ebe55694fda40cb80832a6fce21c745f4b7be9d,2026-07-25T15:13:10
S20_F10_c044,20,classroom,S20_F10,F10,A12,train,P02,classroom/S20_F10/S20_F10_c044.mp4,phone_1080p,1920,1080,29.991,165,5.502,9ca4df3a716da0664f9caf19d2054400708b4778fc3697b485c6f0d0e5b2f8ce,2026-07-25T15:12:59
S20_F10_c045,20,classroom,S20_F10,F10,A12,train,P02,classroom/S20_F10/S20_F10_c045.MOV,phone_4k,3840,2160,30.0,169,5.633,22ec98e061d067daee03069b24d3bb7eb47aaca07c4f8e75bc7c6ce1052a0f31,2026-07-25T15:13:23
S20_F10_c046,20,classroom,S20_F10,F10,A12,train,P02,classroom/S20_F10/S20_F10_c046.mp4,phone_1080p,1920,1080,29.992,182,6.068,ed628f693b8ad641e4d7a2d1d5498c140f3f94cbeff45857fbf7d76eb11c1fe5,2026-07-25T15:13:10
S20_F10_c047,20,classroom,S20_F10,F10,A12,train,P04,classroom/S20_F10/S20_F10_c047.MOV,phone_4k,3840,2160,30.0,177,5.9,0e4b8f031c9cb47c173bdf6933cc2ce3f9056846c526c9208a53136e627d1314,2026-07-25T15:20:52
S20_F10_c048,20,classroom,S20_F10,F10,A12,train,P04,classroom/S20_F10/S20_F10_c048.mp4,phone_1080p,1920,1080,29.991,164,5.468,608245af8635bcf9fd4f6c887c0fe2df0f5d891fc9a45e73e944677574bf3da6,2026-07-25T15:20:51
S21_F10_c001,21,classroom,S21_F10,F10,A12,train,P02,classroom/S21_F10/S21_F10_c001.MOV,phone_4k,2160,3840,30.0,186,6.2,72de89f72ff8130166fc655f7d1e58d99dfea0caf2f2165ba8a5ed000fe0d056,2026-07-25T13:05:19
S21_F10_c002,21,classroom,S21_F10,F10,A12,train,P02,classroom/S21_F10/S21_F10_c002.mp4,phone_1080p,1920,1080,29.991,174,5.802,9174b0224d1fc19eb09c83da1fda2461268ccf3d4163a6da8171f9b4586020db,2026-07-25T13:05:19
S21_F10_c003,21,classroom,S21_F10,F10,A12,train,P06,classroom/S21_F10/S21_F10_c003.MOV,phone_4k,3840,2160,30.0,167,5.567,3688e3e5397085a4e4edadcb98d665fbee80a72719713811ef937c8bcc41e91c,2026-07-25T13:21:25
S21_F10_c004,21,classroom,S21_F10,F10,A12,train,P06,classroom/S21_F10/S21_F10_c004.mp4,phone_1080p,1920,1080,29.992,177,5.902,620c7dc346a7d9586e3382eb214de1de95c98abf89c513b35078ce9b1a6bcfe0,2026-07-25T13:21:25
S21_F10_c005,21,classroom,S21_F10,F10,A12,train,P06,classroom/S21_F10/S21_F10_c005.MOV,phone_4k,3840,2160,30.0,168,5.6,89d0b5a60bea487efa73adfeee823bcf7b1afd4514983c5b850173b3910913bd,2026-07-25T13:21:40
S21_F10_c006,21,classroom,S21_F10,F10,A12,train,P06,classroom/S21_F10/S21_F10_c006.mp4,phone_1080p,1920,1080,29.992,179,5.968,300b6979f860a918665ea4dd7d62c7b44d89e7cb6891aafe520ed16414e9b053,2026-07-25T13:21:40
S21_F10_c007,21,classroom,S21_F10,F10,A12,train,P06,classroom/S21_F10/S21_F10_c007.MOV,phone_4k,3840,2160,30.0,167,5.567,3704dd31147c161d12ebbd682577535e4a3a2c25822f783a62a5bf3da4f8e84a,2026-07-25T13:21:50
S21_F10_c008,21,classroom,S21_F10,F10,A12,train,P06,classroom/S21_F10/S21_F10_c008.mp4,phone_1080p,1920,1080,29.991,166,5.535,f34885f36717cb73f47432a8aea82c63dd3b4f10db2b8a42829ab749d6a7d693,2026-07-25T13:21:50
S21_F10_c009,21,classroom,S21_F10,F10,A12,train,P01,classroom/S21_F10/S21_F10_c009.MOV,phone_4k,3840,2160,30.0,177,5.9,a29f283b9cd575feb3d06dd4854e587d65e10f486b2718b27d7f638bb159f921,2026-07-25T13:26:10
S21_F10_c010,21,classroom,S21_F10,F10,A12,train,P01,classroom/S21_F10/S21_F10_c010.mp4,phone_1080p,1920,1080,29.991,174,5.802,ae588a1ec7f9f843a0222a1ecdaf3d129e31c4653c3325a6ac8a660e90ccf1ec,2026-07-25T13:26:10
S21_F10_c011,21,classroom,S21_F10,F10,A12,train,P01,classroom/S21_F10/S21_F10_c011.MOV,phone_4k,3840,2160,30.0,182,6.067,6fe6401a7de718d7d1744a35d3fc3bc44905b3c13feea4dacccb48971e62b37e,2026-07-25T13:26:20
S21_F10_c012,21,classroom,S21_F10,F10,A12,train,P01,classroom/S21_F10/S21_F10_c012.mp4,phone_1080p,1920,1080,29.991,167,5.568,0cfeb335b27106dab16d963ea6ba77b150b23470ac34b28b0ce1866881de7727,2026-07-25T13:26:20
S21_F10_c013,21,classroom,S21_F10,F10,A12,train,P01,classroom/S21_F10/S21_F10_c013.MOV,phone_4k,3840,2160,30.0,172,5.733,684674f50d9d1bc4a107c76f489289ada47489e51b7478120a50459dc0e08ec4,2026-07-25T13:26:36
S21_F10_c014,21,classroom,S21_F10,F10,A12,train,P01,classroom/S21_F10/S21_F10_c014.mp4,phone_1080p,1920,1080,29.991,164,5.468,3b3e4f434a58b10d52fe7323e62be1e7e8b9e7bf577dc000cfe059714cd53409,2026-07-25T13:26:36
S21_F10_c015,21,classroom,S21_F10,F10,A12,train,P01,classroom/S21_F10/S21_F10_c015.MOV,phone_4k,3840,2160,30.0,172,5.733,acd9966b4d90f3274d8e7fa10ce280285ee9dd68fb8615774d4dc3002f585d50,2026-07-25T13:26:45
S21_F10_c016,21,classroom,S21_F10,F10,A12,train,P01,classroom/S21_F10/S21_F10_c016.mp4,phone_1080p,1920,1080,29.991,164,5.468,04a7dc7481bbb8de95c5900a1da2d22cf5fe25f4bf7e1c2a61e118ae1482d6b4,2026-07-25T13:26:45
S21_F10_c017,21,classroom,S21_F10,F10,A12,train,P02,classroom/S21_F10/S21_F10_c017.mp4,realsense_480p,640,480,15.0,98,6.533,6fd7d1c19eba4acdd367c0d8d8d13b1198e3b1009c5de06c45fa390284efc1e9,2026-07-25T13:05:20
S21_F10_c018,21,classroom,S21_F10,F10,A12,train,P02,classroom/S21_F10/S21_F10_c018.mp4,realsense_480p,640,480,15.0,84,5.6,4d413a807e2bd970ef5e6e118ba3938191e240be822a34b20870fac09256cced,2026-07-25T13:05:35
S21_F10_c019,21,classroom,S21_F10,F10,A12,train,P02,classroom/S21_F10/S21_F10_c019.mp4,realsense_480p,640,480,15.0,80,5.333,1331c2acdf362e092e6517fb0b6f05d35d92d3b835e067dfe664b726dff81c60,2026-07-25T13:05:58
S21_F10_c020,21,classroom,S21_F10,F10,A12,train,P02,classroom/S21_F10/S21_F10_c020.MOV,phone_4k,2160,3840,30.0,169,5.633,d192da5eb36f81f9211febcd71ecfe2e1084227b4a28a53a2e6b6dfd7f3fcc4f,2026-07-25T13:05:34
S21_F10_c021,21,classroom,S21_F10,F10,A12,train,P02,classroom/S21_F10/S21_F10_c021.mp4,phone_1080p,1920,1080,29.991,161,5.368,23f02219d71fea4ce05f30b13255e3de91deba12f423db9b1ebca721b006f215,2026-07-25T13:05:34
S21_F10_c022,21,classroom,S21_F10,F10,A12,train,P02,classroom/S21_F10/S21_F10_c022.mp4,realsense_480p,640,480,15.0,80,5.333,a488b5b81c66957427b4f981fc4cdadc178b6ff00f7b786e3f7b8ff705c1c6c0,2026-07-25T13:06:17
S21_F10_c023,21,classroom,S21_F10,F10,A12,train,P04,classroom/S21_F10/S21_F10_c023.mp4,realsense_480p,640,480,15.0,97,6.467,cf15a26f07579b059667d13b08005d3dac3bde8389d0720e7b88a7cb17305a3c,2026-07-25T13:14:22
S21_F10_c024,21,classroom,S21_F10,F10,A12,train,P04,classroom/S21_F10/S21_F10_c024.mp4,realsense_480p,640,480,15.0,90,6.0,f96c22e00bb9e94d63eebcc5df0da0bfa78148f5aa73317cb3b6e7a477289af9,2026-07-25T13:14:38
S21_F10_c025,21,classroom,S21_F10,F10,A12,train,P04,classroom/S21_F10/S21_F10_c025.mp4,realsense_480p,640,480,15.0,88,5.867,0e3a7ef48ce2e2a75f5c1f9a32338bb1f6df28e53814de107be5e44a41405a82,2026-07-25T13:14:58
S21_F10_c026,21,classroom,S21_F10,F10,A12,train,P04,classroom/S21_F10/S21_F10_c026.mp4,realsense_480p,640,480,15.0,92,6.133,9f5a6336ba4b6ce1c5c0727b79d5664bb4c7fa80e6d5b55fbf1fbf7dfd1e358c,2026-07-25T13:15:08
S21_F10_c027,21,classroom,S21_F10,F10,A12,train,P06,classroom/S21_F10/S21_F10_c027.mp4,realsense_480p,640,480,15.0,88,5.867,de0826c47cdb452f981ee82730cfa1bde7d86c2023ed8554f8b63ba6133bcc09,2026-07-25T13:21:14
S21_F10_c028,21,classroom,S21_F10,F10,A12,train,P06,classroom/S21_F10/S21_F10_c028.mp4,realsense_480p,640,480,15.0,88,5.867,bf0f1c8ea3c23005a4b503f3bc2b895ed1b18bf0328ddfa98ea8531089d07a78,2026-07-25T13:21:26
S21_F10_c029,21,classroom,S21_F10,F10,A12,train,P06,classroom/S21_F10/S21_F10_c029.mp4,realsense_480p,640,480,15.0,88,5.867,e60ba44631e5cc4abe46f3b8c4945b634d3b4df558798469946a86aca13035c7,2026-07-25T13:21:41
S21_F10_c030,21,classroom,S21_F10,F10,A12,train,P06,classroom/S21_F10/S21_F10_c030.mp4,realsense_480p,640,480,15.0,90,6.0,9fde19fda9a683e3960dd539f39ffe08000ed9c2e33249fa0e9d1cac0bb486d0,2026-07-25T13:21:51
S21_F10_c031,21,classroom,S21_F10,F10,A12,train,P01,classroom/S21_F10/S21_F10_c031.mp4,realsense_480p,640,480,15.0,91,6.067,acff849b5e3b0147274988dcc0128fe579deacc27ade48084bd70f40ce187f16,2026-07-25T13:26:11
S21_F10_c032,21,classroom,S21_F10,F10,A12,train,P02,classroom/S21_F10/S21_F10_c032.MOV,phone_4k,2160,3840,30.0,168,5.6,413fda111ef84fdff0ea729ee8a7003c4542328323b534ab4fd01ecabc5758cc,2026-07-25T13:05:57
S21_F10_c033,21,classroom,S21_F10,F10,A12,train,P02,classroom/S21_F10/S21_F10_c033.mp4,phone_1080p,1920,1080,29.991,158,5.268,c00fa96efe7631653e3c0f5d4104f9ccdff07a81507970b0e2a6c8f405940367,2026-07-25T13:05:57
S21_F10_c034,21,classroom,S21_F10,F10,A12,train,P01,classroom/S21_F10/S21_F10_c034.mp4,realsense_480p,640,480,15.0,89,5.933,b2ea3dbfe343efc2d5736bd03e2f4429c5ca61ab71e03642d8dbdd500ee3949b,2026-07-25T13:26:21
S21_F10_c035,21,classroom,S21_F10,F10,A12,train,P01,classroom/S21_F10/S21_F10_c035.mp4,realsense_480p,640,480,15.0,88,5.867,d4d541d48777ade661221dbf22b8891abd8df98206dcfe3e7c18beeb9e4b366b,2026-07-25T13:26:36
S21_F10_c036,21,classroom,S21_F10,F10,A12,train,P01,classroom/S21_F10/S21_F10_c036.mp4,realsense_480p,640,480,15.0,82,5.467,6e419206d3951782b1c4626f6eacb936e1da37197fb6b0768a69790748776e7a,2026-07-25T13:26:46
S21_F10_c037,21,classroom,S21_F10,F10,A12,train,P02,classroom/S21_F10/S21_F10_c037.MOV,phone_4k,2160,3840,30.0,170,5.667,31d2baacf2c473f5011369738a6d19ccaea80b4c3bb4a1abc5bf264e91e8b9c9,2026-07-25T13:06:16
S21_F10_c038,21,classroom,S21_F10,F10,A12,train,P02,classroom/S21_F10/S21_F10_c038.mp4,phone_1080p,1920,1080,29.99,156,5.202,12e9fceeb1bc164ddfd8b441d509feb7e1bc35e19a4cad68618a921ab5d299be,2026-07-25T13:06:16
S21_F10_c039,21,classroom,S21_F10,F10,A12,train,P04,classroom/S21_F10/S21_F10_c039.MOV,phone_4k,3840,2160,30.0,163,5.433,f0b80089e5ca9bd743d325a2a7e17de30ea4d0df60471445397c556aeceb7e5f,2026-07-25T13:14:22
S21_F10_c040,21,classroom,S21_F10,F10,A12,train,P04,classroom/S21_F10/S21_F10_c040.mp4,phone_1080p,1920,1080,29.991,165,5.502,075bf7dc0dc5d6d315794069ac82c2616a8a59939b390ceff01829fa55b69e87,2026-07-25T13:14:21
S21_F10_c041,21,classroom,S21_F10,F10,A12,train,P04,classroom/S21_F10/S21_F10_c041.MOV,phone_4k,3840,2160,30.0,171,5.7,f45d92c3b88b8f7c0b9b4ce9904b52308ee92dc8455aadeb16ef29015d720014,2026-07-25T13:14:38
S21_F10_c042,21,classroom,S21_F10,F10,A12,train,P04,classroom/S21_F10/S21_F10_c042.mp4,phone_1080p,1920,1080,29.991,165,5.502,e9a511e61a9ea69db03624d583fd28591380a71018d6c066b679fd769f619b41,2026-07-25T13:14:37
S21_F10_c043,21,classroom,S21_F10,F10,A12,train,P04,classroom/S21_F10/S21_F10_c043.MOV,phone_4k,3840,2160,30.0,166,5.533,4eb3d1b34f1582df8758e75b23609130e318ad458403959660318558dcc6a4f4,2026-07-25T13:14:58
S21_F10_c044,21,classroom,S21_F10,F10,A12,train,P04,classroom/S21_F10/S21_F10_c044.mp4,phone_1080p,1920,1080,29.992,186,6.202,cf689bbc6e378a1472e2a64ab8564bb0d189cced139132b568046dd78313f8dc,2026-07-25T13:14:57
S21_F10_c045,21,classroom,S21_F10,F10,A12,train,P04,classroom/S21_F10/S21_F10_c045.MOV,phone_4k,3840,2160,30.0,178,5.933,05d8fe22e580a587d382f2983468254b8e1ec5492a643eb64f368ea554314759,2026-07-25T13:15:07
S21_F10_c046,21,classroom,S21_F10,F10,A12,train,P04,classroom/S21_F10/S21_F10_c046.mp4,phone_1080p,1920,1080,29.991,165,5.502,fd609234048a013d81f6bbdbf69222a1f264668a0ae70e739ce58843226c557e,2026-07-25T13:15:07
S21_F10_c047,21,classroom,S21_F10,F10,A12,train,P06,classroom/S21_F10/S21_F10_c047.MOV,phone_4k,3840,2160,30.0,167,5.567,8b9fa9f64cf5e76098e81653e8632a91f1c1406e3728c58fafadd80a92cd63b9,2026-07-25T13:21:13
S21_F10_c048,21,classroom,S21_F10,F10,A12,train,P06,classroom/S21_F10/S21_F10_c048.mp4,phone_1080p,1920,1080,29.991,173,5.768,f680aa3bf2f03595c432aa26da309b0ac2b972aeeb8def607a0dfa44d26fc117,2026-07-25T13:21:13
S22_F01_c001,22,classroom,S22_F01,F01,A01,test,P09,classroom/S22_F01/S22_F01_c001.MOV,phone_4k,3840,2160,30.0,170,5.667,2ed382c29658aeed59ee4b3e6eb421b2d7fc9f59b17756db3c0d175e0a8ab0da,2026-07-25T15:54:17
S22_F01_c002,22,classroom,S22_F01,F01,A01,test,P09,classroom/S22_F01/S22_F01_c002.mp4,phone_1080p,1920,1080,29.991,166,5.535,2c5cda3cab1e7ca3d077513bae218da21a159f32032940f1c90f348ae37c83b7,2026-07-25T15:54:17
S22_F01_c003,22,classroom,S22_F01,F01,A01,test,P06,classroom/S22_F01/S22_F01_c003.MOV,phone_4k,3840,2160,30.0,171,5.7,0bcbbb57059b4655a8647de5a428a4a60c73b3d80214bd6ccd741502136ab21f,2026-07-25T12:18:15
S22_F01_c004,22,classroom,S22_F01,F01,A01,test,P06,classroom/S22_F01/S22_F01_c004.mp4,phone_1080p,1920,1080,29.991,174,5.802,7e5b98679396466a2ad539c13fab855cbbfc30061ffc796c65f350d3f623c40d,2026-07-25T12:18:15
S22_F01_c005,22,classroom,S22_F01,F01,A01,test,P04,classroom/S22_F01/S22_F01_c005.MOV,phone_4k,3840,2160,30.0,189,6.3,d9b57a57f7ffc1cabd4b4de599124e8d3a074db22bb76c43010bc6d955bbd880,2026-07-25T12:34:35
S22_F01_c006,22,classroom,S22_F01,F01,A01,test,P04,classroom/S22_F01/S22_F01_c006.mp4,phone_1080p,1920,1080,29.991,163,5.435,42a9d6b5ed9ce327b529ceb0828752174ef3959ba1494f1babb6b095b5e6e7b6,2026-07-25T12:34:34
S22_F01_c007,22,classroom,S22_F01,F01,A01,test,P04,classroom/S22_F01/S22_F01_c007.MOV,phone_4k,3840,2160,30.0,199,6.633,1a820b9b6d7f0240fd36e1683ab54adf2095a617be05bc8a639b428b4337ef19,2026-07-25T12:34:58
S22_F01_c008,22,classroom,S22_F01,F01,A01,test,P04,classroom/S22_F01/S22_F01_c008.mp4,phone_1080p,1920,1080,29.991,166,5.535,665f2f938f43b91b282129e710505c63d438ef9877f8c0f1b6849ba15c1640a8,2026-07-25T12:34:58
S22_F01_c009,22,classroom,S22_F01,F01,A01,test,P04,classroom/S22_F01/S22_F01_c009.MOV,phone_4k,3840,2160,30.0,178,5.933,e2be0f039cad7172bec92e4a9330b150879c887b7403aae22315097c7ed46e71,2026-07-25T12:35:12
S22_F01_c010,22,classroom,S22_F01,F01,A01,test,P04,classroom/S22_F01/S22_F01_c010.mp4,phone_1080p,1920,1080,29.991,165,5.502,61a7ef9f0dcf1f9ac101c14f4eb639fe268cad0b683a0449ccbf96e6b546b84b,2026-07-25T12:35:12
S22_F01_c011,22,classroom,S22_F01,F01,A01,test,P04,classroom/S22_F01/S22_F01_c011.MOV,phone_4k,3840,2160,30.0,176,5.867,6ec57b8b3a98ab16eb5940fc866a4202094aa00c9864c7b15949d4fb57bb8325,2026-07-25T12:35:25
S22_F01_c012,22,classroom,S22_F01,F01,A01,test,P04,classroom/S22_F01/S22_F01_c012.mp4,phone_1080p,1920,1080,29.991,167,5.568,e24f7e27c7d4e0acca6d02d7c1a24e3679ee4806b3dcaf77097fbe1ff5d0b252,2026-07-25T12:35:25
S22_F01_c013,22,classroom,S22_F01,F01,A01,test,P01,classroom/S22_F01/S22_F01_c013.MOV,phone_4k,3840,2160,30.0,176,5.867,ab3d6e47e91b844c2d9245e05a1ac06984e7b9a8aa05a4fceb17fb0988d06f38,2026-07-25T12:46:30
S22_F01_c014,22,classroom,S22_F01,F01,A01,test,P01,classroom/S22_F01/S22_F01_c014.mp4,phone_1080p,1920,1080,29.99,157,5.235,ce4aec548a28faa3fbeddcfcbd3e325a115f86cdc6398e6c61cc52a8db214cbb,2026-07-25T12:46:30
S22_F01_c015,22,classroom,S22_F01,F01,A01,test,P01,classroom/S22_F01/S22_F01_c015.MOV,phone_4k,3840,2160,30.0,175,5.833,0e5ede77fab250e36c322cc94f42b570827ad17bfcae2734b31546731e5049ae,2026-07-25T12:46:41
S22_F01_c016,22,classroom,S22_F01,F01,A01,test,P01,classroom/S22_F01/S22_F01_c016.mp4,phone_1080p,1920,1080,29.991,169,5.635,8e9dc479531f5bda19ec4a715b9a28bfd1ddbfd7893b55d8ec021a920dc8d049,2026-07-25T12:46:41
S22_F01_c017,22,classroom,S22_F01,F01,A01,test,P01,classroom/S22_F01/S22_F01_c017.MOV,phone_4k,3840,2160,30.0,173,5.767,4dafeff28573634d5abf167fcc56ad21bbbd9667b7bf1aba9f993c028722c669,2026-07-25T12:46:53
S22_F01_c018,22,classroom,S22_F01,F01,A01,test,P01,classroom/S22_F01/S22_F01_c018.mp4,phone_1080p,1920,1080,29.99,153,5.102,301bb9c0c4eda5544fa3af02d14510d2095ba27e5853c52f8251884bae6d188c,2026-07-25T12:46:53
S22_F01_c019,22,classroom,S22_F01,F01,A01,test,P01,classroom/S22_F01/S22_F01_c019.MOV,phone_4k,3840,2160,30.0,177,5.9,eac973c0cac822d0ac8bd57feb81aaad65129fc3b62d2f83038ae59de2f4eba4,2026-07-25T12:47:03
S22_F01_c020,22,classroom,S22_F01,F01,A01,test,P01,classroom/S22_F01/S22_F01_c020.mp4,phone_1080p,1920,1080,29.991,164,5.468,df5dd043406a5a3a5b92adad690370f36cd7cdf958452a085fe1969563e25f1d,2026-07-25T12:47:03
S22_F01_c021,22,classroom,S22_F01,F01,A01,test,P01,classroom/S22_F01/S22_F01_c021.mp4,realsense_480p,640,480,15.0,89,5.933,c805bcc94bc382179e51a27aa6a9c24d9b7e1c9501f1600d2b14046fb70a3303,2026-07-25T11:33:35
S22_F01_c022,22,classroom,S22_F01,F01,A01,test,P09,classroom/S22_F01/S22_F01_c022.MOV,phone_4k,3840,2160,30.0,181,6.033,f417277f31e96e246796f027e8e302ae41469816954b9b6d7aa62d7a0722bc3a,2026-07-25T15:54:31
S22_F01_c023,22,classroom,S22_F01,F01,A01,test,P09,classroom/S22_F01/S22_F01_c023.mp4,phone_1080p,1920,1080,29.991,170,5.668,ed0043b385146a61ceffb870da8df3fab7c79171b8a426b5d941c073f1098c12,2026-07-25T15:54:31
S22_F01_c024,22,classroom,S22_F01,F01,A01,test,P01,classroom/S22_F01/S22_F01_c024.mp4,realsense_480p,640,480,15.0,91,6.067,3546932ae6d3ede0caf31a55888095ade3232878da5934963e0bfd58e869e587,2026-07-25T11:34:03
S22_F01_c025,22,classroom,S22_F01,F01,A01,test,P01,classroom/S22_F01/S22_F01_c025.mp4,realsense_480p,640,480,15.0,95,6.333,0ed20a18e9e45195a5cc72743c0b266f990a71465be41a2cd58a3c57adc7133b,2026-07-25T11:34:28
S22_F01_c026,22,classroom,S22_F01,F01,A01,test,P01,classroom/S22_F01/S22_F01_c026.mp4,realsense_480p,640,480,15.0,45,3.0,404e5cdd577e797f0e67f9d9b321be06c601e9d0890041cacbe1ba26df1ebe03,2026-07-25T11:34:44
S22_F01_c027,22,classroom,S22_F01,F01,A01,test,P02,classroom/S22_F01/S22_F01_c027.mp4,realsense_480p,640,480,15.0,102,6.8,610f06cffc3d7099c86bfbba83f737679fb33d255daa1c7e8d45cddc997a2a2b,2026-07-25T11:58:56
S22_F01_c028,22,classroom,S22_F01,F01,A01,test,P02,classroom/S22_F01/S22_F01_c028.mp4,realsense_480p,640,480,15.0,89,5.933,7c775503d815dffcc7799b2de26b50e433f86720e2483cf29b65e09d6b6f0cbf,2026-07-25T11:59:09
S22_F01_c029,22,classroom,S22_F01,F01,A01,test,P02,classroom/S22_F01/S22_F01_c029.mp4,realsense_480p,640,480,15.0,92,6.133,2c3862adc800374d5f14950a31160d2a89dee36e7a99ecdba3ceea13dcba108e,2026-07-25T11:59:22
S22_F01_c030,22,classroom,S22_F01,F01,A01,test,P02,classroom/S22_F01/S22_F01_c030.mp4,realsense_480p,640,480,15.0,83,5.533,448021386d46a01d59ac4f4da5b6ed666ecfa50629db34eaf560b66714cf1faf,2026-07-25T11:59:35
S22_F01_c031,22,classroom,S22_F01,F01,A01,test,P06,classroom/S22_F01/S22_F01_c031.mp4,realsense_480p,640,480,15.0,93,6.2,5ec0e4f70f211d008772bc9788d9d7c88ef002db93bf09d653926da1d2142c3c,2026-07-25T12:16:24
S22_F01_c032,22,classroom,S22_F01,F01,A01,test,P06,classroom/S22_F01/S22_F01_c032.mp4,realsense_480p,640,480,15.0,91,6.067,4472f5d9770babe1188067e4acd6050f9e7bc15e451d970484c39645370ec8b2,2026-07-25T12:16:46
S22_F01_c033,22,classroom,S22_F01,F01,A01,test,P06,classroom/S22_F01/S22_F01_c033.mp4,realsense_480p,640,480,15.0,91,6.067,2f7cd9dacc80f340f6ddd2f48e726aa3566dfb27018ad2f7aeca9c5f3bf5203b,2026-07-25T12:17:52
S22_F01_c034,22,classroom,S22_F01,F01,A01,test,P02,classroom/S22_F01/S22_F01_c034.MOV,phone_4k,3840,2160,59.968,370,6.17,4885d4ef0605743bcf395ebd0cde906ea27017e5520135f6800fd30ce0d98aa7,2026-07-25T11:58:55
S22_F01_c035,22,classroom,S22_F01,F01,A01,test,P02,classroom/S22_F01/S22_F01_c035.mp4,phone_1080p,1920,1080,29.992,193,6.435,245f93a79e8c1bd971ea1ccc55230f4223b283d885c3eb212fdded6349412cf7,2026-07-25T11:58:55
S22_F01_c036,22,classroom,S22_F01,F01,A01,test,P06,classroom/S22_F01/S22_F01_c036.mp4,realsense_480p,640,480,15.0,95,6.333,04286c6e964b987b238bf9ccbe0271ffe083c5ef9aff5494f8e644370385130f,2026-07-25T12:18:15
S22_F01_c037,22,classroom,S22_F01,F01,A01,test,P04,classroom/S22_F01/S22_F01_c037.mp4,realsense_480p,640,480,15.0,91,6.067,b30a8acb5c99bbfa8fb39545ff2cc9f525d37a30d9b5e1d6a301623b177e3513,2026-07-25T12:34:35
S22_F01_c038,22,classroom,S22_F01,F01,A01,test,P04,classroom/S22_F01/S22_F01_c038.mp4,realsense_480p,640,480,15.0,97,6.467,15f57088c2ee3908698afef879042395849503e739710205da4945820491bcdd,2026-07-25T12:34:59
S22_F01_c039,22,classroom,S22_F01,F01,A01,test,P04,classroom/S22_F01/S22_F01_c039.mp4,realsense_480p,640,480,15.0,91,6.067,9b314ef94cf990430cc3fdb70846cf24ecb7819eb2f15cb3f3e45dc4bbc43e6b,2026-07-25T12:35:13
S22_F01_c040,22,classroom,S22_F01,F01,A01,test,P04,classroom/S22_F01/S22_F01_c040.mp4,realsense_480p,640,480,15.0,96,6.4,902fed6c5dd7e1cffe2c8301f1cd1d5833f993eaea908f350be3aef52eb99cb6,2026-07-25T12:35:25
S22_F01_c041,22,classroom,S22_F01,F01,A01,test,P02,classroom/S22_F01/S22_F01_c041.MOV,phone_4k,3840,2160,59.965,344,5.737,45b6df01d3e0d421daa1e24c4408c25e386b90b6eb4f8763e04745df05553b3a,2026-07-25T11:59:08
S22_F01_c042,22,classroom,S22_F01,F01,A01,test,P02,classroom/S22_F01/S22_F01_c042.mp4,phone_1080p,1920,1080,29.991,168,5.602,9df6e359b012b434ee0f35e3703c547f0561d8c933e4b87fceed8e77afa2eaa5,2026-07-25T11:59:08
S22_F01_c043,22,classroom,S22_F01,F01,A01,test,P02,classroom/S22_F01/S22_F01_c043.MOV,phone_4k,3840,2160,59.967,362,6.037,a2d92bae42a8f2f6ba2c5569effabea2aeda533a3643cb00579737868d170eb3,2026-07-25T11:59:22
S22_F01_c044,22,classroom,S22_F01,F01,A01,test,P02,classroom/S22_F01/S22_F01_c044.mp4,phone_1080p,1920,1080,29.993,200,6.668,3477fb8740c21699817e31a7467365a8996d2bc6837ee454878728faa039caf0,2026-07-25T11:59:22
S22_F01_c045,22,classroom,S22_F01,F01,A01,test,P02,classroom/S22_F01/S22_F01_c045.MOV,phone_4k,3840,2160,59.964,337,5.62,0feca92fbfeca16b18da2cd8b1702bd2ff889688a3c1902bd72776988e36751f,2026-07-25T11:59:35
S22_F01_c046,22,classroom,S22_F01,F01,A01,test,P02,classroom/S22_F01/S22_F01_c046.mp4,phone_1080p,1920,1080,29.991,172,5.735,19c1357ff84a8de9898ee860fe02c2a143e770db7acaeca689e900c49e070b97,2026-07-25T11:59:34
S22_F01_c047,22,classroom,S22_F01,F01,A01,test,P06,classroom/S22_F01/S22_F01_c047.MOV,phone_4k,3840,2160,30.0,156,5.2,5852b3718f032f78bf50df14cce98570367ca5adba05ca8372daf670428f0d51,2026-07-25T12:16:23
S22_F01_c048,22,classroom,S22_F01,F01,A01,test,P06,classroom/S22_F01/S22_F01_c048.mp4,phone_1080p,1920,1080,29.991,175,5.835,7a2b1506ea54c6ba248eb280fc75741a12f6d4fd8515a59da06c1f993efd36d5,2026-07-25T12:16:23
S22_F01_c049,22,classroom,S22_F01,F01,A01,test,P06,classroom/S22_F01/S22_F01_c049.MOV,phone_4k,3840,2160,30.0,167,5.567,7fe6279ddb301cf4ffb7bed6c42db400e29b7a449e4901d47f73004fc006f26c,2026-07-25T12:16:45
S22_F01_c050,22,classroom,S22_F01,F01,A01,test,P06,classroom/S22_F01/S22_F01_c050.mp4,phone_1080p,1920,1080,29.991,166,5.535,e39ddeb8a6363e7b0977cc32a6072e9ac0d97e7fdfc57bc6af33660e61e557a5,2026-07-25T12:16:45
S22_F01_c051,22,classroom,S22_F01,F01,A01,test,P06,classroom/S22_F01/S22_F01_c051.MOV,phone_4k,3840,2160,30.0,164,5.467,ab2700dc7c0c1a6daa42f55210582b0b969ca3712d454ca2257a2faae44c567e,2026-07-25T12:17:52
S22_F01_c052,22,classroom,S22_F01,F01,A01,test,P06,classroom/S22_F01/S22_F01_c052.mp4,phone_1080p,1920,1080,29.991,166,5.535,e8a0818291303d7c2ff74d0e22000de070e269ca015a9f881efab93015c5599d,2026-07-25T12:17:51
S23_F02_c001,23,classroom,S23_F02,F02,A14,test,P09,classroom/S23_F02/S23_F02_c001.MOV,phone_4k,3840,2160,30.0,173,5.767,fa737a0faa92a642034813a6f3049559b8cad17489687ee306b6ebb2d96fcb43,2026-07-25T15:56:16
S23_F02_c002,23,classroom,S23_F02,F02,A14,test,P09,classroom/S23_F02/S23_F02_c002.mp4,phone_1080p,1920,1080,29.992,183,6.102,2061210b6061cf6df04bcf5e5d5057b1ddb78af09c1e6b89e72f6729dc734bbb,2026-07-25T15:56:16
S23_F02_c003,23,classroom,S23_F02,F02,A14,test,P06,classroom/S23_F02/S23_F02_c003.MOV,phone_4k,3840,2160,30.0,173,5.767,af14f9563ffa0988cff7e105326c6c61166b0f944f3055d4b64d79802e00931e,2026-07-25T12:22:14
S23_F02_c004,23,classroom,S23_F02,F02,A14,test,P06,classroom/S23_F02/S23_F02_c004.mp4,phone_1080p,1920,1080,29.991,167,5.568,596bb5d7c7f13baea50849372a684f7aff80b4b1387c7a56e60dd37e86496060,2026-07-25T12:22:14
S23_F02_c005,23,classroom,S23_F02,F02,A14,test,P04,classroom/S23_F02/S23_F02_c005.MOV,phone_4k,3840,2160,30.0,175,5.833,c55deb0a79699363acb9adb355b6c5b51a2fcd56f70ad1f04350ee65e60e3045,2026-07-25T12:37:46
S23_F02_c006,23,classroom,S23_F02,F02,A14,test,P04,classroom/S23_F02/S23_F02_c006.mp4,phone_1080p,1920,1080,29.991,171,5.702,4cc9675a0fececedc520838573465fbc13cc24b9a784aecc50e2f33c3f869e22,2026-07-25T12:37:46
S23_F02_c007,23,classroom,S23_F02,F02,A14,test,P04,classroom/S23_F02/S23_F02_c007.MOV,phone_4k,3840,2160,30.0,172,5.733,341e628f4abfdac4bda8ec89fcf827322e2cd2f6d3017f66aa4bb2b990a9e872,2026-07-25T12:38:01
S23_F02_c008,23,classroom,S23_F02,F02,A14,test,P04,classroom/S23_F02/S23_F02_c008.mp4,phone_1080p,1920,1080,29.991,164,5.468,178b09b720f7a3255577a7080f574a8686ba292126aa342b162aea932d4a8003,2026-07-25T12:38:01
S23_F02_c009,23,classroom,S23_F02,F02,A14,test,P04,classroom/S23_F02/S23_F02_c009.MOV,phone_4k,3840,2160,30.0,181,6.033,91fdcb23ee0bf04b26fc9e91e1de5d3f8009305fccf49f419699a5a1f4590680,2026-07-25T12:38:16
S23_F02_c010,23,classroom,S23_F02,F02,A14,test,P04,classroom/S23_F02/S23_F02_c010.mp4,phone_1080p,1920,1080,29.991,166,5.535,9275e28daa9be00b68356b95930a1b963041912e5cdd4c05fa05ebe8db952e66,2026-07-25T12:38:16
S23_F02_c011,23,classroom,S23_F02,F02,A14,test,P04,classroom/S23_F02/S23_F02_c011.MOV,phone_4k,3840,2160,30.0,176,5.867,6fef86ee230db62470d6e2207cc48f7bf55a1055723bd519d1505d24cf720635,2026-07-25T12:38:28
S23_F02_c012,23,classroom,S23_F02,F02,A14,test,P04,classroom/S23_F02/S23_F02_c012.mp4,phone_1080p,1920,1080,29.991,165,5.502,a687dda25e558f4a7d18901ee7e36915224e135977e9158e7ba941cfd581567f,2026-07-25T12:38:28
S23_F02_c013,23,classroom,S23_F02,F02,A14,test,P01,classroom/S23_F02/S23_F02_c013.mp4,realsense_480p,640,480,15.0,74,4.933,28e54e9941d35d4e3cce2621effdee9309d73b1394e96cb4fffa350b4b82b964,2026-07-25T11:39:23
S23_F02_c014,23,classroom,S23_F02,F02,A14,test,P01,classroom/S23_F02/S23_F02_c014.mp4,realsense_480p,640,480,15.0,76,5.067,3c98e63f424290ac8ce4380b5bc89f8e42d4f1de901dc24b11e0bd1346519acc,2026-07-25T11:39:40
S23_F02_c015,23,classroom,S23_F02,F02,A14,test,P01,classroom/S23_F02/S23_F02_c015.mp4,realsense_480p,640,480,15.0,75,5.0,f56b4777eeea66450df9d8a50a97092e1da7f9ddb2d456510c61a9b24b941bf8,2026-07-25T11:39:54
S23_F02_c016,23,classroom,S23_F02,F02,A14,test,P01,classroom/S23_F02/S23_F02_c016.mp4,realsense_480p,640,480,15.0,81,5.4,9eca201c1d2c61d28b60519da496387782927e96d1910827e7004d56abfa8b28,2026-07-25T11:40:08
S23_F02_c017,23,classroom,S23_F02,F02,A14,test,P02,classroom/S23_F02/S23_F02_c017.mp4,realsense_480p,640,480,15.0,72,4.8,caa3cc17c80f560486a2f3e14f75a8903ea69e9eba23782b40f37d3ac4c68aa9,2026-07-25T12:09:35
S23_F02_c018,23,classroom,S23_F02,F02,A14,test,P09,classroom/S23_F02/S23_F02_c018.MOV,phone_4k,3840,2160,30.0,178,5.933,98302fd1d4a57b2b9d657da56c507a41b236f0a794d64cee1e8473b05d323ec9,2026-07-25T15:56:30
S23_F02_c019,23,classroom,S23_F02,F02,A14,test,P09,classroom/S23_F02/S23_F02_c019.mp4,phone_1080p,1920,1080,29.991,167,5.568,59792421750ff33eb4b6d0395b8a774620f2b0d4415af7d15126a12a70cea405,2026-07-25T15:56:29
S23_F02_c020,23,classroom,S23_F02,F02,A14,test,P02,classroom/S23_F02/S23_F02_c020.mp4,realsense_480p,640,480,15.0,94,6.267,eab7d253f5c8e7565e4728154641e6eb486fc9f1aff9204f713c6ab05fa13f25,2026-07-25T12:09:49
S23_F02_c021,23,classroom,S23_F02,F02,A14,test,P02,classroom/S23_F02/S23_F02_c021.mp4,realsense_480p,640,480,15.0,89,5.933,02dbf629fa92505d8d33d207c23e7dd110d6c28eef93c7aa14e055f91d3fc6ea,2026-07-25T12:10:12
S23_F02_c022,23,classroom,S23_F02,F02,A14,test,P02,classroom/S23_F02/S23_F02_c022.mp4,realsense_480p,640,480,15.0,91,6.067,f77c0c357cfea241599eb5d04140c399a9ec2750177048e3183cca3e4b26aea3,2026-07-25T12:10:24
S23_F02_c023,23,classroom,S23_F02,F02,A14,test,P06,classroom/S23_F02/S23_F02_c023.mp4,realsense_480p,640,480,15.0,115,7.667,3a723436e14c5f70a99907854cf0b7c22b75615dc1e7a49f50e259ec04b14e3a,2026-07-25T12:21:37
S23_F02_c024,23,classroom,S23_F02,F02,A14,test,P06,classroom/S23_F02/S23_F02_c024.mp4,realsense_480p,640,480,15.0,89,5.933,71d7bbfe4406a203571e49d66d6ddad8eefd6f8f4d76fc1743c5435f4b654b50,2026-07-25T12:21:52
S23_F02_c025,23,classroom,S23_F02,F02,A14,test,P06,classroom/S23_F02/S23_F02_c025.mp4,realsense_480p,640,480,15.0,92,6.133,eb3721ed384d00511060d1a41538730d21232ca0951ab7d2a383bbb71993a9c9,2026-07-25T12:22:04
S23_F02_c026,23,classroom,S23_F02,F02,A14,test,P06,classroom/S23_F02/S23_F02_c026.mp4,realsense_480p,640,480,15.0,92,6.133,7924c6132a2306d31cd94c4fe73eb90399867d1fd77d318223e019f41ecd7bce,2026-07-25T12:22:15
S23_F02_c027,23,classroom,S23_F02,F02,A14,test,P04,classroom/S23_F02/S23_F02_c027.mp4,realsense_480p,640,480,15.0,88,5.867,8dab498f2b16f2b985e9182377d33862fbb56c7458807107f797c6b3531b08d1,2026-07-25T12:37:47
S23_F02_c028,23,classroom,S23_F02,F02,A14,test,P04,classroom/S23_F02/S23_F02_c028.mp4,realsense_480p,640,480,15.0,91,6.067,1d662a88e441d4f21c232de691c9b1aa4e881dc6623f410b58913bb26046020b,2026-07-25T12:38:02
S23_F02_c029,23,classroom,S23_F02,F02,A14,test,P04,classroom/S23_F02/S23_F02_c029.mp4,realsense_480p,640,480,15.0,91,6.067,8f65bf2acc97672ea427503240f2ba6084ecbad11af86953be9d50d959a91d07,2026-07-25T12:38:17
S23_F02_c030,23,classroom,S23_F02,F02,A14,test,P02,classroom/S23_F02/S23_F02_c030.MOV,phone_4k,3840,2160,30.0,167,5.567,ee4f03f706a3d744107483b67131bf025d3db26c819218372ab56183fbe408d9,2026-07-25T12:09:34
S23_F02_c031,23,classroom,S23_F02,F02,A14,test,P02,classroom/S23_F02/S23_F02_c031.mp4,phone_1080p,1920,1080,29.991,166,5.535,923d275e3ebdcb3e4866103441426c486cda3e41bca9b105aa5bf2e677f4a6b9,2026-07-25T12:09:34
S23_F02_c032,23,classroom,S23_F02,F02,A14,test,P04,classroom/S23_F02/S23_F02_c032.mp4,realsense_480p,640,480,15.0,100,6.667,5d71446b5d7f01b3822eadece2cb1adac6fd127ea1ab232adb74d3a6c7be0cd9,2026-07-25T12:38:29
S23_F02_c033,23,classroom,S23_F02,F02,A14,test,P02,classroom/S23_F02/S23_F02_c033.MOV,phone_4k,3840,2160,30.0,201,6.7,9e965b48ea96d324cd1391e837b0e8958f1fb01de4106dee510e0d4be096262f,2026-07-25T12:09:48
S23_F02_c034,23,classroom,S23_F02,F02,A14,test,P02,classroom/S23_F02/S23_F02_c034.mp4,phone_1080p,1920,1080,29.992,190,6.335,b1467e18cc12dc998ebdc9639fc3ac5efce7e714ea2190fd5643348f688d9a08,2026-07-25T12:09:48
S23_F02_c035,23,classroom,S23_F02,F02,A14,test,P02,classroom/S23_F02/S23_F02_c035.MOV,phone_4k,3840,2160,30.0,170,5.667,e2d567063bef430296d4bcb35a5f60009d60befb5d60f0749d02a78048dd8bf0,2026-07-25T12:10:12
S23_F02_c036,23,classroom,S23_F02,F02,A14,test,P02,classroom/S23_F02/S23_F02_c036.mp4,phone_1080p,1920,1080,29.992,178,5.935,89df2fb3a5c7b123f066842365ede0608409755e4c41f3225998862675a1954d,2026-07-25T12:10:11
S23_F02_c037,23,classroom,S23_F02,F02,A14,test,P02,classroom/S23_F02/S23_F02_c037.MOV,phone_4k,3840,2160,30.0,174,5.8,99a3a98c41499be882e860e9f593aa7a908ef041591d5a7dabd27af8b2ccee59,2026-07-25T12:10:23
S23_F02_c038,23,classroom,S23_F02,F02,A14,test,P02,classroom/S23_F02/S23_F02_c038.mp4,phone_1080p,1920,1080,29.991,172,5.735,0c8c1396e88a81be199fbb8971b6f8d62ddd49abab0485872ba8ba9cf9ce0172,2026-07-25T12:10:23
S23_F02_c039,23,classroom,S23_F02,F02,A14,test,P06,classroom/S23_F02/S23_F02_c039.MOV,phone_4k,3840,2160,30.0,171,5.7,6af0d3d33aeb7b8d90916aee3c23e07d4256e6d073b0fee51b506d2394bbe478,2026-07-25T12:21:36
S23_F02_c040,23,classroom,S23_F02,F02,A14,test,P06,classroom/S23_F02/S23_F02_c040.mp4,phone_1080p,1920,1080,29.993,200,6.668,e11d288cca38005dd992679b245911bf79eedcd262a166984cf647670b26cd3b,2026-07-25T12:21:36
S23_F02_c041,23,classroom,S23_F02,F02,A14,test,P06,classroom/S23_F02/S23_F02_c041.MOV,phone_4k,3840,2160,30.0,169,5.633,4bba17d98641b1bdf639ac364a0a21a6b95513c9745bc0fc271203245a1eca3d,2026-07-25T12:21:51
S23_F02_c042,23,classroom,S23_F02,F02,A14,test,P06,classroom/S23_F02/S23_F02_c042.mp4,phone_1080p,1920,1080,29.991,164,5.468,a9fe1fb60531f24efe4976bcc03a2b31d2f449bafa39f0e4e76bc24a4cf10e9e,2026-07-25T12:21:51
S23_F02_c043,23,classroom,S23_F02,F02,A14,test,P06,classroom/S23_F02/S23_F02_c043.MOV,phone_4k,3840,2160,30.0,172,5.733,f68849c0b8ebe9e3cc551d5ca09aab9fb7d59d643ba847c93f600ef5b3fe8e71,2026-07-25T12:22:04
S23_F02_c044,23,classroom,S23_F02,F02,A14,test,P06,classroom/S23_F02/S23_F02_c044.mp4,phone_1080p,1920,1080,29.991,167,5.568,f745b374ad021723fd1d57733bc7b9742e285bf289a7a69d9242bf6c5b04f6ab,2026-07-25T12:22:04
S24_F03_c001,24,classroom,S24_F03,F03,A13,test,P09,classroom/S24_F03/S24_F03_c001.MOV,phone_4k,3840,2160,30.0,180,6.0,ef14e5bf05c2b217b5dcbee90c6b0e17f4faaf4ffbf1a9c864354ee17fe149a9,2026-07-25T15:57:13
S24_F03_c002,24,classroom,S24_F03,F03,A13,test,P09,classroom/S24_F03/S24_F03_c002.mp4,phone_1080p,1920,1080,29.991,168,5.602,a1f5596ee0fa50d39a9ee3a330be22536db87afef243381d6d4be88f513e56c1,2026-07-25T15:57:12
S24_F03_c003,24,classroom,S24_F03,F03,A13,test,P06,classroom/S24_F03/S24_F03_c003.MOV,phone_4k,3840,2160,30.0,165,5.5,c40693c51aea5111596583023f3e6c6f8ff4f12d32799dbf0da790901826e875,2026-07-25T12:23:35
S24_F03_c004,24,classroom,S24_F03,F03,A13,test,P06,classroom/S24_F03/S24_F03_c004.mp4,phone_1080p,1920,1080,29.992,187,6.235,8a1e8e36f6b858174986937cea7c3ff981720b0c1ec0119c2da9141db1b75de2,2026-07-25T12:23:53
S24_F03_c005,24,classroom,S24_F03,F03,A13,test,P06,classroom/S24_F03/S24_F03_c005.MOV,phone_4k,3840,2160,30.0,163,5.433,2487e533610a757f62ecc0199ad54d0a71d7ba64ba7e54e377ad173ed54521cb,2026-07-25T12:23:54
S24_F03_c006,24,classroom,S24_F03,F03,A13,test,P04,classroom/S24_F03/S24_F03_c006.mp4,phone_1080p,1920,1080,29.991,163,5.435,72fb45ebd22d8c461c417af94179d5ea55594174f3d129042e5356f823a14871,2026-07-25T12:39:27
S24_F03_c007,24,classroom,S24_F03,F03,A13,test,P04,classroom/S24_F03/S24_F03_c007.MOV,phone_4k,3840,2160,30.0,185,6.167,21748f0ed3ca8f34619c11191a6760e606738e39948296c88267169455c0c2e5,2026-07-25T12:39:27
S24_F03_c008,24,classroom,S24_F03,F03,A13,test,P04,classroom/S24_F03/S24_F03_c008.mp4,phone_1080p,1920,1080,29.991,162,5.402,ece0af02f2ed1a6ee84721a1ac3d78835d3e99e36abd3d9b840f08189ecdc7a4,2026-07-25T12:40:05
S24_F03_c009,24,classroom,S24_F03,F03,A13,test,P04,classroom/S24_F03/S24_F03_c009.MOV,phone_4k,3840,2160,30.0,175,5.833,13c9144c15dc6674bca1ff934f7e1126979f885727fa7b6658f5ddbfdf923a3f,2026-07-25T12:40:05
S24_F03_c010,24,classroom,S24_F03,F03,A13,test,P04,classroom/S24_F03/S24_F03_c010.mp4,phone_1080p,1920,1080,29.991,168,5.602,2a5c66024474bbc0039c56fd1e16b2ac936cdab1f1e566cc6ae67d1461c2f61c,2026-07-25T12:40:18
S24_F03_c011,24,classroom,S24_F03,F03,A13,test,P04,classroom/S24_F03/S24_F03_c011.MOV,phone_4k,3840,2160,30.0,177,5.9,1cbafd4e0b8e126cf89da7fbf3631158a6e226d90547694087c38bf377379946,2026-07-25T12:40:19
S24_F03_c012,24,classroom,S24_F03,F03,A13,test,P04,classroom/S24_F03/S24_F03_c012.mp4,phone_1080p,1920,1080,29.991,171,5.702,f32a4f2ce0f328ed24d89a763e5709b159f3d5e583e80a5ad7611c9c5c9227ca,2026-07-25T12:40:32
S24_F03_c013,24,classroom,S24_F03,F03,A13,test,P04,classroom/S24_F03/S24_F03_c013.MOV,phone_4k,3840,2160,30.0,174,5.8,8392b82c46e14f626a6d9a3962661b57027e137bbd50c8637bfb8bd4fc94133d,2026-07-25T12:40:33
S24_F03_c014,24,classroom,S24_F03,F03,A13,test,P01,classroom/S24_F03/S24_F03_c014.mp4,phone_1080p,1920,1080,29.991,163,5.435,315c199164324adb90a892693d833597292447bd422501379ac721bbf1d7dff9,2026-07-25T12:48:44
S24_F03_c015,24,classroom,S24_F03,F03,A13,test,P01,classroom/S24_F03/S24_F03_c015.MOV,phone_4k,3840,2160,30.0,173,5.767,84bfe3bf88cd8a4faf3a1b7d94571417c5b70ae9ca4544bd7f8f749f785d2ab1,2026-07-25T12:48:44
S24_F03_c016,24,classroom,S24_F03,F03,A13,test,P01,classroom/S24_F03/S24_F03_c016.mp4,phone_1080p,1920,1080,29.991,164,5.468,04f7d12bc817becd70754ca8a83ca817b6c4ef11632c9b38c22618f7904e963e,2026-07-25T12:48:55
S24_F03_c017,24,classroom,S24_F03,F03,A13,test,P01,classroom/S24_F03/S24_F03_c017.MOV,phone_4k,3840,2160,30.0,174,5.8,48ad932ead97e1b45bbb284f1787d7686553459a8cf9a31acbf84745982420b1,2026-07-25T12:48:55
S24_F03_c018,24,classroom,S24_F03,F03,A13,test,P01,classroom/S24_F03/S24_F03_c018.mp4,phone_1080p,1920,1080,29.99,156,5.202,f7fb5a0e8015091957a47c15b4a313238c2a1d19b905ef89b08b9937b911fc65,2026-07-25T12:49:39
S24_F03_c019,24,classroom,S24_F03,F03,A13,test,P01,classroom/S24_F03/S24_F03_c019.MOV,phone_4k,3840,2160,30.0,166,5.533,16d5e2f96419fceff24bbd442b1cc26cb982c98d3925fe2f362cc7f8ff984834,2026-07-25T12:49:39
S24_F03_c020,24,classroom,S24_F03,F03,A13,test,P01,classroom/S24_F03/S24_F03_c020.mp4,phone_1080p,1920,1080,29.991,164,5.468,c652690026e79bdc6148e3a8e18e3b1662cadea52445835e37214b65b950cf0f,2026-07-25T12:49:51
S24_F03_c021,24,classroom,S24_F03,F03,A13,test,P01,classroom/S24_F03/S24_F03_c021.MOV,phone_4k,3840,2160,30.0,182,6.067,b3bbf26c4cc03bb07c9eb6c155e6dba92af2674c8987ac05f5754fb7b2f844db,2026-07-25T12:49:51
S24_F03_c022,24,classroom,S24_F03,F03,A13,test,P01,classroom/S24_F03/S24_F03_c022.mp4,realsense_480p,640,480,15.0,95,6.333,c799d617e808027463cfb52c46a19e03b25ab389ce1aaf072a2c8757facd454c,2026-07-25T11:41:32
S24_F03_c023,24,classroom,S24_F03,F03,A13,test,P09,classroom/S24_F03/S24_F03_c023.MOV,phone_4k,3840,2160,30.0,167,5.567,32963cba42cb3848710652a432f8333d6313effa840589c79fd33bc6be16209e,2026-07-25T15:57:25
S24_F03_c024,24,classroom,S24_F03,F03,A13,test,P09,classroom/S24_F03/S24_F03_c024.mp4,phone_1080p,1920,1080,29.991,166,5.535,0fc83d47fc224d498e4dbfac6d5d9fbe7480f9712faa756ed775aad63d4f2dcb,2026-07-25T15:57:25
S24_F03_c025,24,classroom,S24_F03,F03,A13,test,P01,classroom/S24_F03/S24_F03_c025.mp4,realsense_480p,640,480,15.0,90,6.0,aa54decd12555dfe25a1f43be1ba1a49c4509886c82a03cc03ec5576c73c382a,2026-07-25T11:41:46
S24_F03_c026,24,classroom,S24_F03,F03,A13,test,P01,classroom/S24_F03/S24_F03_c026.mp4,realsense_480p,640,480,15.0,93,6.2,2b62eb37b5f43749ed8667f98857ee5999645aba12a70c764f7c899a78419808,2026-07-25T11:41:59
S24_F03_c027,24,classroom,S24_F03,F03,A13,test,P01,classroom/S24_F03/S24_F03_c027.mp4,realsense_480p,640,480,15.0,103,6.867,7e9e3a492468a855f8a0b816c5d38dfa620841fdb815b6f0aa519e4e41e79ad3,2026-07-25T11:42:11
S24_F03_c028,24,classroom,S24_F03,F03,A13,test,P02,classroom/S24_F03/S24_F03_c028.mp4,realsense_480p,640,480,15.0,86,5.733,30bcd81f1d5643bfacf0034025cd5ca9403c590299208c8cf92cec3ee58ee771,2026-07-25T12:10:54
S24_F03_c029,24,classroom,S24_F03,F03,A13,test,P02,classroom/S24_F03/S24_F03_c029.mp4,realsense_480p,640,480,15.0,87,5.8,ffd565b3b9493fb3e5fab237d8ee49613a94ee48086cf3f05c5aa8a7ee5909b8,2026-07-25T12:11:07
S24_F03_c030,24,classroom,S24_F03,F03,A13,test,P02,classroom/S24_F03/S24_F03_c030.mp4,realsense_480p,640,480,15.0,90,6.0,088dcb57b0748262ab482cdb6bc6f2a9479102ad31bc0961a20c17b8417ebc45,2026-07-25T12:11:17
S24_F03_c031,24,classroom,S24_F03,F03,A13,test,P02,classroom/S24_F03/S24_F03_c031.mp4,realsense_480p,640,480,15.0,90,6.0,ca64bc1144ccf787e3d38d08ff982ed9c94804daf75166e9a46c8fd5ba3923b0,2026-07-25T12:11:27
S24_F03_c032,24,classroom,S24_F03,F03,A13,test,P06,classroom/S24_F03/S24_F03_c032.mp4,realsense_480p,640,480,15.0,88,5.867,922b9ec5887db9faf23f4af72807a127e18913cd8facdf25b349fdd0c4cdd743,2026-07-25T12:23:10
S24_F03_c033,24,classroom,S24_F03,F03,A13,test,P06,classroom/S24_F03/S24_F03_c033.mp4,realsense_480p,640,480,15.0,90,6.0,a5cedb9e0ce416ba4ac3452a890e6e641ecf8f05da0aea4338f6822306706d89,2026-07-25T12:23:23
S24_F03_c034,24,classroom,S24_F03,F03,A13,test,P06,classroom/S24_F03/S24_F03_c034.mp4,realsense_480p,640,480,15.0,87,5.8,39562b3b0f0c24332ecad780327cd880229708f8c3726c311167810ea4832ee6,2026-07-25T12:23:36
S24_F03_c035,24,classroom,S24_F03,F03,A13,test,P02,classroom/S24_F03/S24_F03_c035.MOV,phone_4k,3840,2160,30.0,162,5.4,a15470f9d7a3bdff8a755afb64fc69af2b9647eebdd5105e6c2f55b99c6d53c3,2026-07-25T12:10:54
S24_F03_c036,24,classroom,S24_F03,F03,A13,test,P02,classroom/S24_F03/S24_F03_c036.mp4,phone_1080p,1920,1080,29.991,174,5.802,bcb559461ec9861f0d34e362765e2539ef12b720da85973428d148fb31432e31,2026-07-25T12:10:53
S24_F03_c037,24,classroom,S24_F03,F03,A13,test,P06,classroom/S24_F03/S24_F03_c037.mp4,realsense_480p,640,480,15.0,92,6.133,6a92fda3133de685d1537ebdfbfb8d722bdc6ced8376f7d1fca9da39df5720c8,2026-07-25T12:23:54
S24_F03_c038,24,classroom,S24_F03,F03,A13,test,P04,classroom/S24_F03/S24_F03_c038.mp4,realsense_480p,640,480,15.0,92,6.133,17bfcd9c147927b9aa3a25461c9e6e29173592704c169819e6c5e282202de3f7,2026-07-25T12:39:28
S24_F03_c039,24,classroom,S24_F03,F03,A13,test,P04,classroom/S24_F03/S24_F03_c039.mp4,realsense_480p,640,480,15.0,92,6.133,abe54fed2fe1b3144eef33e3a3b1f21f6aa2a7754381776f23accdbda43f0f7e,2026-07-25T12:40:06
S24_F03_c040,24,classroom,S24_F03,F03,A13,test,P04,classroom/S24_F03/S24_F03_c040.mp4,realsense_480p,640,480,15.0,93,6.2,91affc89b8b415a9ae21d5b699f687428bbb3082f9b4cbff4c7ce7141bf28ee0,2026-07-25T12:40:19
S24_F03_c041,24,classroom,S24_F03,F03,A13,test,P04,classroom/S24_F03/S24_F03_c041.mp4,realsense_480p,640,480,15.0,46,3.067,1d606bb0838c711879232688b60cedc4417ac97b15f5efe25165248a084f7a08,2026-07-25T12:40:34
S24_F03_c042,24,classroom,S24_F03,F03,A13,test,P02,classroom/S24_F03/S24_F03_c042.MOV,phone_4k,3840,2160,30.0,173,5.767,189b2ead103ce04797b49d5c02a921c4b0a2ee057e762765a5f30ff391712235,2026-07-25T12:11:06
S24_F03_c043,24,classroom,S24_F03,F03,A13,test,P02,classroom/S24_F03/S24_F03_c043.mp4,phone_1080p,1920,1080,29.991,172,5.735,dd2de87a80219d04bfe31694faa8fd6dc21ee1e68d6ada605ab26b722d60a3f9,2026-07-25T12:11:06
S24_F03_c044,24,classroom,S24_F03,F03,A13,test,P02,classroom/S24_F03/S24_F03_c044.MOV,phone_4k,3840,2160,30.0,174,5.8,31396b2ee5cdf077fd11519b158855725952bc178259c12111b6ab722dc2a2f6,2026-07-25T12:11:16
S24_F03_c045,24,classroom,S24_F03,F03,A13,test,P02,classroom/S24_F03/S24_F03_c045.mp4,phone_1080p,1920,1080,29.991,172,5.735,6e864d80536ecfff575a991079e6e4e8591aa98b38d85ca0d5b9b4e0d0d450da,2026-07-25T12:11:16
S24_F03_c046,24,classroom,S24_F03,F03,A13,test,P02,classroom/S24_F03/S24_F03_c046.MOV,phone_4k,3840,2160,30.0,194,6.467,2e08e540a3358abf4157339219d20084cd6dd9f7f66991cbbf1d84a7ba58936a,2026-07-25T12:11:27
S24_F03_c047,24,classroom,S24_F03,F03,A13,test,P02,classroom/S24_F03/S24_F03_c047.mp4,phone_1080p,1920,1080,29.991,168,5.602,568b29c5c3c24428248fc29f7b87e0053a378f531fb1840afb8890ffe4ee974f,2026-07-25T12:11:26
S24_F03_c048,24,classroom,S24_F03,F03,A13,test,P06,classroom/S24_F03/S24_F03_c048.MOV,phone_4k,3840,2160,30.0,179,5.967,640f5f94793ee45d71dc2da1c3386f8d09bc598263523607dc7244f2d35d1a21,2026-07-25T12:22:41
S24_F03_c049,24,classroom,S24_F03,F03,A13,test,P06,classroom/S24_F03/S24_F03_c049.mp4,phone_1080p,1920,1080,29.991,169,5.635,fd2e3d2cacabad2f0d0cb084fa9250a9c65166a2b8cd52ed004c8a1860335c6c,2026-07-25T12:23:09
S24_F03_c050,24,classroom,S24_F03,F03,A13,test,P06,classroom/S24_F03/S24_F03_c050.MOV,phone_4k,3840,2160,30.0,164,5.467,7f4cf2128462b081734d1accbd50c7b2818b0b3685bdee0903fb6db94e3e260a,2026-07-25T12:23:09
S24_F03_c051,24,classroom,S24_F03,F03,A13,test,P06,classroom/S24_F03/S24_F03_c051.mp4,phone_1080p,1920,1080,29.991,162,5.402,f036b0dfdb4d9b9f562880cdcac57a007946f9ac31a3038cd138023ef454d8c5,2026-07-25T12:23:22
S24_F03_c052,24,classroom,S24_F03,F03,A13,test,P06,classroom/S24_F03/S24_F03_c052.MOV,phone_4k,3840,2160,30.0,168,5.6,a125ba353e68e6660cf4c78275f969a119ae7dc5816e5f9f939be5b478c70ffd,2026-07-25T12:23:22
S24_F03_c053,24,classroom,S24_F03,F03,A13,test,P06,classroom/S24_F03/S24_F03_c053.mp4,phone_1080p,1920,1080,29.991,162,5.402,a1820eeb690200386bb76d8cac5abe54b8868d263e4a612417232f87be3fba93,2026-07-25T12:23:35
S25_F04_c001,25,classroom,S25_F04,F04,A15,test,P09,classroom/S25_F04/S25_F04_c001.MOV,phone_4k,3840,2160,30.0,175,5.833,140eef0d93f2e9d4cbfdb87dbbc2615dabef5773e52d5903f1ff1a20acee7d22,2026-07-25T15:57:58
S25_F04_c002,25,classroom,S25_F04,F04,A15,test,P09,classroom/S25_F04/S25_F04_c002.mp4,phone_1080p,1920,1080,29.991,163,5.435,1ae6eeab7cebb41188d2906c24d7eb5f5a6094b0871ae5d2fd416b9334f82d3a,2026-07-25T15:57:57
S25_F04_c003,25,classroom,S25_F04,F04,A15,test,P06,classroom/S25_F04/S25_F04_c003.MOV,phone_4k,3840,2160,30.0,167,5.567,45db832a1d2e85d67699bacd20c7f768ad4d0041539f2ec98a85198ec920573a,2026-07-25T15:43:48
S25_F04_c004,25,classroom,S25_F04,F04,A15,test,P06,classroom/S25_F04/S25_F04_c004.mp4,phone_1080p,1920,1080,29.991,171,5.702,b66f5b4ca72f640e9e82ddfbd58af892a5ce2eb4be2aec583dc8114886107369,2026-07-25T15:43:48
S25_F04_c005,25,classroom,S25_F04,F04,A15,test,P04,classroom/S25_F04/S25_F04_c005.MOV,phone_4k,3840,2160,30.0,182,6.067,acbca17f75a80e0135642b63cfeec5c4a51465e9b85596badb980c7a9c5e8375,2026-07-25T15:44:58
S25_F04_c006,25,classroom,S25_F04,F04,A15,test,P04,classroom/S25_F04/S25_F04_c006.mp4,phone_1080p,1920,1080,29.991,165,5.502,f576031e5c3636fc99909bf8b11b75410ed7135fcd16de1048695fe1cd54ab33,2026-07-25T15:44:57
S25_F04_c007,25,classroom,S25_F04,F04,A15,test,P04,classroom/S25_F04/S25_F04_c007.MOV,phone_4k,3840,2160,30.0,181,6.033,0acc1ca111eaa56214a3947dc2ed5ef161e10f013c0706486641fae767bd3cc8,2026-07-25T15:45:11
S25_F04_c008,25,classroom,S25_F04,F04,A15,test,P04,classroom/S25_F04/S25_F04_c008.mp4,phone_1080p,1920,1080,29.991,164,5.468,44f46e47eae375c239374e6e0a1eed8797e90ad0b9d4e6ae6650c800766ace99,2026-07-25T15:45:10
S25_F04_c009,25,classroom,S25_F04,F04,A15,test,P04,classroom/S25_F04/S25_F04_c009.MOV,phone_4k,3840,2160,30.0,177,5.9,95ab234fad62e15fbab728914ced0d469a31113446edd2bc0e908bfead57b77c,2026-07-25T15:45:23
S25_F04_c010,25,classroom,S25_F04,F04,A15,test,P04,classroom/S25_F04/S25_F04_c010.mp4,phone_1080p,1920,1080,29.991,163,5.435,53c458bf1181cdec7eb5dd0cfd332974df851502d7eabd149e5d7732d14b59b9,2026-07-25T15:45:22
S25_F04_c011,25,classroom,S25_F04,F04,A15,test,P04,classroom/S25_F04/S25_F04_c011.MOV,phone_4k,3840,2160,30.0,184,6.133,18c4d4ca7396bad8303c0a78b33731b4386862ac3695e9bb26e829e4f2a0b23c,2026-07-25T15:45:32
S25_F04_c012,25,classroom,S25_F04,F04,A15,test,P04,classroom/S25_F04/S25_F04_c012.mp4,phone_1080p,1920,1080,29.991,164,5.468,65fcb0cba7df104210efe6b85f378098bf9083b733e102ce36ca0aea99ad5b21,2026-07-25T15:45:32
S25_F04_c013,25,classroom,S25_F04,F04,A15,test,P01,classroom/S25_F04/S25_F04_c013.MOV,phone_4k,3840,2160,30.0,175,5.833,42350045d00c643b846d7dec2ebc080c0812cf2e71154b9b44bcee23ff0a7c67,2026-07-25T15:47:06
S25_F04_c014,25,classroom,S25_F04,F04,A15,test,P01,classroom/S25_F04/S25_F04_c014.mp4,phone_1080p,1920,1080,29.991,164,5.468,e90e645cfbe86d661d6e8caab42e87421820e026652ded23f5ffb0e1d80034f7,2026-07-25T15:47:06
S25_F04_c015,25,classroom,S25_F04,F04,A15,test,P01,classroom/S25_F04/S25_F04_c015.MOV,phone_4k,3840,2160,30.0,177,5.9,6461454f3a1c956a2501567ce91d8539a79e3661ef7e1c3b40ae8876dfe33436,2026-07-25T15:47:19
S25_F04_c016,25,classroom,S25_F04,F04,A15,test,P01,classroom/S25_F04/S25_F04_c016.mp4,phone_1080p,1920,1080,29.992,195,6.502,84e63f2af871f2e3fb4734e39b7929586837aa23de304713cd38edc2b9cb9f7d,2026-07-25T15:47:18
S25_F04_c017,25,classroom,S25_F04,F04,A15,test,P01,classroom/S25_F04/S25_F04_c017.MOV,phone_4k,3840,2160,30.0,173,5.767,3e934b037ad3408fecd4dca8390ee4cf63c48450d7274b8b0f4c9b80b78be959,2026-07-25T15:47:29
S25_F04_c018,25,classroom,S25_F04,F04,A15,test,P01,classroom/S25_F04/S25_F04_c018.mp4,phone_1080p,1920,1080,29.991,175,5.835,865a9a49c141288db5e477b1bac660f0451314c41b009c83cdbea72c6038961f,2026-07-25T15:47:29
S25_F04_c019,25,classroom,S25_F04,F04,A15,test,P01,classroom/S25_F04/S25_F04_c019.MOV,phone_4k,3840,2160,30.0,168,5.6,fcb2dd10e3ab91b755ca4a2babc2786675dec29a614a98a2796af4756351862b,2026-07-25T15:47:40
S25_F04_c020,25,classroom,S25_F04,F04,A15,test,P01,classroom/S25_F04/S25_F04_c020.mp4,phone_1080p,1920,1080,29.992,183,6.102,91a081e00b020c70e6d9191b29693799e24d24ef2d89a147efc61799fb424229,2026-07-25T15:47:39
S25_F04_c021,25,classroom,S25_F04,F04,A15,test,P02,classroom/S25_F04/S25_F04_c021.mp4,realsense_480p,640,480,15.0,87,5.8,f195c07df2ddc74542abb9bb6923c77f40fb8b7233b147968f39aff7055231ac,2026-07-25T15:37:08
S25_F04_c022,25,classroom,S25_F04,F04,A15,test,P09,classroom/S25_F04/S25_F04_c022.MOV,phone_4k,3840,2160,30.0,170,5.667,0035776dced2d117c61360792e2576f0d30ca0f8f311ad39aff7514be69ecb42,2026-07-25T15:58:10
S25_F04_c023,25,classroom,S25_F04,F04,A15,test,P09,classroom/S25_F04/S25_F04_c023.mp4,phone_1080p,1920,1080,29.991,170,5.668,d9690a58d602577cbb5f7c35aa8ba2c2a58bf4e7286b5466a6ee50892a2e2f9f,2026-07-25T15:58:10
S25_F04_c024,25,classroom,S25_F04,F04,A15,test,P02,classroom/S25_F04/S25_F04_c024.mp4,realsense_480p,640,480,15.0,94,6.267,e7fe7cbcaab240a3f3b1d3355b9716bae9c3f6bb9000cfeb20c93f453d617d4f,2026-07-25T15:37:20
S25_F04_c025,25,classroom,S25_F04,F04,A15,test,P02,classroom/S25_F04/S25_F04_c025.mp4,realsense_480p,640,480,15.0,92,6.133,121d7a664edddbe711302024bda54907405f40476eb30b8a9e27ef0b27489dee,2026-07-25T15:37:31
S25_F04_c026,25,classroom,S25_F04,F04,A15,test,P02,classroom/S25_F04/S25_F04_c026.mp4,realsense_480p,640,480,15.0,89,5.933,c37f149c08a14a7dc4a5efc08e7c9668835a102df3b2b7f7b7a33b11487655b6,2026-07-25T15:37:40
S25_F04_c027,25,classroom,S25_F04,F04,A15,test,P06,classroom/S25_F04/S25_F04_c027.mp4,realsense_480p,640,480,15.0,81,5.4,94881fcc8b1161ffa2dbb81061f5a40c9da6c7758fea9bd32465467a65759111,2026-07-25T15:42:55
S25_F04_c028,25,classroom,S25_F04,F04,A15,test,P06,classroom/S25_F04/S25_F04_c028.mp4,realsense_480p,640,480,15.0,93,6.2,cf83c6796780a7c3acb729cdde6b53a15444610b73045fb4a4a75bda14886cfb,2026-07-25T15:43:27
S25_F04_c029,25,classroom,S25_F04,F04,A15,test,P06,classroom/S25_F04/S25_F04_c029.mp4,realsense_480p,640,480,15.0,83,5.533,16bab2735a3306bc011f5e390785629f1bf7e845e0c8062915ff9f72d4eb3964,2026-07-25T15:43:38
S25_F04_c030,25,classroom,S25_F04,F04,A15,test,P06,classroom/S25_F04/S25_F04_c030.mp4,realsense_480p,640,480,15.0,93,6.2,2b79fa0b9e0a3ce11f6943d899b1cac53f2de713744c3b43c6399e6bdbe2a69e,2026-07-25T15:43:49
S25_F04_c031,25,classroom,S25_F04,F04,A15,test,P04,classroom/S25_F04/S25_F04_c031.mp4,realsense_480p,640,480,15.0,87,5.8,23af83c88df5717f2765ffc35d9fa1bbd54228e0fa360609d18f6dc7915bd122,2026-07-25T15:44:58
S25_F04_c032,25,classroom,S25_F04,F04,A15,test,P04,classroom/S25_F04/S25_F04_c032.mp4,realsense_480p,640,480,15.0,84,5.6,e0e52b6a48ca336ef9af221c52fca319a2e44c4cfd93afa7478fa776c6573c15,2026-07-25T15:45:12
S25_F04_c033,25,classroom,S25_F04,F04,A15,test,P04,classroom/S25_F04/S25_F04_c033.mp4,realsense_480p,640,480,15.0,89,5.933,1f7ef6d9e6148dea2bc4121499359192cc18d7c38edc9ece2becfb7049d02adc,2026-07-25T15:45:23
S25_F04_c034,25,classroom,S25_F04,F04,A15,test,P02,classroom/S25_F04/S25_F04_c034.MOV,phone_4k,3840,2160,30.0,169,5.633,74717bd2a974d88b24b0ba79af61573b57a791b73558c57253cf45834ca05f12,2026-07-25T15:37:08
S25_F04_c035,25,classroom,S25_F04,F04,A15,test,P02,classroom/S25_F04/S25_F04_c035.mp4,phone_1080p,1920,1080,29.991,169,5.635,e58cbf275bfd7e6b3de18d0449880d6d7f342193ab770f374823db75c65801b8,2026-07-25T15:37:07
S25_F04_c036,25,classroom,S25_F04,F04,A15,test,P04,classroom/S25_F04/S25_F04_c036.mp4,realsense_480p,640,480,15.0,93,6.2,4fd6f1a3fce3b235ba73b94020826a6f5911c7fc61a4668053cb411e5a6bae15,2026-07-25T15:45:33
S25_F04_c037,25,classroom,S25_F04,F04,A15,test,P01,classroom/S25_F04/S25_F04_c037.mp4,realsense_480p,640,480,15.0,84,5.6,452a1f865dac42b04f114406217a8aa82e29a957543fa58b3d2e50934684167f,2026-07-25T15:47:07
S25_F04_c038,25,classroom,S25_F04,F04,A15,test,P01,classroom/S25_F04/S25_F04_c038.mp4,realsense_480p,640,480,15.0,95,6.333,8e1dcdaf288a0ff114f9c25c04c002092c9c43acc11b1f58623788175aa5c0bb,2026-07-25T15:47:19
S25_F04_c039,25,classroom,S25_F04,F04,A15,test,P01,classroom/S25_F04/S25_F04_c039.mp4,realsense_480p,640,480,15.0,68,4.533,67f3c4ab79a519163513848c937dade0e93788ea8c2251106a2903df19431bbc,2026-07-25T15:47:30
S25_F04_c040,25,classroom,S25_F04,F04,A15,test,P01,classroom/S25_F04/S25_F04_c040.mp4,realsense_480p,640,480,15.0,94,6.267,a5df3dacbc2277b0994e568723ecd01f810d750741017697fa6538db41d26a07,2026-07-25T15:47:40
S25_F04_c041,25,classroom,S25_F04,F04,A15,test,P02,classroom/S25_F04/S25_F04_c041.MOV,phone_4k,3840,2160,30.0,178,5.933,5a3616fb6ec051e383e7ec5476dc56dd008d21052f116281a6ab54f4a7fdf7b8,2026-07-25T15:37:19
S25_F04_c042,25,classroom,S25_F04,F04,A15,test,P02,classroom/S25_F04/S25_F04_c042.mp4,phone_1080p,1920,1080,29.991,172,5.735,3a0235e5f18e21a9f83f2b6a97bb675e361056839a63f047b9c4f29a48ee15d2,2026-07-25T15:37:19
S25_F04_c043,25,classroom,S25_F04,F04,A15,test,P02,classroom/S25_F04/S25_F04_c043.MOV,phone_4k,3840,2160,30.0,167,5.567,d17460de8f328d5187f794a67e5d1475dca5b5456ae09428f8097f4300a542fe,2026-07-25T15:37:31
S25_F04_c044,25,classroom,S25_F04,F04,A15,test,P02,classroom/S25_F04/S25_F04_c044.mp4,phone_1080p,1920,1080,29.992,181,6.035,d4bcea1f8fb1531a3802f27fc0065336904d1b9411899dc1045441a4e2bdebc1,2026-07-25T15:37:30
S25_F04_c045,25,classroom,S25_F04,F04,A15,test,P02,classroom/S25_F04/S25_F04_c045.MOV,phone_4k,3840,2160,30.0,169,5.633,bf084311202e249eec737f7c0ea11cc887a8e8ff10d550a0ac5b4f80dbcc3d36,2026-07-25T15:37:40
S25_F04_c046,25,classroom,S25_F04,F04,A15,test,P02,classroom/S25_F04/S25_F04_c046.mp4,phone_1080p,1920,1080,29.991,171,5.702,8167e2a0dffd093b87915336b44b6c55065b48910ae9fffc27e7b277948fa6b0,2026-07-25T15:37:39
S25_F04_c047,25,classroom,S25_F04,F04,A15,test,P06,classroom/S25_F04/S25_F04_c047.MOV,phone_4k,3840,2160,30.0,157,5.233,ab2abbe20579765bd61f3a6b6165fb7d071592857774499154838859a899637b,2026-07-25T15:42:55
S25_F04_c048,25,classroom,S25_F04,F04,A15,test,P06,classroom/S25_F04/S25_F04_c048.mp4,phone_1080p,1920,1080,29.991,166,5.535,0485dadba07e300c60793ee5c5200a18aacd6f1a52c39dcafc8a27ad9a8313ab,2026-07-25T15:42:54
S25_F04_c049,25,classroom,S25_F04,F04,A15,test,P06,classroom/S25_F04/S25_F04_c049.MOV,phone_4k,3840,2160,30.0,170,5.667,3553b4b96d2a7e2474fecea6209db0bb2eb82836221d28a2dffbe18f8ec0fe6c,2026-07-25T15:43:26
S25_F04_c050,25,classroom,S25_F04,F04,A15,test,P06,classroom/S25_F04/S25_F04_c050.mp4,phone_1080p,1920,1080,29.992,180,6.002,9b9dad4a9baeefbbe59af46fc5a01f8cc110d5347f721390a1a530ba6e14b2c1,2026-07-25T15:43:26
S25_F04_c051,25,classroom,S25_F04,F04,A15,test,P06,classroom/S25_F04/S25_F04_c051.MOV,phone_4k,3840,2160,30.0,168,5.6,597722ed241813dda3c550eaf921b9565401d80f595405f2f6cb67e4afc2f1a9,2026-07-25T15:43:37
S25_F04_c052,25,classroom,S25_F04,F04,A15,test,P06,classroom/S25_F04/S25_F04_c052.mp4,phone_1080p,1920,1080,29.991,169,5.635,af3c55161058656004fb2d36945e11ad1cec6b48812db5373c574f69fd6c73b0,2026-07-25T15:43:37
S26_F05_c001,26,classroom,S26_F05,F05,A06,test,P09,classroom/S26_F05/S26_F05_c001.MOV,phone_4k,3840,2160,30.0,184,6.133,5fd34eb7704d3ff0da4c8c5cef473655b7567204d1144e05cef257857982d826,2026-07-25T16:01:04
S26_F05_c002,26,classroom,S26_F05,F05,A06,test,P09,classroom/S26_F05/S26_F05_c002.mp4,phone_1080p,1920,1080,29.991,174,5.802,fc0880955458c98bceb0b030f8db4bca8643756973b385739d5c7f9a9a610d69,2026-07-25T16:01:04
S26_F05_c003,26,classroom,S26_F05,F05,A06,test,P02,classroom/S26_F05/S26_F05_c003.MOV,phone_4k,3840,2160,30.0,168,5.6,322dd3fe8a300a0488a01829918dc710df85ac5a8aa741cc94d8c6d48a069366,2026-07-25T15:14:54
S26_F05_c004,26,classroom,S26_F05,F05,A06,test,P02,classroom/S26_F05/S26_F05_c004.mp4,phone_1080p,1920,1080,29.992,188,6.268,95ea254b62db6e1bdaf621fce9d42d13c8e218604233fcf9833dfbc5c8dc4d32,2026-07-25T15:14:42
S26_F05_c005,26,classroom,S26_F05,F05,A06,test,P04,classroom/S26_F05/S26_F05_c005.MOV,phone_4k,3840,2160,30.0,175,5.833,c943936f9c1b4f803a308ceff28a2973f91ea96db87a66bae01bbe191aa4d7eb,2026-07-25T15:22:17
S26_F05_c006,26,classroom,S26_F05,F05,A06,test,P04,classroom/S26_F05/S26_F05_c006.mp4,phone_1080p,1920,1080,29.991,163,5.435,94cf7fa90f85a6f03c744819399b9ac74e13bb815c09e7c4e1fb929d8f26edcd,2026-07-25T15:22:16
S26_F05_c007,26,classroom,S26_F05,F05,A06,test,P04,classroom/S26_F05/S26_F05_c007.MOV,phone_4k,3840,2160,30.0,181,6.033,d0cb554d223faa4e3e424dc9263d6d95a1fe1ba94928b1d55d0bee4d47a1efa2,2026-07-25T15:22:32
S26_F05_c008,26,classroom,S26_F05,F05,A06,test,P04,classroom/S26_F05/S26_F05_c008.mp4,phone_1080p,1920,1080,29.991,167,5.568,bc6a45e8cf2ea266c36bf2fd0d4e6a7b81765db7fc7b16e08431ef10db07f5c6,2026-07-25T15:22:32
S26_F05_c009,26,classroom,S26_F05,F05,A06,test,P04,classroom/S26_F05/S26_F05_c009.MOV,phone_4k,3840,2160,30.0,176,5.867,ef73014949472a62d0d40f5ead383232556f31625c973010c2aa299410f61871,2026-07-25T15:22:49
S26_F05_c010,26,classroom,S26_F05,F05,A06,test,P04,classroom/S26_F05/S26_F05_c010.mp4,phone_1080p,1920,1080,29.991,167,5.568,017a0d12cc7e90cfacc4f851eb78c431a1dec67a0c5c960d498e22c71635db0e,2026-07-25T15:22:49
S26_F05_c011,26,classroom,S26_F05,F05,A06,test,P04,classroom/S26_F05/S26_F05_c011.MOV,phone_4k,3840,2160,30.0,177,5.9,5cd061e9da443734cd635ebfd1ba212f933397ae226fdbcdf3ac5e28fe847915,2026-07-25T15:23:00
S26_F05_c012,26,classroom,S26_F05,F05,A06,test,P04,classroom/S26_F05/S26_F05_c012.mp4,phone_1080p,1920,1080,29.991,176,5.868,3de6b160b492fabf961da06f5483ff12de799c8e440493c8d1c8cedbf888a85c,2026-07-25T15:23:00
S26_F05_c013,26,classroom,S26_F05,F05,A06,test,P06,classroom/S26_F05/S26_F05_c013.MOV,phone_4k,3840,2160,30.0,190,6.333,a4d27c9837967130be1ad941d746a3c920eb6cbc73ab67cf81551274bf74761a,2026-07-25T15:28:07
S26_F05_c014,26,classroom,S26_F05,F05,A06,test,P06,classroom/S26_F05/S26_F05_c014.mp4,phone_1080p,1920,1080,29.991,164,5.468,31c38d86b563aeb2f998df4a39a8c85b644a37e46d8bfb6a22ee91354f1194a4,2026-07-25T15:28:06
S26_F05_c015,26,classroom,S26_F05,F05,A06,test,P06,classroom/S26_F05/S26_F05_c015.MOV,phone_4k,3840,2160,30.0,178,5.933,854a2d470dc651d62ba965be2ee0201d3f2907a16bdcc3557db042bf64f0f4d8,2026-07-25T15:28:21
S26_F05_c016,26,classroom,S26_F05,F05,A06,test,P06,classroom/S26_F05/S26_F05_c016.mp4,phone_1080p,1920,1080,29.991,168,5.602,30aa92f4cdffe7cc296036ea5937ac6e40a40cea3e28f1b8e42f556397923ef1,2026-07-25T15:28:21
S26_F05_c017,26,classroom,S26_F05,F05,A06,test,P06,classroom/S26_F05/S26_F05_c017.MOV,phone_4k,3840,2160,30.0,182,6.067,c1a0aacdaa905196663feabc5cb4b4e71e20f097c8eeb3683d83fc3447abef45,2026-07-25T15:28:33
S26_F05_c018,26,classroom,S26_F05,F05,A06,test,P06,classroom/S26_F05/S26_F05_c018.mp4,phone_1080p,1920,1080,29.991,164,5.468,f39ab97c1dc27ae81c189b252eeaf0e211ab70dcbcd00ff91d8ab8c184965656,2026-07-25T15:28:33
S26_F05_c019,26,classroom,S26_F05,F05,A06,test,P06,classroom/S26_F05/S26_F05_c019.MOV,phone_4k,3840,2160,30.0,179,5.967,7b385c17386860c0d59d78b7e5822bd3fe873a8a7b36662b0134901e481f18cf,2026-07-25T15:28:44
S26_F05_c020,26,classroom,S26_F05,F05,A06,test,P06,classroom/S26_F05/S26_F05_c020.mp4,phone_1080p,1920,1080,29.991,164,5.468,e9be80857fa40b29e6e619805bbf91c65e605a1971746f7e21b9cfdd9af81973,2026-07-25T15:28:44
S26_F05_c021,26,classroom,S26_F05,F05,A06,test,P01,classroom/S26_F05/S26_F05_c021.mp4,realsense_480p,640,480,15.0,87,5.8,1750c49c5943d22b945ac656600ccbe9f242e6c395ada63ea29390c2f3b4b9f6,2026-07-25T14:59:56
S26_F05_c022,26,classroom,S26_F05,F05,A06,test,P09,classroom/S26_F05/S26_F05_c022.MOV,phone_4k,3840,2160,30.0,169,5.633,53894e53a5e87aa55c286eb015bd396d885bec49f4bea72533e9d975b895c86f,2026-07-25T16:01:24
S26_F05_c023,26,classroom,S26_F05,F05,A06,test,P09,classroom/S26_F05/S26_F05_c023.mp4,phone_1080p,1920,1080,29.991,162,5.402,8af0f083db6650ba914e7845b6d4aa3b6557bb0d5b504fd40afe8d001cb5470b,2026-07-25T16:01:23
S26_F05_c024,26,classroom,S26_F05,F05,A06,test,P01,classroom/S26_F05/S26_F05_c024.mp4,realsense_480p,640,480,15.0,84,5.6,f33880f89f6ea9e55d72a395a614480f4a2347fff77bddbb46ff4d6cfd37d221,2026-07-25T15:00:14
S26_F05_c025,26,classroom,S26_F05,F05,A06,test,P01,classroom/S26_F05/S26_F05_c025.mp4,realsense_480p,640,480,15.0,87,5.8,7dcbdbe82b3baf48523953f8f4f08b1c9a8f7734491ac525c0383afc28199aae,2026-07-25T15:00:25
S26_F05_c026,26,classroom,S26_F05,F05,A06,test,P01,classroom/S26_F05/S26_F05_c026.mp4,realsense_480p,640,480,15.0,90,6.0,fb6a59c8714d1de792926bfdb4d92bee210bb9394f39a9c57350218fb36be47b,2026-07-25T15:00:39
S26_F05_c027,26,classroom,S26_F05,F05,A06,test,P02,classroom/S26_F05/S26_F05_c027.mp4,realsense_480p,640,480,15.0,85,5.667,6c3e9bb91a783f9523ef0a1ba47ab9991563144d97e1aa5068025d33025713b2,2026-07-25T15:14:16
S26_F05_c028,26,classroom,S26_F05,F05,A06,test,P02,classroom/S26_F05/S26_F05_c028.mp4,realsense_480p,640,480,15.0,85,5.667,f7e834bfd1962f112ea6d21221a27026d4b4b8bdf95db6ebc496bda0e18f4a52,2026-07-25T15:14:32
S26_F05_c029,26,classroom,S26_F05,F05,A06,test,P02,classroom/S26_F05/S26_F05_c029.mp4,realsense_480p,640,480,15.0,93,6.2,bad0c9409facbaae1ebf16c951437eaefc9ae23bd45e22bf00efb6afe9fcb0d5,2026-07-25T15:14:43
S26_F05_c030,26,classroom,S26_F05,F05,A06,test,P02,classroom/S26_F05/S26_F05_c030.mp4,realsense_480p,640,480,15.0,45,3.0,f7c87aad4b728140b7056a08770396380f363394cb74e52dd619784eb4b5cb1f,2026-07-25T15:14:54
S26_F05_c031,26,classroom,S26_F05,F05,A06,test,P04,classroom/S26_F05/S26_F05_c031.mp4,realsense_480p,640,480,15.0,88,5.867,745f1ba9847bddf89a915a3685fd09ec476948358c78dd3a80d72cef48e56d6c,2026-07-25T15:22:17
S26_F05_c032,26,classroom,S26_F05,F05,A06,test,P04,classroom/S26_F05/S26_F05_c032.mp4,realsense_480p,640,480,15.0,88,5.867,0e49f865cadf3b3535db333023c2426ae5321ed9e86d61f54bddc19b81010fed,2026-07-25T15:22:33
S26_F05_c033,26,classroom,S26_F05,F05,A06,test,P04,classroom/S26_F05/S26_F05_c033.mp4,realsense_480p,640,480,15.0,88,5.867,1bf7544fff0600b7dd58a20564b7ac046319b173dc836a52c425fd51e90f9e09,2026-07-25T15:22:50
S26_F05_c034,26,classroom,S26_F05,F05,A06,test,P01,classroom/S26_F05/S26_F05_c034.MOV,phone_4k,3840,2160,30.0,187,6.233,fbc7e2c7c593156e4dc79a6b6248aff112930975019ff95240881c1504e6e65b,2026-07-25T14:59:55
S26_F05_c035,26,classroom,S26_F05,F05,A06,test,P01,classroom/S26_F05/S26_F05_c035.mp4,phone_1080p,1920,1080,29.991,165,5.502,63b711d935760ff9c4c64072c68c0e0954703f998b7b16486f7b2c4982fc29a5,2026-07-25T14:59:55
S26_F05_c036,26,classroom,S26_F05,F05,A06,test,P04,classroom/S26_F05/S26_F05_c036.mp4,realsense_480p,640,480,15.0,92,6.133,8a01c10fa09483e062e81ba3d92c39fd5d30f4d05938deadaa694fd0754cb892,2026-07-25T15:23:00
S26_F05_c037,26,classroom,S26_F05,F05,A06,test,P06,classroom/S26_F05/S26_F05_c037.mp4,realsense_480p,640,480,15.0,82,5.467,b29d3b6a587cc9a85895970dd2f63537a5fb3ae177934d88dd45772744403c88,2026-07-25T15:28:08
S26_F05_c038,26,classroom,S26_F05,F05,A06,test,P06,classroom/S26_F05/S26_F05_c038.mp4,realsense_480p,640,480,15.0,88,5.867,e25c1248547d5fb2b695c14cc055be248c9ba9ca41fbc39ac8661a4ca8a15a5d,2026-07-25T15:28:22
S26_F05_c039,26,classroom,S26_F05,F05,A06,test,P06,classroom/S26_F05/S26_F05_c039.mp4,realsense_480p,640,480,15.0,91,6.067,469254184af63f6989fbbc13d68ebbe303da303ee11e37977940dfea013bfec6,2026-07-25T15:28:34
S26_F05_c040,26,classroom,S26_F05,F05,A06,test,P06,classroom/S26_F05/S26_F05_c040.mp4,realsense_480p,640,480,15.0,91,6.067,7c816ac81fe1a21ac757e476ab8b882347161076606b816256028ce7e54bb916,2026-07-25T15:28:45
S26_F05_c041,26,classroom,S26_F05,F05,A06,test,P01,classroom/S26_F05/S26_F05_c041.MOV,phone_4k,3840,2160,30.0,172,5.733,729800c0ed3b0bbae9b2924fed77e8ad160b05b643e34761327547e472b89c68,2026-07-25T15:00:13
S26_F05_c042,26,classroom,S26_F05,F05,A06,test,P01,classroom/S26_F05/S26_F05_c042.mp4,phone_1080p,1920,1080,29.991,167,5.568,ef0a4448ded313974b104758a8110e2c418a469aaa8f3c796e00a3314b6b2562,2026-07-25T15:00:13
S26_F05_c043,26,classroom,S26_F05,F05,A06,test,P01,classroom/S26_F05/S26_F05_c043.MOV,phone_4k,3840,2160,30.0,170,5.667,3ea68d017bce6401cc20078eabbce3f9d3b6c8048a44b77860418f07d17383d4,2026-07-25T15:00:24
S26_F05_c044,26,classroom,S26_F05,F05,A06,test,P01,classroom/S26_F05/S26_F05_c044.mp4,phone_1080p,1920,1080,29.991,166,5.535,0ec8cf92c914ec8c7f942c69e692e9471c58df460dc9a9de445305d03ffb5c86,2026-07-25T15:00:24
S26_F05_c045,26,classroom,S26_F05,F05,A06,test,P01,classroom/S26_F05/S26_F05_c045.MOV,phone_4k,3840,2160,30.0,194,6.467,94d98e7fe91c30a547523799463f30cf68757c841f65d411f7e9ca30a8010d89,2026-07-25T15:00:38
S26_F05_c046,26,classroom,S26_F05,F05,A06,test,P01,classroom/S26_F05/S26_F05_c046.mp4,phone_1080p,1920,1080,29.991,169,5.635,f2a888b3fb9d745539173b4681e2e05d83b859282529ea764eacc1a850188081,2026-07-25T15:00:38
S26_F05_c047,26,classroom,S26_F05,F05,A06,test,P02,classroom/S26_F05/S26_F05_c047.MOV,phone_4k,3840,2160,30.0,174,5.8,59236fde685d95dd65a1887b7cb6a139d46c5e8d62021017bd28752618773ecc,2026-07-25T15:14:15
S26_F05_c048,26,classroom,S26_F05,F05,A06,test,P02,classroom/S26_F05/S26_F05_c048.mp4,phone_1080p,1920,1080,29.991,165,5.502,fede5d36a5a7a91db16ee5f84e4e183aecbebaa5348897a301ee7a221cabd335,2026-07-25T15:13:23
S26_F05_c049,26,classroom,S26_F05,F05,A06,test,P02,classroom/S26_F05/S26_F05_c049.MOV,phone_4k,3840,2160,30.0,173,5.767,33e8ff58e1a694d9d61f0b774f2b717d78397ad065a39efb10fc1b053ede0d24,2026-07-25T15:14:31
S26_F05_c050,26,classroom,S26_F05,F05,A06,test,P02,classroom/S26_F05/S26_F05_c050.mp4,phone_1080p,1920,1080,29.991,161,5.368,5ad79649a089de294f62f83265c0162d4cea888b8c900728bbccbe5d7b0c1f76,2026-07-25T15:14:14
S26_F05_c051,26,classroom,S26_F05,F05,A06,test,P02,classroom/S26_F05/S26_F05_c051.MOV,phone_4k,3840,2160,30.0,181,6.033,e4dc43ca423e495ebcb2ef308a86ad14b1b4162c9ff66b4b5308e781ddfc6160,2026-07-25T15:14:42
S26_F05_c052,26,classroom,S26_F05,F05,A06,test,P02,classroom/S26_F05/S26_F05_c052.mp4,phone_1080p,1920,1080,29.991,166,5.535,32c888bbf9b6c11ec408b0a82b0a5db533b12f37377e74fab1a7dbc30d9b2ea9,2026-07-25T15:14:31
S27_F06_c001,27,classroom,S27_F06,F06,A11,test,P09,classroom/S27_F06/S27_F06_c001.MOV,phone_4k,3840,2160,30.0,167,5.567,0c0cce8352339aa170b1d4b3057a307df47b6a9c128d25216075fec0d5624bde,2026-07-25T15:59:09
S27_F06_c002,27,classroom,S27_F06,F06,A11,test,P09,classroom/S27_F06/S27_F06_c002.mp4,phone_1080p,1920,1080,29.99,154,5.135,fd55868d96a8ce64990845531dd6a1f024f4f7d8a2f3970f1c94d15b06edf82f,2026-07-25T15:59:09
S27_F06_c003,27,classroom,S27_F06,F06,A11,test,P02,classroom/S27_F06/S27_F06_c003.MOV,phone_4k,3840,2160,30.0,182,6.067,0aeb880e286a3aeb879a361d667e58142f52711e3b874d4ca1023ae43b1a7979,2026-07-25T15:38:49
S27_F06_c004,27,classroom,S27_F06,F06,A11,test,P02,classroom/S27_F06/S27_F06_c004.mp4,phone_1080p,1920,1080,29.992,182,6.068,42620f3de80122218936a2b923b41f3486d18942fd95b3ca66c4b5b79e22f225,2026-07-25T15:39:00
S27_F06_c005,27,classroom,S27_F06,F06,A11,test,P02,classroom/S27_F06/S27_F06_c005.MOV,phone_4k,3840,2160,30.0,175,5.833,97bf27ae29ea3f1e82ff93a6749e70c86ffdaac68fdbd9daec79b1f2dd9fb6ac,2026-07-25T15:39:00
S27_F06_c006,27,classroom,S27_F06,F06,A11,test,P04,classroom/S27_F06/S27_F06_c006.mp4,phone_1080p,1920,1080,29.99,156,5.202,82c2c02f57dbdf4c6103fc9dfa9ced4de75161ddf243271c9314f0189eb18859,2026-07-25T15:46:03
S27_F06_c007,27,classroom,S27_F06,F06,A11,test,P04,classroom/S27_F06/S27_F06_c007.MOV,phone_4k,3840,2160,30.0,176,5.867,00ac639eb4b1f2163b5e3499e938b779bd6a59cab852d9a43f1a359cb4e9fcd3,2026-07-25T15:46:03
S27_F06_c008,27,classroom,S27_F06,F06,A11,test,P04,classroom/S27_F06/S27_F06_c008.mp4,phone_1080p,1920,1080,29.991,165,5.502,ee1693bf4acbc532b43b9b1788668633427850292a26ec1662538092bdf41079,2026-07-25T15:46:14
S27_F06_c009,27,classroom,S27_F06,F06,A11,test,P04,classroom/S27_F06/S27_F06_c009.MOV,phone_4k,3840,2160,30.0,175,5.833,f7be857fd7b1ee280739d85bef5d8ce78cabc8c94b2e701dec51d77eb6e42210,2026-07-25T15:46:15
S27_F06_c010,27,classroom,S27_F06,F06,A11,test,P04,classroom/S27_F06/S27_F06_c010.mp4,phone_1080p,1920,1080,29.991,158,5.268,524433f435cdde4633a227512d96ef6ec692432b46c69f7228b5e3f91f464e32,2026-07-25T15:46:26
S27_F06_c011,27,classroom,S27_F06,F06,A11,test,P04,classroom/S27_F06/S27_F06_c011.MOV,phone_4k,3840,2160,30.0,158,5.267,87bb94f850d3512149eba1ca7c71016e58d5c5247f649d2cd0430361ee0086fa,2026-07-25T15:46:26
S27_F06_c012,27,classroom,S27_F06,F06,A11,test,P04,classroom/S27_F06/S27_F06_c012.mp4,phone_1080p,1920,1080,29.991,164,5.468,4befea6e67ae900f0032742cb6bf6a58d38a0d852f818d0b077a370a7236a3af,2026-07-25T15:46:36
S27_F06_c013,27,classroom,S27_F06,F06,A11,test,P04,classroom/S27_F06/S27_F06_c013.MOV,phone_4k,3840,2160,30.0,170,5.667,da6a70245986cd9c201bf48e32c33794326909f71f95b9c5c2a0b364538cf956,2026-07-25T15:46:37
S27_F06_c014,27,classroom,S27_F06,F06,A11,test,P01,classroom/S27_F06/S27_F06_c014.mp4,phone_1080p,1920,1080,29.992,189,6.302,c1c55dcaeb5a32909d1fbedbaa704c79f802a7b9b3c008f8d6d9fd2b66b4e035,2026-07-25T15:48:13
S27_F06_c015,27,classroom,S27_F06,F06,A11,test,P01,classroom/S27_F06/S27_F06_c015.MOV,phone_4k,3840,2160,30.0,201,6.7,9938bf6f6596bc89cb2da042a7a2a7dd2582925da14e45356f6db9d70ab67572,2026-07-25T15:48:13
S27_F06_c016,27,classroom,S27_F06,F06,A11,test,P01,classroom/S27_F06/S27_F06_c016.mp4,phone_1080p,1920,1080,29.991,168,5.602,49abcff35edc45309b052632262a3f3cc9f8f77833d8920137b9f9979b8ad82a,2026-07-25T15:48:29
S27_F06_c017,27,classroom,S27_F06,F06,A11,test,P01,classroom/S27_F06/S27_F06_c017.MOV,phone_4k,3840,2160,30.0,170,5.667,a11a1a9981c3f85e39e4513a14f32ae438068b40a142cfd78f7552a61192d3c6,2026-07-25T15:48:30
S27_F06_c018,27,classroom,S27_F06,F06,A11,test,P01,classroom/S27_F06/S27_F06_c018.mp4,phone_1080p,1920,1080,29.991,171,5.702,6317b91aee82db39cab8945b3b3acac9ab1d362f93e6906da4413ebc5abd84f5,2026-07-25T15:48:40
S27_F06_c019,27,classroom,S27_F06,F06,A11,test,P01,classroom/S27_F06/S27_F06_c019.MOV,phone_4k,3840,2160,30.0,168,5.6,28cb54fc2fbe7570da146deb59463dc04833dc747e4694e6f71024e4b422f521,2026-07-25T15:48:40
S27_F06_c020,27,classroom,S27_F06,F06,A11,test,P01,classroom/S27_F06/S27_F06_c020.mp4,phone_1080p,1920,1080,29.991,175,5.835,f9ca8cb807b068cf8d0cf283796cefc44db4373f97d4710de7b398a6f6c26fa9,2026-07-25T15:48:51
S27_F06_c021,27,classroom,S27_F06,F06,A11,test,P01,classroom/S27_F06/S27_F06_c021.MOV,phone_4k,3840,2160,30.0,173,5.767,f3e3f83213a2b31d7681433eacfff1c908a297c964bd2dfc015670524c9cc1da,2026-07-25T15:48:52
S27_F06_c022,27,classroom,S27_F06,F06,A11,test,P06,classroom/S27_F06/S27_F06_c022.mp4,realsense_480p,640,480,15.0,92,6.133,464c88c4755b96701e7a62f7743ef6152b3d4944000ac1aceda2413a01f1adf0,2026-07-25T15:34:05
S27_F06_c023,27,classroom,S27_F06,F06,A11,test,P09,classroom/S27_F06/S27_F06_c023.MOV,phone_4k,3840,2160,30.0,160,5.333,0293d140c66f1d0fef96c58fe7081f75d6b85726550d474902eedc0da831e326,2026-07-25T15:59:21
S27_F06_c024,27,classroom,S27_F06,F06,A11,test,P09,classroom/S27_F06/S27_F06_c024.mp4,phone_1080p,1920,1080,29.991,158,5.268,96985c62d85918eb273ba8505fcab8f6b22c0cb755b4c7c309eaad301664f397,2026-07-25T15:59:20
S27_F06_c025,27,classroom,S27_F06,F06,A11,test,P06,classroom/S27_F06/S27_F06_c025.mp4,realsense_480p,640,480,15.0,86,5.733,8aed63643d44a12bcf2c3a0170eead5a69c8a727161c728f250a87acee7e137c,2026-07-25T15:34:20
S27_F06_c026,27,classroom,S27_F06,F06,A11,test,P06,classroom/S27_F06/S27_F06_c026.mp4,realsense_480p,640,480,15.0,98,6.533,55f701378c8eed2b210c9eb3efebe6f4563361ff756a89946dcd18c34265f760,2026-07-25T15:34:33
S27_F06_c027,27,classroom,S27_F06,F06,A11,test,P06,classroom/S27_F06/S27_F06_c027.mp4,realsense_480p,640,480,15.0,94,6.267,49704acf526840fcdde6532c539e7b5d6f5f1f2bf1657396b9e8b2529f6cfcfb,2026-07-25T15:34:46
S27_F06_c028,27,classroom,S27_F06,F06,A11,test,P02,classroom/S27_F06/S27_F06_c028.mp4,realsense_480p,640,480,15.0,91,6.067,2f410525fa8ae0119601553c44efdafb9ea37589d62cc5fd82eace30f888e358,2026-07-25T15:38:25
S27_F06_c029,27,classroom,S27_F06,F06,A11,test,P02,classroom/S27_F06/S27_F06_c029.mp4,realsense_480p,640,480,15.0,79,5.267,6c2bf9d09ab9ed0755a9cd65226a9de02d5f278d3a1f6fddecbce5ad10e76118,2026-07-25T15:38:37
S27_F06_c030,27,classroom,S27_F06,F06,A11,test,P02,classroom/S27_F06/S27_F06_c030.mp4,realsense_480p,640,480,15.0,88,5.867,f2d1448377f8550763dcb7b834dfe8d7304da4842a36d9e18b149a57e807ccbf,2026-07-25T15:38:50
S27_F06_c031,27,classroom,S27_F06,F06,A11,test,P02,classroom/S27_F06/S27_F06_c031.mp4,realsense_480p,640,480,15.0,91,6.067,c73b0818280c445ea51a77eebd3410b517655cbf255af8a558bb8218da6e79a9,2026-07-25T15:39:01
S27_F06_c032,27,classroom,S27_F06,F06,A11,test,P04,classroom/S27_F06/S27_F06_c032.mp4,realsense_480p,640,480,15.0,86,5.733,ea9b3530b85b1e04e08b452df4594260e3f715d223df13c4ef6cf4e6b5f93612,2026-07-25T15:46:04
S27_F06_c033,27,classroom,S27_F06,F06,A11,test,P04,classroom/S27_F06/S27_F06_c033.mp4,realsense_480p,640,480,15.0,87,5.8,977b71581fd9b7bc32b9a80effc3df2e310c3748409c97179bdb532ffae72790,2026-07-25T15:46:15
S27_F06_c034,27,classroom,S27_F06,F06,A11,test,P04,classroom/S27_F06/S27_F06_c034.mp4,realsense_480p,640,480,15.0,87,5.8,bb1e8b51c21f7077afcfd4270bd5afe6bc855f30bb30248b1cf17d58718c223e,2026-07-25T15:46:27
S27_F06_c035,27,classroom,S27_F06,F06,A11,test,P06,classroom/S27_F06/S27_F06_c035.MOV,phone_4k,3840,2160,30.0,160,5.333,f4f9d2015d66e9482f31fb8a83c1854ee3e16415df540f213641eebebab63085,2026-07-25T15:33:23
S27_F06_c036,27,classroom,S27_F06,F06,A11,test,P06,classroom/S27_F06/S27_F06_c036.mp4,phone_1080p,1920,1080,29.991,167,5.568,84dd85fbe2ac7e0fddf3b03308b92958dfea0dfcf45698e1b066890d2603b760,2026-07-25T15:34:04
S27_F06_c037,27,classroom,S27_F06,F06,A11,test,P04,classroom/S27_F06/S27_F06_c037.mp4,realsense_480p,640,480,15.0,85,5.667,0655631da0fd0b4f492cca633aa8eb8059715c29055547542e914eeb9404a813,2026-07-25T15:46:37
S27_F06_c038,27,classroom,S27_F06,F06,A11,test,P01,classroom/S27_F06/S27_F06_c038.mp4,realsense_480p,640,480,15.0,105,7.0,6a53be0820628b9faff095811a53a44dfac2c9eebe8ebe71c57ed2ad6fbec7e9,2026-07-25T15:48:14
S27_F06_c039,27,classroom,S27_F06,F06,A11,test,P01,classroom/S27_F06/S27_F06_c039.mp4,realsense_480p,640,480,15.0,84,5.6,a88dd5598e9bea745a615800efa8d394da35eff0d2e931841f1c5c150e13aefa,2026-07-25T15:48:30
S27_F06_c040,27,classroom,S27_F06,F06,A11,test,P01,classroom/S27_F06/S27_F06_c040.mp4,realsense_480p,640,480,15.0,89,5.933,946a56c2ec58488049a460e09f9c39e77e6b2feb5e9947c1ad43ef4ac42390f5,2026-07-25T15:48:41
S27_F06_c041,27,classroom,S27_F06,F06,A11,test,P01,classroom/S27_F06/S27_F06_c041.mp4,realsense_480p,640,480,15.0,87,5.8,ab9aa273ddc762a5e288db566c183359d04ee771c97cc9b8e630fc9c8bd2af48,2026-07-25T15:48:52
S27_F06_c042,27,classroom,S27_F06,F06,A11,test,P06,classroom/S27_F06/S27_F06_c042.MOV,phone_4k,3840,2160,30.0,192,6.4,3a3b329e1e1a63dd7fe0af501ef8ad52eee77a5eebad4e2aa07da9da9edebf04,2026-07-25T15:34:04
S27_F06_c043,27,classroom,S27_F06,F06,A11,test,P06,classroom/S27_F06/S27_F06_c043.mp4,phone_1080p,1920,1080,29.991,162,5.402,337b0690531118ef0524907f0a5cd640ef5cca19a34a726a43eaeb5056f9938a,2026-07-25T15:34:19
S27_F06_c044,27,classroom,S27_F06,F06,A11,test,P06,classroom/S27_F06/S27_F06_c044.MOV,phone_4k,3840,2160,30.0,179,5.967,86357fda4f5ce91e7695d4a7ae41a438b7a17eaddb7ba0f20a86ca30a23b786c,2026-07-25T15:34:19
S27_F06_c045,27,classroom,S27_F06,F06,A11,test,P06,classroom/S27_F06/S27_F06_c045.mp4,phone_1080p,1920,1080,29.991,166,5.535,e5cf3d94dcb0d125b4b7b8b510e5b746a3ba0f564d2f16f3865263dde835e77d,2026-07-25T15:34:32
S27_F06_c046,27,classroom,S27_F06,F06,A11,test,P06,classroom/S27_F06/S27_F06_c046.MOV,phone_4k,3840,2160,30.0,222,7.4,d635ccebd73f20739684325c5e2d58051757c61a9e39377ef994b50cbd642c3d,2026-07-25T15:34:32
S27_F06_c047,27,classroom,S27_F06,F06,A11,test,P06,classroom/S27_F06/S27_F06_c047.mp4,phone_1080p,1920,1080,29.991,163,5.435,533ca4909841411cb8ea0c024f85cf977b4d68776bd45b9f414591e58249a60e,2026-07-25T15:34:45
S27_F06_c048,27,classroom,S27_F06,F06,A11,test,P06,classroom/S27_F06/S27_F06_c048.MOV,phone_4k,3840,2160,30.0,190,6.333,60298cf9f2b669742dfc7cf2717e2ce56ceb063b1e7a90659ad51f5001e95912,2026-07-25T15:34:45
S27_F06_c049,27,classroom,S27_F06,F06,A11,test,P02,classroom/S27_F06/S27_F06_c049.mp4,phone_1080p,1920,1080,29.991,173,5.768,3b9764c9efe41c1aa168292aeacc4dd1d63f51834758015bad2b7ee8ec121b49,2026-07-25T15:38:25
S27_F06_c050,27,classroom,S27_F06,F06,A11,test,P02,classroom/S27_F06/S27_F06_c050.MOV,phone_4k,3840,2160,30.0,177,5.9,9f9716816e032ef84d076d3588de82277812c9e255af66359ae046c0444e5b5c,2026-07-25T15:38:25
S27_F06_c051,27,classroom,S27_F06,F06,A11,test,P02,classroom/S27_F06/S27_F06_c051.mp4,phone_1080p,1920,1080,29.991,161,5.368,1e067f1bdb0d63f70ddc13a7ad4b04d8ffbf8f9323ceaed229d103fb98fa599d,2026-07-25T15:38:36
S27_F06_c052,27,classroom,S27_F06,F06,A11,test,P02,classroom/S27_F06/S27_F06_c052.MOV,phone_4k,3840,2160,30.0,165,5.5,be42e5f2e2dcefc29c3a82d3547318749545cc9ae24ac56418f5c9bb4f8af77e,2026-07-25T15:38:36
S27_F06_c053,27,classroom,S27_F06,F06,A11,test,P02,classroom/S27_F06/S27_F06_c053.mp4,phone_1080p,1920,1080,29.991,168,5.602,527f459bb27a22cd3eb35da3e37a445ae8f8b342ed3c6a12ba59093eb9ee4737,2026-07-25T15:38:49
S28_F07_c001,28,classroom,S28_F07,F07,A08,test,P09,classroom/S28_F07/S28_F07_c001.MOV,phone_4k,3840,2160,30.0,174,5.8,e7a86e58db68b2dd007a86eb579d217803c5058a00bbc06b4601e0701812760e,2026-07-25T16:02:03
S28_F07_c002,28,classroom,S28_F07,F07,A08,test,P09,classroom/S28_F07/S28_F07_c002.mp4,phone_1080p,1920,1080,29.991,169,5.635,a9b819248a8101ecdcce576fa8862bc33acace1a7d9a4b0f210e6873d5b468d4,2026-07-25T16:02:02
S28_F07_c003,28,classroom,S28_F07,F07,A08,test,P02,classroom/S28_F07/S28_F07_c003.MOV,phone_4k,3840,2160,30.0,191,6.367,7ed7eceebff964861e6fb9089a2ea58682d086a658b794704f58f615e2f3e816,2026-07-25T15:15:58
S28_F07_c004,28,classroom,S28_F07,F07,A08,test,P02,classroom/S28_F07/S28_F07_c004.mp4,phone_1080p,1920,1080,29.991,164,5.468,a89e7be95e79912a4a38bdbda33fc2ca448c55830051931817106f1c01cfd3a8,2026-07-25T15:15:50
S28_F07_c005,28,classroom,S28_F07,F07,A08,test,P04,classroom/S28_F07/S28_F07_c005.MOV,phone_4k,3840,2160,30.0,204,6.8,3b3ca43b3a474fd128f3b146075ff3e310e51964685c19b0e3e78c98e5e51b82,2026-07-25T15:23:41
S28_F07_c006,28,classroom,S28_F07,F07,A08,test,P04,classroom/S28_F07/S28_F07_c006.mp4,phone_1080p,1920,1080,29.991,164,5.468,b0032186b2c164c0e3ba22e1f9a9a88e25432f07d9349d9dddbdf781a871d1df,2026-07-25T15:23:41
S28_F07_c007,28,classroom,S28_F07,F07,A08,test,P04,classroom/S28_F07/S28_F07_c007.MOV,phone_4k,3840,2160,30.0,174,5.8,933a91ee58093bb1da7a1c2fa91b019191ca4f14099ec817d8c785997a01ee6a,2026-07-25T15:23:51
S28_F07_c008,28,classroom,S28_F07,F07,A08,test,P04,classroom/S28_F07/S28_F07_c008.mp4,phone_1080p,1920,1080,29.991,164,5.468,8ed65dddfb654463821bdacc91b969df8e16361da3c08520c109ae6f2b31d8d0,2026-07-25T15:23:50
S28_F07_c009,28,classroom,S28_F07,F07,A08,test,P04,classroom/S28_F07/S28_F07_c009.MOV,phone_4k,3840,2160,30.0,170,5.667,318b7cd3aec6ddb881fc69163afd7761c223df0f1c2db6d8492f0377fdd25f21,2026-07-25T15:24:02
S28_F07_c010,28,classroom,S28_F07,F07,A08,test,P04,classroom/S28_F07/S28_F07_c010.mp4,phone_1080p,1920,1080,29.991,163,5.435,cc4a07600314e3719aea7a11cd124a268014dbc1d95f8cd033f9c74d6f48c936,2026-07-25T15:24:01
S28_F07_c011,28,classroom,S28_F07,F07,A08,test,P04,classroom/S28_F07/S28_F07_c011.MOV,phone_4k,3840,2160,30.0,176,5.867,585fde883e057984fcc4a66e3843afba9f2e8693b67c5ec8d98139bccd9e16e5,2026-07-25T15:24:09
S28_F07_c012,28,classroom,S28_F07,F07,A08,test,P04,classroom/S28_F07/S28_F07_c012.mp4,phone_1080p,1920,1080,29.991,164,5.468,cdac09644faaf4e5ec95e531276ec18029ec4a524f171335465e5d5c9b276f92,2026-07-25T15:24:09
S28_F07_c013,28,classroom,S28_F07,F07,A08,test,P06,classroom/S28_F07/S28_F07_c013.MOV,phone_4k,3840,2160,30.0,191,6.367,a44ff18562cd70e2dfa5dc80e9153dd91c055ac24913eed68d9fcf94c4e9dce1,2026-07-25T15:29:02
S28_F07_c014,28,classroom,S28_F07,F07,A08,test,P06,classroom/S28_F07/S28_F07_c014.mp4,phone_1080p,1920,1080,29.991,164,5.468,b1bbb8a53958454215c943ac52900e0a0816f5ffe5bb8376dd2d450fe3357d12,2026-07-25T15:29:02
S28_F07_c015,28,classroom,S28_F07,F07,A08,test,P06,classroom/S28_F07/S28_F07_c015.MOV,phone_4k,3840,2160,30.0,164,5.467,3372a5ba1aa0c6bc7f638784a8f0a80d53e6e4274807687d2793017fb944e5c9,2026-07-25T15:29:10
S28_F07_c016,28,classroom,S28_F07,F07,A08,test,P06,classroom/S28_F07/S28_F07_c016.mp4,phone_1080p,1920,1080,29.991,163,5.435,d29b76a39e85e28b9e2192cdc803c07550847f7d32c6846898346c46feffd7ba,2026-07-25T15:29:10
S28_F07_c017,28,classroom,S28_F07,F07,A08,test,P06,classroom/S28_F07/S28_F07_c017.MOV,phone_4k,3840,2160,30.0,181,6.033,84704d5cacf18cedc580ffdd37b39ddd5485293b728473d17006adb27ee16e65,2026-07-25T15:29:22
S28_F07_c018,28,classroom,S28_F07,F07,A08,test,P06,classroom/S28_F07/S28_F07_c018.mp4,phone_1080p,1920,1080,29.991,164,5.468,7ee8f1f2b23e215e6df87a242d47f5256e12c4d2db03905c7ea8534eddec7baf,2026-07-25T15:29:22
S28_F07_c019,28,classroom,S28_F07,F07,A08,test,P06,classroom/S28_F07/S28_F07_c019.MOV,phone_4k,3840,2160,30.0,181,6.033,1be632573618fb9218c182cdde353f2761bf157cf64dbbc7e80fae19e1af6f17,2026-07-25T15:29:31
S28_F07_c020,28,classroom,S28_F07,F07,A08,test,P06,classroom/S28_F07/S28_F07_c020.mp4,phone_1080p,1920,1080,29.991,163,5.435,441a41ece0e54064f5a7379fcf3e1155343bdd7ed677d288d1b1afd7729b47d1,2026-07-25T15:29:30
S28_F07_c021,28,classroom,S28_F07,F07,A08,test,P06,classroom/S28_F07/S28_F07_c021.mp4,phone_1080p,1920,1080,29.991,165,5.502,1a3c251f190582d15f5942518ff1a68dc0cf2f7630016d73647e709587837621,2026-07-25T15:29:50
S28_F07_c022,28,classroom,S28_F07,F07,A08,test,P09,classroom/S28_F07/S28_F07_c022.MOV,phone_4k,3840,2160,30.0,155,5.167,62b572eb2e168301b6fc2c369be6a3dadfe60916dccab3995b705bdd47fa9b30,2026-07-25T16:02:14
S28_F07_c023,28,classroom,S28_F07,F07,A08,test,P09,classroom/S28_F07/S28_F07_c023.mp4,phone_1080p,1920,1080,29.991,168,5.602,da78c8a3d21db0f17536da3b4e49c46b375810cb2e4c24db3e03df19134df7be,2026-07-25T16:02:12
S28_F07_c024,28,classroom,S28_F07,F07,A08,test,P06,classroom/S28_F07/S28_F07_c024.mp4,phone_1080p,1920,1080,29.991,165,5.502,ee0c7d3797238b05f045a6a43471684d92f4f456f055cd2a73c18bc59e460202,2026-07-25T15:29:58
S28_F07_c025,28,classroom,S28_F07,F07,A08,test,P06,classroom/S28_F07/S28_F07_c025.mp4,phone_1080p,1920,1080,29.991,165,5.502,b6d3525170833f4752cd4058cf5d559a4a1c329b49f19a7b5fcca5284a9eb956,2026-07-25T15:30:09
S28_F07_c026,28,classroom,S28_F07,F07,A08,test,P06,classroom/S28_F07/S28_F07_c026.mp4,phone_1080p,1920,1080,29.991,164,5.468,08f36275e4d080c4ef4f868212f774ff7bad8625caf4b5228a3a3ab628c05409,2026-07-25T15:30:17
S28_F07_c027,28,classroom,S28_F07,F07,A08,test,P01,classroom/S28_F07/S28_F07_c027.mp4,realsense_480p,640,480,15.0,86,5.733,2a063f6336562a89ea5fdb2ef6f7eea92a68c2f4c4ca024d0e28fe9f6ae7a8f9,2026-07-25T15:01:25
S28_F07_c028,28,classroom,S28_F07,F07,A08,test,P01,classroom/S28_F07/S28_F07_c028.mp4,realsense_480p,640,480,15.0,88,5.867,3a200a2ecfb4a81fec4dc9847367d335adf3abff5e0aa357fec1d06a13a2702d,2026-07-25T15:01:36
S28_F07_c029,28,classroom,S28_F07,F07,A08,test,P01,classroom/S28_F07/S28_F07_c029.mp4,realsense_480p,640,480,15.0,86,5.733,5a70c2e7ca0c831abb5b2d9e5b55c305e9fe821871f47c77b366bb09bbabd9f5,2026-07-25T15:01:48
S28_F07_c030,28,classroom,S28_F07,F07,A08,test,P01,classroom/S28_F07/S28_F07_c030.mp4,realsense_480p,640,480,15.0,68,4.533,b885dcdf9302b1b9662065bfef2a587835adf1b8ec4790ae6078aa4269d789c2,2026-07-25T15:01:57
S28_F07_c031,28,classroom,S28_F07,F07,A08,test,P02,classroom/S28_F07/S28_F07_c031.mp4,realsense_480p,640,480,15.0,92,6.133,381d25662850e1eda04b4dec5358fa2a78a805a43720ab578265ccdf4e8cae35,2026-07-25T15:15:25
S28_F07_c032,28,classroom,S28_F07,F07,A08,test,P02,classroom/S28_F07/S28_F07_c032.mp4,realsense_480p,640,480,15.0,83,5.533,490ccd57f2da2326b8670579fbac3a815979820396f024cfbea32594fbbd390e,2026-07-25T15:15:39
S28_F07_c033,28,classroom,S28_F07,F07,A08,test,P02,classroom/S28_F07/S28_F07_c033.mp4,realsense_480p,640,480,15.0,86,5.733,e7ab95ffba98a628f1d742319de202dac9421fb47d44c1d5d60db8048660e22e,2026-07-25T15:15:51
S28_F07_c034,28,classroom,S28_F07,F07,A08,test,P01,classroom/S28_F07/S28_F07_c034.MOV,phone_4k,3840,2160,30.0,167,5.567,5c86c09571a68c33a66fed3ea9afab64bc19261059c0d91816a9aeb19b21b116,2026-07-25T15:01:25
S28_F07_c035,28,classroom,S28_F07,F07,A08,test,P01,classroom/S28_F07/S28_F07_c035.mp4,phone_1080p,1920,1080,29.991,167,5.568,e3876458179da9a96c0c7a0b5c808dcf37807dc177095868a44c04216fab0025,2026-07-25T15:01:24
S28_F07_c036,28,classroom,S28_F07,F07,A08,test,P02,classroom/S28_F07/S28_F07_c036.mp4,realsense_480p,640,480,15.0,100,6.667,50580a9c57ab383848df0b07a040e87106a8397c667dcfacf3043905fdccef79,2026-07-25T15:15:59
S28_F07_c037,28,classroom,S28_F07,F07,A08,test,P04,classroom/S28_F07/S28_F07_c037.mp4,realsense_480p,640,480,15.0,91,6.067,4839faa41d2c4c1ad8eabc00d21a7a5c2c296466cd35b674aef5379c2e0fc115,2026-07-25T15:23:42
S28_F07_c038,28,classroom,S28_F07,F07,A08,test,P04,classroom/S28_F07/S28_F07_c038.mp4,realsense_480p,640,480,15.0,89,5.933,a59ace793af1010b53997b4aac5415f580876366440a89935bff60d205b16d73,2026-07-25T15:23:51
S28_F07_c039,28,classroom,S28_F07,F07,A08,test,P04,classroom/S28_F07/S28_F07_c039.mp4,realsense_480p,640,480,15.0,87,5.8,afdd51ab6d367ee946210551e32062cca76a34092482a75d824f100eb1d5322e,2026-07-25T15:24:02
S28_F07_c040,28,classroom,S28_F07,F07,A08,test,P04,classroom/S28_F07/S28_F07_c040.mp4,realsense_480p,640,480,15.0,90,6.0,d50a883f273a000b9d7ff3a1f965dddb75f4e34fb8e269eef9ef2de908d62ddd,2026-07-25T15:24:10
S28_F07_c041,28,classroom,S28_F07,F07,A08,test,P06,classroom/S28_F07/S28_F07_c041.mp4,realsense_480p,640,480,15.0,91,6.067,ed4b92fb291d20a14db974acc1a0eb5742d4799a0c23ba0d067edb8854863024,2026-07-25T15:29:02
S28_F07_c042,28,classroom,S28_F07,F07,A08,test,P06,classroom/S28_F07/S28_F07_c042.mp4,realsense_480p,640,480,15.0,86,5.733,4866961f756389f8fe6c46ff678f0e0a4fd8bda5ced3a88a4aea27bda42e43a8,2026-07-25T15:29:11
S28_F07_c043,28,classroom,S28_F07,F07,A08,test,P06,classroom/S28_F07/S28_F07_c043.mp4,realsense_480p,640,480,15.0,87,5.8,56329c027db5c3e65b5ac5baccb5241887e0534eb05a26fe745725966352dc33,2026-07-25T15:29:23
S28_F07_c044,28,classroom,S28_F07,F07,A08,test,P06,classroom/S28_F07/S28_F07_c044.mp4,realsense_480p,640,480,15.0,91,6.067,54af6b55c27e57e8c5214b74a9700270314d9b37a09ca88c08ad719bce720bf9,2026-07-25T15:29:31
S28_F07_c045,28,classroom,S28_F07,F07,A08,test,P01,classroom/S28_F07/S28_F07_c045.MOV,phone_4k,3840,2160,30.0,194,6.467,95eb71940033460e54dfdbaa2c8bdb412a4f5f1017c07f9623c6263a1fc4a1a7,2026-07-25T15:01:35
S28_F07_c046,28,classroom,S28_F07,F07,A08,test,P01,classroom/S28_F07/S28_F07_c046.mp4,phone_1080p,1920,1080,29.991,170,5.668,5412b5d56862cfc3da8f2f9c3c7917ef3eabec7c0bc504b7eddc7b6faa8943b5,2026-07-25T15:01:35
S28_F07_c047,28,classroom,S28_F07,F07,A08,test,P01,classroom/S28_F07/S28_F07_c047.MOV,phone_4k,3840,2160,30.0,180,6.0,e4ed79d92c9d82be6f50fba8c6a2b15341e7804fb32acba29e55bccc7073e385,2026-07-25T15:01:47
S28_F07_c048,28,classroom,S28_F07,F07,A08,test,P01,classroom/S28_F07/S28_F07_c048.mp4,phone_1080p,1920,1080,29.991,166,5.535,7b6025c0eff6036fa1331deecb163768c7ce691c6da032e0fb6697fbdfb79fdc,2026-07-25T15:01:47
S28_F07_c049,28,classroom,S28_F07,F07,A08,test,P01,classroom/S28_F07/S28_F07_c049.MOV,phone_4k,3840,2160,30.0,153,5.1,f7446b0cf81489fb67fca3bebb301d4453fc6b83f3f89b655a1b444588c8112d,2026-07-25T15:01:56
S28_F07_c050,28,classroom,S28_F07,F07,A08,test,P01,classroom/S28_F07/S28_F07_c050.mp4,phone_1080p,1920,1080,29.991,164,5.468,7d8d2abd6f3cf5ee931d02973cd31088c566c287ac42c960c11683b0a7230025,2026-07-25T15:01:55
S28_F07_c051,28,classroom,S28_F07,F07,A08,test,P02,classroom/S28_F07/S28_F07_c051.MOV,phone_4k,3840,2160,30.0,174,5.8,b245685a75fe7cf6f5160d974c1098352d76ef405d9083a4f7c14a21e4f6f64a,2026-07-25T15:15:25
S28_F07_c053,28,classroom,S28_F07,F07,A08,test,P02,classroom/S28_F07/S28_F07_c053.MOV,phone_4k,3840,2160,30.0,167,5.567,20826c6a68296006a0f1e70c3aa5eabe69492232eed91ae87c33dac5adbf5637,2026-07-25T15:15:39
S28_F07_c054,28,classroom,S28_F07,F07,A08,test,P02,classroom/S28_F07/S28_F07_c054.mp4,phone_1080p,1920,1080,29.991,169,5.635,8ee259012b30b0b45df5328ce09f4bdf174548e06e1aba1b21dab8c6065f89da,2026-07-25T15:15:24
S28_F07_c055,28,classroom,S28_F07,F07,A08,test,P02,classroom/S28_F07/S28_F07_c055.MOV,phone_4k,3840,2160,30.0,201,6.7,ebeb1f39ef926bc37e8803d20b2faf8be9d838607ca5cd1db58062c3a94c9130,2026-07-25T15:15:50
S28_F07_c056,28,classroom,S28_F07,F07,A08,test,P02,classroom/S28_F07/S28_F07_c056.mp4,phone_1080p,1920,1080,29.991,166,5.535,69f3a0a24fd60a45eec33d554ad4ac933ab3f39bf8c4746ac27a9627b7c19f32,2026-07-25T15:15:38
S29_F08_c001,29,classroom,S29_F08,F08,A07,test,P09,classroom/S29_F08/S29_F08_c001.MOV,phone_4k,3840,2160,30.0,171,5.7,18455eb215be06a4dc2d9bccb162daf0077a4a7ef41d9a4946cf15317a30a369,2026-07-25T16:03:02
S29_F08_c002,29,classroom,S29_F08,F08,A07,test,P09,classroom/S29_F08/S29_F08_c002.mp4,phone_1080p,1920,1080,29.991,162,5.402,ea8f34481f885932b3ec07a0e6911b22a5e5fb8674443a7eb4762010f680819a,2026-07-25T16:03:02
S29_F08_c003,29,classroom,S29_F08,F08,A07,test,P02,classroom/S29_F08/S29_F08_c003.MOV,phone_4k,3840,2160,30.0,174,5.8,eaef7d88f7802e1cd9ce7ccfaf9d702f0ed6d62fbe3d7805aad42be8d7f1416c,2026-07-25T15:17:29
S29_F08_c004,29,classroom,S29_F08,F08,A07,test,P02,classroom/S29_F08/S29_F08_c004.mp4,phone_1080p,1920,1080,29.991,164,5.468,578d8df94305e62f3f5e60d356e9c3eef14deae6bc88269b15a3036e74a6d59d,2026-07-25T15:16:40
S29_F08_c005,29,classroom,S29_F08,F08,A07,test,P04,classroom/S29_F08/S29_F08_c005.MOV,phone_4k,3840,2160,30.0,183,6.1,12d8de068fdc5817f538da77cd7e5efaa8f45a3de4b021424351c0f5b6e8959e,2026-07-25T15:24:30
S29_F08_c006,29,classroom,S29_F08,F08,A07,test,P02,classroom/S29_F08/S29_F08_c006.mp4,phone_1080p,1920,1080,29.991,161,5.368,8163d685a597e3cdd36836ca34954e6b45f120d4980e0845fcfd0f11f1c7a4f3,2026-07-25T15:17:28
S29_F08_c007,29,classroom,S29_F08,F08,A07,test,P04,classroom/S29_F08/S29_F08_c007.MOV,phone_4k,3840,2160,30.0,175,5.833,3967df712d886a05501e50f4c3c1c0b3e95b0f9b07f17d3cb0611709986b491c,2026-07-25T15:24:38
S29_F08_c008,29,classroom,S29_F08,F08,A07,test,P04,classroom/S29_F08/S29_F08_c008.mp4,phone_1080p,1920,1080,29.991,164,5.468,8fdbf88f80b78378caecb2c8c7891ab3ac6de15b1f76f11ab8de0f8196d3a317,2026-07-25T15:24:29
S29_F08_c009,29,classroom,S29_F08,F08,A07,test,P04,classroom/S29_F08/S29_F08_c009.MOV,phone_4k,3840,2160,30.0,172,5.733,0098503683a08a7d54403b08fa57351dff56763dbb323d1efa339e7309ab36ba,2026-07-25T15:24:48
S29_F08_c010,29,classroom,S29_F08,F08,A07,test,P04,classroom/S29_F08/S29_F08_c010.mp4,phone_1080p,1920,1080,29.991,165,5.502,1a72ff39ab4985700e545a031c1a1df81e404a92f02209544690d8f4265b7cee,2026-07-25T15:24:37
S29_F08_c011,29,classroom,S29_F08,F08,A07,test,P04,classroom/S29_F08/S29_F08_c011.MOV,phone_4k,3840,2160,30.0,175,5.833,f24cdb502b623258ef4cb2025debfc83c7cc03c6fb3e35af4b8872a214f7d52f,2026-07-25T15:24:56
S29_F08_c012,29,classroom,S29_F08,F08,A07,test,P04,classroom/S29_F08/S29_F08_c012.mp4,phone_1080p,1920,1080,29.991,167,5.568,5bbcadb987c529aa3e6ad4381f50a6d35bb7d4b8e65e33ea3de4dffdca746d72,2026-07-25T15:24:48
S29_F08_c013,29,classroom,S29_F08,F08,A07,test,P06,classroom/S29_F08/S29_F08_c013.MOV,phone_4k,3840,2160,30.0,181,6.033,99cd98c3db6c193fc8dabf620b58443af706e770a784ed583507be4652a7c346,2026-07-25T15:29:50
S29_F08_c014,29,classroom,S29_F08,F08,A07,test,P04,classroom/S29_F08/S29_F08_c014.mp4,phone_1080p,1920,1080,29.991,164,5.468,3caf5ba1f31cccc17b65ce3112be5e143033ac899865606d1b91177faee20d24,2026-07-25T15:24:55
S29_F08_c015,29,classroom,S29_F08,F08,A07,test,P06,classroom/S29_F08/S29_F08_c015.MOV,phone_4k,3840,2160,30.0,182,6.067,a1574569ca91d378b766b21958e7beb6ef1a2ad7c55691f78b6e9a572836da78,2026-07-25T15:29:58
S29_F08_c016,29,classroom,S29_F08,F08,A07,test,P01,classroom/S29_F08/S29_F08_c016.mp4,realsense_480p,640,480,15.0,86,5.733,018bd721d9443555cbda473f55cebc7bdcdb872755fc5eff0217144e450430f6,2026-07-25T15:02:09
S29_F08_c017,29,classroom,S29_F08,F08,A07,test,P06,classroom/S29_F08/S29_F08_c017.MOV,phone_4k,3840,2160,30.0,171,5.7,51dd343702ca9dba586ff64cb4ca93ecf7d4a31755954b5e76a9a97f9c43c265,2026-07-25T15:30:09
S29_F08_c018,29,classroom,S29_F08,F08,A07,test,P01,classroom/S29_F08/S29_F08_c018.mp4,realsense_480p,640,480,15.0,83,5.533,1b8e9615d77b0b35e3ef26d48a875e9eb7fe966359961607150673aaca0416a9,2026-07-25T15:02:17
S29_F08_c019,29,classroom,S29_F08,F08,A07,test,P06,classroom/S29_F08/S29_F08_c019.MOV,phone_4k,3840,2160,30.0,177,5.9,57f70a1718d2e95031d5f9a5882211bcf0a032d14701c7c8cd4efef8afc2ab96,2026-07-25T15:30:17
S29_F08_c020,29,classroom,S29_F08,F08,A07,test,P01,classroom/S29_F08/S29_F08_c020.mp4,realsense_480p,640,480,15.0,89,5.933,423250e1f17c8b3dfd251f3dce5402df96772d3a73b2cc294caf6f1d69876ec2,2026-07-25T15:02:29
S29_F08_c021,29,classroom,S29_F08,F08,A07,test,P01,classroom/S29_F08/S29_F08_c021.mp4,realsense_480p,640,480,15.0,90,6.0,29ad357e012b398e75b327bda3574ccfa1088e61a358668f12105b816c60626f,2026-07-25T15:02:37
S29_F08_c022,29,classroom,S29_F08,F08,A07,test,P09,classroom/S29_F08/S29_F08_c022.MOV,phone_4k,3840,2160,30.0,173,5.767,f1a22acd8ad432ed6e3a29e33bd61b9551fa2d9c68411aeb23446995d61966c1,2026-07-25T16:03:14
S29_F08_c023,29,classroom,S29_F08,F08,A07,test,P09,classroom/S29_F08/S29_F08_c023.mp4,phone_1080p,1920,1080,29.991,166,5.535,12091f15c09da029a113526758aee55c27b3ef1c4f7e94c96eaaa13949124db9,2026-07-25T16:03:14
S29_F08_c024,29,classroom,S29_F08,F08,A07,test,P02,classroom/S29_F08/S29_F08_c024.mp4,realsense_480p,640,480,15.0,87,5.8,e1a7e9eea2973d2fbadd41ba2fd9a3b5e00c47b1d0ad9d5b27fd23180a0b8aa0,2026-07-25T15:16:22
S29_F08_c025,29,classroom,S29_F08,F08,A07,test,P02,classroom/S29_F08/S29_F08_c025.mp4,realsense_480p,640,480,15.0,93,6.2,db854fe88d3883b4ca45f9632422734bd351d9fadbeaa3ad5dde3cd8cb1663e7,2026-07-25T15:16:30
S29_F08_c026,29,classroom,S29_F08,F08,A07,test,P02,classroom/S29_F08/S29_F08_c026.mp4,realsense_480p,640,480,15.0,91,6.067,f0a01c095e26b8b5c5b752b3687e0c8ef90d9e0660533fdd95ca5041b7fb0e77,2026-07-25T15:17:15
S29_F08_c027,29,classroom,S29_F08,F08,A07,test,P02,classroom/S29_F08/S29_F08_c027.mp4,realsense_480p,640,480,15.0,86,5.733,50e2274d71d631dfce84a230cf7e133fa1bcb09285a99be500b2eb142871e255,2026-07-25T15:17:29
S29_F08_c028,29,classroom,S29_F08,F08,A07,test,P04,classroom/S29_F08/S29_F08_c028.mp4,realsense_480p,640,480,15.0,88,5.867,e7148eb25620e1b28c1cb5214caaa04e1f95026bd93cbc77ce107ab8fbcc70a3,2026-07-25T15:24:30
S29_F08_c029,29,classroom,S29_F08,F08,A07,test,P04,classroom/S29_F08/S29_F08_c029.mp4,realsense_480p,640,480,15.0,91,6.067,11c6d898b6d06b63f495bc8425246658666fd2b44566d599b31234f169d52a03,2026-07-25T15:24:38
S29_F08_c030,29,classroom,S29_F08,F08,A07,test,P04,classroom/S29_F08/S29_F08_c030.mp4,realsense_480p,640,480,15.0,87,5.8,c284c9605eb9d29dc7c88c51e79f31cae824260167a7ec1e3c6d36353e37614d,2026-07-25T15:24:49
S29_F08_c031,29,classroom,S29_F08,F08,A07,test,P04,classroom/S29_F08/S29_F08_c031.mp4,realsense_480p,640,480,15.0,81,5.4,e50742658997f54884550bf37405c4134eb997892c22f00288b4c43bab6ca7eb,2026-07-25T15:24:57
S29_F08_c032,29,classroom,S29_F08,F08,A07,test,P06,classroom/S29_F08/S29_F08_c032.mp4,realsense_480p,640,480,15.0,90,6.0,098a813fca7b5cd029ced0445e68113429b5a9b064896d5d15fb2c0eef42e638,2026-07-25T15:29:51
S29_F08_c033,29,classroom,S29_F08,F08,A07,test,P06,classroom/S29_F08/S29_F08_c033.mp4,realsense_480p,640,480,15.0,86,5.733,b34abb02826b77e21f543f296a6cbd58a548196201f59b89dfd6abd25ab353d4,2026-07-25T15:29:59
S29_F08_c034,29,classroom,S29_F08,F08,A07,test,P01,classroom/S29_F08/S29_F08_c034.MOV,phone_4k,3840,2160,30.0,170,5.667,6b9f03c403252132843aa817d7cf0c07764d644fbc6206c729d71a84ca004e1a,2026-07-25T15:02:08
S29_F08_c035,29,classroom,S29_F08,F08,A07,test,P01,classroom/S29_F08/S29_F08_c035.mp4,phone_1080p,1920,1080,29.991,164,5.468,9dca1b394f6cbce1fb95dc48e74f2bc7c4b4173bfda7d66d161afadf4b9bdd9d,2026-07-25T15:02:08
S29_F08_c036,29,classroom,S29_F08,F08,A07,test,P06,classroom/S29_F08/S29_F08_c036.mp4,realsense_480p,640,480,15.0,85,5.667,85563f54ce43b5d266c0d7c2f5865759d814fdd37673bc568ed625b1f9b817eb,2026-07-25T15:30:10
S29_F08_c037,29,classroom,S29_F08,F08,A07,test,P06,classroom/S29_F08/S29_F08_c037.mp4,realsense_480p,640,480,15.0,86,5.733,806e896837957e9abf7bf982972a34d97283146ef3f97ffc36dc29e0cef02dc6,2026-07-25T15:30:18
S29_F08_c038,29,classroom,S29_F08,F08,A07,test,P01,classroom/S29_F08/S29_F08_c038.MOV,phone_4k,3840,2160,30.0,181,6.033,fb9a2a1889152e970fd742c83b24dfbf198a163970c5ef07572591bfa6dce03c,2026-07-25T15:02:16
S29_F08_c039,29,classroom,S29_F08,F08,A07,test,P01,classroom/S29_F08/S29_F08_c039.mp4,phone_1080p,1920,1080,29.991,164,5.468,3739aff549ac04028a4d1b30b22a0d0226c6ef1ca7c2291dbea2c901a33e1ffa,2026-07-25T15:02:16
S29_F08_c040,29,classroom,S29_F08,F08,A07,test,P01,classroom/S29_F08/S29_F08_c040.MOV,phone_4k,3840,2160,30.0,187,6.233,b6a1a18b5b5ab06642b0b5cde4bc9819695c0a2d941112f19dbba0e3bee151bd,2026-07-25T15:02:28
S29_F08_c041,29,classroom,S29_F08,F08,A07,test,P01,classroom/S29_F08/S29_F08_c041.mp4,phone_1080p,1920,1080,29.991,165,5.502,39324767397302dda3ab77924dbf38794abf7c01b0a386aeda2ab88b7774c51a,2026-07-25T15:02:27
S29_F08_c042,29,classroom,S29_F08,F08,A07,test,P01,classroom/S29_F08/S29_F08_c042.MOV,phone_4k,3840,2160,30.0,175,5.833,e26ff65b4c32a9bff59979fc9d8d82fc065b9c4852827cf642bf7712005bf421,2026-07-25T15:02:36
S29_F08_c043,29,classroom,S29_F08,F08,A07,test,P01,classroom/S29_F08/S29_F08_c043.mp4,phone_1080p,1920,1080,29.991,165,5.502,722a55459349e1b1833b0c78d0282a4074ad5ecd98b218e604a23904c18c0a6d,2026-07-25T15:02:36
S29_F08_c044,29,classroom,S29_F08,F08,A07,test,P02,classroom/S29_F08/S29_F08_c044.MOV,phone_4k,3840,2160,30.0,171,5.7,d1c59a42d94d2052d48bb92db2b3bff346103410b8597900fea63623ccfa30f8,2026-07-25T15:16:21
S29_F08_c045,29,classroom,S29_F08,F08,A07,test,P02,classroom/S29_F08/S29_F08_c045.mp4,phone_1080p,1920,1080,29.992,184,6.135,89be2acfa15026f8a4e4a3bd3dbe91104cb5cbd8c8d4e1543eae73dfb0a92f4c,2026-07-25T15:15:58
S29_F08_c046,29,classroom,S29_F08,F08,A07,test,P02,classroom/S29_F08/S29_F08_c046.MOV,phone_4k,3840,2160,30.0,168,5.6,6c8cb86556c73c3946e39ac7243b659fba6d0c23d252dbe15810768a54ff6062,2026-07-25T15:16:29
S29_F08_c047,29,classroom,S29_F08,F08,A07,test,P02,classroom/S29_F08/S29_F08_c047.mp4,phone_1080p,1920,1080,29.991,165,5.502,d8db6a1348ff065cedcbd5f67a813141812c9da94ef396626d594bffa4f45ceb,2026-07-25T15:16:21
S29_F08_c048,29,classroom,S29_F08,F08,A07,test,P02,classroom/S29_F08/S29_F08_c048.MOV,phone_4k,3840,2160,30.0,171,5.7,6b4b0743f1674061fca8109e0a07fe8c0ab4b306e141d314cce1ee2de311252c,2026-07-25T15:16:40
S29_F08_c049,29,classroom,S29_F08,F08,A07,test,P02,classroom/S29_F08/S29_F08_c049.mp4,phone_1080p,1920,1080,29.991,173,5.768,df016d4455ed603bf6bc58ae9729cde29c296de596ab483c2e91235c6c66a650,2026-07-25T15:16:29
S31_F10_c001,31,classroom,S31_F10,F10,A12,test,P09,classroom/S31_F10/S31_F10_c001.MOV,phone_4k,3840,2160,30.0,189,6.3,ddab37cfcfddaec3e7aa54de7ebd6bd4812bc776b897a22ca32876c22142da7d,2026-07-25T16:04:04
S31_F10_c002,31,classroom,S31_F10,F10,A12,test,P09,classroom/S31_F10/S31_F10_c002.mp4,phone_1080p,1920,1080,29.991,164,5.468,9c4343231d2863293b5d76fe05889aabe747e4da25b977b1568d8e50b2f4ee8b,2026-07-25T16:04:03
S31_F10_c003,31,classroom,S31_F10,F10,A12,test,P04,classroom/S31_F10/S31_F10_c003.MOV,phone_4k,3840,2160,30.0,184,6.133,bef3bbaf0ff029adf915e4200f8488c18fc2e28fa92a2adea3aa39798ac6d463,2026-07-25T13:16:38
S31_F10_c004,31,classroom,S31_F10,F10,A12,test,P04,classroom/S31_F10/S31_F10_c004.mp4,phone_1080p,1920,1080,29.991,169,5.635,31d07939b4c0de5b9c8d08be47869cf6e57107bed60c2ce8a9d02d8f48b2aca7,2026-07-25T13:16:37
S31_F10_c005,31,classroom,S31_F10,F10,A12,test,P06,classroom/S31_F10/S31_F10_c005.MOV,phone_4k,3840,2160,30.0,170,5.667,bf3ea51be56f63def81ede276ef2236b4e1809d9ed32fe2ff8816f633f8883a6,2026-07-25T13:22:14
S31_F10_c006,31,classroom,S31_F10,F10,A12,test,P06,classroom/S31_F10/S31_F10_c006.mp4,phone_1080p,1920,1080,29.992,177,5.902,0ee083b823445c5e364d921b57a272a293fc90bbe02e1d757c09dec0e599b73a,2026-07-25T13:22:14
S31_F10_c007,31,classroom,S31_F10,F10,A12,test,P06,classroom/S31_F10/S31_F10_c007.MOV,phone_4k,3840,2160,30.0,168,5.6,37e0b33b8a0bdd71be367805289b8248a8f9667a62ee29d452dcafeb72ee7a8e,2026-07-25T13:22:28
S31_F10_c008,31,classroom,S31_F10,F10,A12,test,P06,classroom/S31_F10/S31_F10_c008.mp4,phone_1080p,1920,1080,29.991,175,5.835,b7bc3263ec0dfe0707f017cc56d0df471d5cb2454f981f820bbc0a99ba83fad1,2026-07-25T13:22:27
S31_F10_c009,31,classroom,S31_F10,F10,A12,test,P06,classroom/S31_F10/S31_F10_c009.MOV,phone_4k,3840,2160,30.0,177,5.9,4138100bf4cda8998b317be0d160be9b7428c6c967ed3466f3da36319ae35a70,2026-07-25T13:22:48
S31_F10_c010,31,classroom,S31_F10,F10,A12,test,P06,classroom/S31_F10/S31_F10_c010.mp4,phone_1080p,1920,1080,29.991,175,5.835,1c1a87a57673883aafc800b5f9be94cb2a7e615658e290e5566c61400fbb751f,2026-07-25T13:22:48
S31_F10_c011,31,classroom,S31_F10,F10,A12,test,P06,classroom/S31_F10/S31_F10_c011.MOV,phone_4k,3840,2160,30.0,172,5.733,eabd2725c7a857a1e4587eb61577add05a8c5cb9f62abccd211f01e6200ee513,2026-07-25T13:22:59
S31_F10_c012,31,classroom,S31_F10,F10,A12,test,P06,classroom/S31_F10/S31_F10_c012.mp4,phone_1080p,1920,1080,29.992,186,6.202,88f91b55e2da98d993d9da6599a718ac9e19b4da7c2b51894d781222e5615604,2026-07-25T13:23:00
S31_F10_c013,31,classroom,S31_F10,F10,A12,test,P01,classroom/S31_F10/S31_F10_c013.MOV,phone_4k,3840,2160,30.0,178,5.933,06e14493aa2f356031d44b88822bd04e90ebde17c37b57ab33bd904721597b16,2026-07-25T13:27:59
S31_F10_c014,31,classroom,S31_F10,F10,A12,test,P01,classroom/S31_F10/S31_F10_c014.mp4,phone_1080p,1920,1080,29.991,166,5.535,6929f8604cc06151a994c4317bcc9890982cbdd3abcf39dbeaa2399ea4cc3d6a,2026-07-25T13:27:58
S31_F10_c015,31,classroom,S31_F10,F10,A12,test,P01,classroom/S31_F10/S31_F10_c015.MOV,phone_4k,3840,2160,30.0,181,6.033,6e7360f53a78188db756db05b4ce6d80ce723121e138094777b6e7459cebab47,2026-07-25T13:28:09
S31_F10_c016,31,classroom,S31_F10,F10,A12,test,P01,classroom/S31_F10/S31_F10_c016.mp4,phone_1080p,1920,1080,29.991,162,5.402,32310e9d6ed0ee1c6748aa0c0a8cb7d5044103f8769972a247307af7f6dc82f0,2026-07-25T13:28:09
S31_F10_c017,31,classroom,S31_F10,F10,A12,test,P01,classroom/S31_F10/S31_F10_c017.MOV,phone_4k,3840,2160,30.0,163,5.433,77b0abd9b861cc8fe49d2d8064cacfa6e9a05ae92882fb6281c13979dd707209,2026-07-25T13:28:28
S31_F10_c018,31,classroom,S31_F10,F10,A12,test,P01,classroom/S31_F10/S31_F10_c018.mp4,phone_1080p,1920,1080,29.991,168,5.602,f10ca5b924e81cc39afcb5817c0f1ba646d3d74498e0d6dd4f9c5551195f8e2e,2026-07-25T13:28:26
S31_F10_c019,31,classroom,S31_F10,F10,A12,test,P01,classroom/S31_F10/S31_F10_c019.MOV,phone_4k,3840,2160,30.0,180,6.0,2d99df118d8660495e7c9c03b2bed8c8cb99b5c73335b23106caee82164dbcdc,2026-07-25T13:28:37
S31_F10_c020,31,classroom,S31_F10,F10,A12,test,P01,classroom/S31_F10/S31_F10_c020.mp4,phone_1080p,1920,1080,29.991,164,5.468,112cc52e1c332b7dd8f364215f6f888a814a73be66449ed37a01939f514fe0dd,2026-07-25T13:28:37
S31_F10_c021,31,classroom,S31_F10,F10,A12,test,P02,classroom/S31_F10/S31_F10_c021.mp4,realsense_480p,640,480,15.0,93,6.2,1aadab71a24f697b2889b7ae93a49a435d6fcdd03a9f5a6d931558f270439f0c,2026-07-25T13:07:00
S31_F10_c022,31,classroom,S31_F10,F10,A12,test,P09,classroom/S31_F10/S31_F10_c022.MOV,phone_4k,3840,2160,30.0,176,5.867,1a4b30e123263bb1a4dd12da83617852ef9f65834d96a65addda3826dc7c7f31,2026-07-25T16:04:19
S31_F10_c023,31,classroom,S31_F10,F10,A12,test,P09,classroom/S31_F10/S31_F10_c023.mp4,phone_1080p,1920,1080,29.991,176,5.868,aa6cb77394ad7dd3661589b23c5ce131489ece72e67fd92d40fd219b284c3ab0,2026-07-25T16:04:18
S31_F10_c024,31,classroom,S31_F10,F10,A12,test,P02,classroom/S31_F10/S31_F10_c024.mp4,realsense_480p,640,480,15.0,86,5.733,e2b253df84742f5844b675d929b64cc9eedbcf311a7e6140abefd8ae885ed9f3,2026-07-25T13:07:12
S31_F10_c025,31,classroom,S31_F10,F10,A12,test,P02,classroom/S31_F10/S31_F10_c025.mp4,realsense_480p,640,480,15.0,81,5.4,64b06297a18f6e32664aa2ec5156bcddd214feac8917cfbf9f93fd4217467674,2026-07-25T13:07:35
S31_F10_c026,31,classroom,S31_F10,F10,A12,test,P02,classroom/S31_F10/S31_F10_c026.mp4,realsense_480p,640,480,15.0,92,6.133,fff852532f069704a0ca8e2fe6b19f8589cec4d9794fbf72252ecdb46cff6aad,2026-07-25T13:07:46
S31_F10_c027,31,classroom,S31_F10,F10,A12,test,P04,classroom/S31_F10/S31_F10_c027.mp4,realsense_480p,640,480,15.0,89,5.933,88128bea4b3d6f876a0d92a25e0f0f04147dbd51b0ded71c7ce7d065c7862e02,2026-07-25T13:15:51
S31_F10_c028,31,classroom,S31_F10,F10,A12,test,P04,classroom/S31_F10/S31_F10_c028.mp4,realsense_480p,640,480,15.0,97,6.467,36b0d19a127656939f730ec4302c6251185a9dd37fd98f44ca640d9ffc5ba454,2026-07-25T13:16:03
S31_F10_c029,31,classroom,S31_F10,F10,A12,test,P04,classroom/S31_F10/S31_F10_c029.mp4,realsense_480p,640,480,15.0,89,5.933,bb4bd5bcf2b90140b75157c949f0234db0aaeb8e34ae3689a82aaa0aaf716fe7,2026-07-25T13:16:20
S31_F10_c030,31,classroom,S31_F10,F10,A12,test,P04,classroom/S31_F10/S31_F10_c030.mp4,realsense_480p,640,480,15.0,91,6.067,b408f277fb1cf015b635136c7825ea01842264bf8c32080920f1ab271cffb144,2026-07-25T13:16:38
S31_F10_c031,31,classroom,S31_F10,F10,A12,test,P06,classroom/S31_F10/S31_F10_c031.mp4,realsense_480p,640,480,15.0,89,5.933,53f8af8230972e4a5e8e1aa1319c253d7ff9a1ac9aba6730ebe5ed5c5a4e232b,2026-07-25T13:22:15
S31_F10_c032,31,classroom,S31_F10,F10,A12,test,P06,classroom/S31_F10/S31_F10_c032.mp4,realsense_480p,640,480,15.0,88,5.867,b680fb1f87b89658cd66fb2f61d1c869b7c8f6ffbefb19d3eae221002b1d4c05,2026-07-25T13:22:28
S31_F10_c033,31,classroom,S31_F10,F10,A12,test,P06,classroom/S31_F10/S31_F10_c033.mp4,realsense_480p,640,480,15.0,93,6.2,df16b800fcad6d1ca8bdc76c0500db5e3d576b0b5bf40c9b3f676ac08751bdf4,2026-07-25T13:22:49
S31_F10_c034,31,classroom,S31_F10,F10,A12,test,P02,classroom/S31_F10/S31_F10_c034.MOV,phone_4k,3840,2160,29.992,187,6.235,b6de193b2e925dbe7a51f8a5ed28f5b2d7fc166cd302219006e8985b31f745c2,2026-07-25T13:07:00
S31_F10_c035,31,classroom,S31_F10,F10,A12,test,P02,classroom/S31_F10/S31_F10_c035.mp4,phone_1080p,1920,1080,29.991,164,5.468,4584d94024549d08b5d8ccc080bbafc2ff3bf91614f76ddf11e59c965c0d6390,2026-07-25T13:07:00
S31_F10_c036,31,classroom,S31_F10,F10,A12,test,P06,classroom/S31_F10/S31_F10_c036.mp4,realsense_480p,640,480,15.0,97,6.467,cab730769f3522123e73293d6f3cea2cff6d75166c124996a70aa500d861b110,2026-07-25T13:23:00
S31_F10_c037,31,classroom,S31_F10,F10,A12,test,P01,classroom/S31_F10/S31_F10_c037.mp4,realsense_480p,640,480,15.0,85,5.667,bb04275b549bd1536cadfdcdd3b42297719465424a8061bfac8d3a1ff04254a6,2026-07-25T13:27:59
S31_F10_c038,31,classroom,S31_F10,F10,A12,test,P01,classroom/S31_F10/S31_F10_c038.mp4,realsense_480p,640,480,15.0,35,2.333,4d6d0b9494b4fb66868c26c3bf3dcb6d324a258b04340d23346bd83694590fa7,2026-07-25T13:28:10
S31_F10_c039,31,classroom,S31_F10,F10,A12,test,P01,classroom/S31_F10/S31_F10_c039.mp4,realsense_480p,640,480,15.0,84,5.6,90c0f29b5ec13b76cf62a6fffd5c20fea3011cdb5867d80f59918ee75335a96a,2026-07-25T13:28:27
S31_F10_c040,31,classroom,S31_F10,F10,A12,test,P01,classroom/S31_F10/S31_F10_c040.mp4,realsense_480p,640,480,15.0,89,5.933,de79d4d79cf9fc5b63ec3b7885f6605fd255e38ead86bd99506169650346a609,2026-07-25T13:28:38
S31_F10_c041,31,classroom,S31_F10,F10,A12,test,P06,classroom/S31_F10/S31_F10_c041.MOV,phone_4k,3840,2160,29.992,181,6.035,1ae9ae42ecdb189668aae53d22601214debc9934c5ad8ca78495fc064c3ba7ad,2026-07-25T13:07:11
S31_F10_c042,31,classroom,S31_F10,F10,A12,test,P06,classroom/S31_F10/S31_F10_c042.mp4,phone_1080p,1920,1080,29.991,163,5.435,409af0f6d6ad197499769a1ce204f02fcf8195baf51c822436654780d0f731ae,2026-07-25T13:07:11
S31_F10_c043,31,classroom,S31_F10,F10,A12,test,P06,classroom/S31_F10/S31_F10_c043.MOV,phone_4k,3840,2160,29.991,168,5.602,cc757d78e1e427a4a54e3f3f7f54cd644d867df52810505d2c3143059f5a92ba,2026-07-25T13:07:35
S31_F10_c044,31,classroom,S31_F10,F10,A12,test,P06,classroom/S31_F10/S31_F10_c044.mp4,phone_1080p,1920,1080,29.991,160,5.335,9b2013e1bcc8355d7570fa6ce07af8e29821a20abb59ae218f64ec957cf2b451,2026-07-25T13:07:34
S31_F10_c045,31,classroom,S31_F10,F10,A12,test,P06,classroom/S31_F10/S31_F10_c045.MOV,phone_4k,3840,2160,30.0,193,6.433,0fe147545299d719967689c15f808f0857eda125ebf403ab72f1cc43967f3c90,2026-07-25T13:07:45
S31_F10_c046,31,classroom,S31_F10,F10,A12,test,P06,classroom/S31_F10/S31_F10_c046.mp4,phone_1080p,1920,1080,29.991,162,5.402,7db3e50968cfbcb470d168c52d13e72a9ffe2f2e5bcb8785da3b5be41977fcd1,2026-07-25T13:07:45
S31_F10_c047,31,classroom,S31_F10,F10,A12,test,P04,classroom/S31_F10/S31_F10_c047.MOV,phone_4k,3840,2160,30.0,171,5.7,03aef20d47dd6f4c5678d516e308148974dc24a0ec707f11a3f7125113161018,2026-07-25T13:15:50
S31_F10_c048,31,classroom,S31_F10,F10,A12,test,P04,classroom/S31_F10/S31_F10_c048.mp4,phone_1080p,1920,1080,29.991,164,5.468,9606add184b2caf1a9474603e7f179a6eeab24264e7859210095c0ec1dedc951,2026-07-25T13:15:50
S31_F10_c049,31,classroom,S31_F10,F10,A12,test,P04,classroom/S31_F10/S31_F10_c049.MOV,phone_4k,3840,2160,30.0,179,5.967,6b11c4755a981020800b8239c0b4d68209456360aeb369db08c262d85d65ab30,2026-07-25T13:16:03
S31_F10_c050,31,classroom,S31_F10,F10,A12,test,P04,classroom/S31_F10/S31_F10_c050.mp4,phone_1080p,1920,1080,29.991,171,5.702,38051a984d8772b75ea054f5e32ae846a805cbee717041b9fc518e82f1181f3d,2026-07-25T13:16:02
S31_F10_c051,31,classroom,S31_F10,F10,A12,test,P04,classroom/S31_F10/S31_F10_c051.MOV,phone_4k,3840,2160,30.0,172,5.733,35fb7e90facdfe478ffa4f30b320746799911d8b2b4360900e0639696758123b,2026-07-25T13:16:20
S31_F10_c052,31,classroom,S31_F10,F10,A12,test,P04,classroom/S31_F10/S31_F10_c052.mp4,phone_1080p,1920,1080,29.991,164,5.468,b1b8c9c8b09494766b0657faf901a968fc3a2c90d670ca87e1824f801c8157d8,2026-07-25T13:16:19
S32_F01_c001,32,kitchen,S32_F01,F01,A01,test,P01,kitchen/S32_F01/S32_F01_c001.mp4,realsense_480p,640,480,15.0,100,6.667,0d6367c8580d317453b929b5347ed3ad74140a3764dc5fb2fa7b7883ff889872,
S32_F01_c002,32,kitchen,S32_F01,F01,A01,test,P01,kitchen/S32_F01/S32_F01_c002.mp4,realsense_480p,640,480,15.0,114,7.6,a9992a276f650ee640bb4c35d93dfb7a44a356b4f4239fe9366cf138a906219f,
S32_F01_c003,32,kitchen,S32_F01,F01,A01,test,P01,kitchen/S32_F01/S32_F01_c003.mp4,realsense_480p,640,480,15.0,90,6.0,5b5cefeea4a9b9ab0e2a4b004283adcc991e9056dcbb3afaf34ecd6c75069c0e,
S32_F01_c004,32,kitchen,S32_F01,F01,A01,test,P01,kitchen/S32_F01/S32_F01_c004.mp4,realsense_480p,640,480,15.0,102,6.8,beca43e620da40fb927cb81948bb8292f3efee4dfab71ed12ca0ef13ca41a3d2,
S32_F01_c005,32,kitchen,S32_F01,F01,A01,test,P01,kitchen/S32_F01/S32_F01_c005.mp4,realsense_480p,640,480,15.0,134,8.933,dbde5786734095386f4d51cc2f35bdeaf496852c8eca5ab0e3240fbb57134f92,
S32_F01_c006,32,kitchen,S32_F01,F01,A01,test,P01,kitchen/S32_F01/S32_F01_c006.mp4,realsense_480p,640,480,15.0,123,8.2,49dfa7e75581b440038175434d92794f698e31b3bb5d91447703f57f6b518630,
S32_F01_c007,32,kitchen,S32_F01,F01,A01,test,P01,kitchen/S32_F01/S32_F01_c007.mp4,realsense_480p,640,480,15.0,115,7.667,4a7f1e63fbb4d617c4affdd62e98e2eec2bf162faf42c4f111b43d93324a2eb1,
S32_F01_c008,32,kitchen,S32_F01,F01,A01,test,P01,kitchen/S32_F01/S32_F01_c008.mp4,realsense_480p,640,480,15.0,122,8.133,f8941db357160fd49b654519d46c6250087300a7602318da87dee80f867c8f2f,
S32_F01_c009,32,kitchen,S32_F01,F01,A01,test,P01,kitchen/S32_F01/S32_F01_c009.mp4,realsense_480p,640,480,15.0,132,8.8,619ce78bd668f7fb9959f6e685f3a6aa855f1b4b26287dde1df178587d94d623,
S32_F01_c010,32,kitchen,S32_F01,F01,A01,test,P01,kitchen/S32_F01/S32_F01_c010.mp4,realsense_480p,640,480,15.0,143,9.533,00438c0beaff1a185ee7d30adc93c41f242724cfe27407d198725bbe01cd3bb3,
S32_F01_c011,32,kitchen,S32_F01,F01,A01,test,P01,kitchen/S32_F01/S32_F01_c011.mp4,realsense_480p,640,480,15.0,138,9.2,9cb9bbea70aa67e56397d64507992dca1ad0f13c3af30a9651d181cd96dd7e55,
S32_F01_c012,32,kitchen,S32_F01,F01,A01,test,P01,kitchen/S32_F01/S32_F01_c012.mp4,realsense_480p,640,480,15.0,129,8.6,19730f36e31871ef847c563c28cae4b9abc4647761e274c74258b1f7249e1358,
S32_F01_c013,32,kitchen,S32_F01,F01,A01,test,P01,kitchen/S32_F01/S32_F01_c013.mp4,realsense_480p,640,480,15.0,124,8.267,a7c38767b00edcffe11b72c0d10a6da40dc36d04ebaa8ff5cba39de3b7681750,
S32_F01_c014,32,kitchen,S32_F01,F01,A01,test,P01,kitchen/S32_F01/S32_F01_c014.mp4,realsense_480p,640,480,15.0,136,9.067,66ea35e10e645b88654ecd3d8af244049d6f296ae6e82e6e43af6eb0c05d5d54,
S32_F01_c015,32,kitchen,S32_F01,F01,A01,test,P01,kitchen/S32_F01/S32_F01_c015.mp4,realsense_480p,640,480,15.0,163,10.867,b4d0e6ec5ecc31583bc68abb389e3abae6849413745f50b239622fdfb7f28717,
S32_F01_c016,32,kitchen,S32_F01,F01,A01,test,P01,kitchen/S32_F01/S32_F01_c016.mp4,realsense_480p,640,480,15.0,141,9.4,dc172e2e5eaaa84a3fbec0e0ee2dfdd9b31c30bea158c7c0886098bcd0b98cfb,
S32_F01_c017,32,kitchen,S32_F01,F01,A01,test,P01,kitchen/S32_F01/S32_F01_c017.mp4,realsense_480p,640,480,15.0,132,8.8,69798435cc9734b8c921a83ee9bd7413b5771151988f0fbed6e8beeb251d55e5,
S32_F01_c018,32,kitchen,S32_F01,F01,A01,test,P01,kitchen/S32_F01/S32_F01_c018.mp4,realsense_480p,640,480,15.0,145,9.667,8fc2888dee8c7c82b3f6877d88ed49991e96c64f0e4f0fa27e7aed03ae630cca,
S32_F01_c019,32,kitchen,S32_F01,F01,A01,test,P04,kitchen/S32_F01/S32_F01_c019.mp4,phone_1080p,1280,720,23.884,85,3.559,b489852ff7d3f062ce446e342adb916752be820620e992823887a781b31f17d4,
S32_F01_c020,32,kitchen,S32_F01,F01,A01,test,P04,kitchen/S32_F01/S32_F01_c020.mp4,phone_1080p,1280,720,23.822,79,3.316,8a3f68a82b21d209e83b947549647b23751f815878e9d6f72776b0c6eef6d9e2,
S32_F01_c021,32,kitchen,S32_F01,F01,A01,test,P04,kitchen/S32_F01/S32_F01_c021.mp4,phone_1080p,1280,720,24.009,148,6.164,7fc8033704d36cfc4014a82bca9be4dc81db51daf177a1d2f1f011a1f8dc5db8,
S32_F01_c022,32,kitchen,S32_F01,F01,A01,test,P04,kitchen/S32_F01/S32_F01_c022.mp4,phone_1080p,1280,720,24.002,111,4.625,af790c7d1eb4af4d56a050170b8f3269b8fa0068141e985eb3a475972498701d,
S32_F01_c023,32,kitchen,S32_F01,F01,A01,test,P04,kitchen/S32_F01/S32_F01_c023.mp4,phone_1080p,1280,720,23.701,54,2.278,2f8e5d2a5698338fd2f765d0e2ef64815d6a7fe7cc930d1cfbccd0d16f520808,
S32_F01_c024,32,kitchen,S32_F01,F01,A01,test,P02,kitchen/S32_F01/S32_F01_c024.mp4,phone_1080p,1920,1080,30.0,188,6.267,62f98d6cb7e999cf83c6972d1ea0bbbc14b4cea6ff16d6257c627e50e93d3fa5,
S32_F01_c025,32,kitchen,S32_F01,F01,A01,test,P02,kitchen/S32_F01/S32_F01_c025.mp4,phone_1080p,1920,1080,30.0,176,5.867,3fdf6680d235656b75ad70eed7a673d7845b87286e9a1f0dc1357c3249b2a23c,
S32_F01_c026,32,kitchen,S32_F01,F01,A01,test,P02,kitchen/S32_F01/S32_F01_c026.mp4,phone_1080p,1920,1080,30.0,190,6.333,aa9871aed12dea864cd8c99bc1f4d8f05492eef946b483d3c4be63fedda7630f,
S32_F01_c027,32,kitchen,S32_F01,F01,A01,test,P02,kitchen/S32_F01/S32_F01_c027.mp4,phone_1080p,1280,720,30.0,167,5.567,04148d5b6d8245bd5c3ea70a361d0786ac47d6afe42f8d71e837e7df435e1d80,
S32_F01_c028,32,kitchen,S32_F01,F01,A01,test,P02,kitchen/S32_F01/S32_F01_c028.mp4,phone_1080p,1280,720,30.0,172,5.733,8e245dcde78bcf91faae344bcd83c1b2f71371ab6147271a573aced15fa1c438,
S32_F01_c029,32,kitchen,S32_F01,F01,A01,test,P02,kitchen/S32_F01/S32_F01_c029.mp4,phone_1080p,1280,720,30.0,170,5.667,e7d0c41fc01d5f93a9aab45517742eacf3e2c90db2549c694431db38f089234a,
S32_F01_c030,32,kitchen,S32_F01,F01,A01,test,P02,kitchen/S32_F01/S32_F01_c030.mp4,phone_1080p,1280,720,30.0,169,5.633,88ce7e639b719f8478d0c477777c82a09ae523de30f80e61bfd62777926c3e9a,
S32_F01_c031,32,kitchen,S32_F01,F01,A01,test,P02,kitchen/S32_F01/S32_F01_c031.mp4,phone_1080p,1280,720,30.0,160,5.333,9ab7ace7b761e30cc6e8bc19570def4299d05ef0db42458422bf933b0d34737a,
S32_F01_c032,32,kitchen,S32_F01,F01,A01,test,P02,kitchen/S32_F01/S32_F01_c032.mp4,phone_1080p,1280,720,30.0,168,5.6,294fbf18d0ce1d444b77ba97ddba8be9e0ce595f4566450aad7e3f711e7fa9c0,
S32_F01_c033,32,kitchen,S32_F01,F01,A01,test,P02,kitchen/S32_F01/S32_F01_c033.mp4,phone_1080p,1280,720,30.0,174,5.8,073c96adaa839e035cc419749a8f43c6fcf016f425446db73721ebfea11f2777,
S32_F01_c034,32,kitchen,S32_F01,F01,A01,test,P02,kitchen/S32_F01/S32_F01_c034.mp4,phone_1080p,1280,720,30.0,157,5.233,6e9ba5ca297ffc97ccca97514f0f0ca2d29878496bc5fcbccb3998d9446f6d27,
S32_F01_c035,32,kitchen,S32_F01,F01,A01,test,P02,kitchen/S32_F01/S32_F01_c035.mp4,phone_1080p,1280,720,30.0,154,5.133,323876f7507c8c26ed73e5b266c916f9fe7265663dcb4058f52bc9cbe09359b9,
S32_F01_c036,32,kitchen,S32_F01,F01,A01,test,P02,kitchen/S32_F01/S32_F01_c036.mp4,phone_1080p,1280,720,30.0,173,5.767,179730626cb6feb03bdf8791bbe996d0ca77cedcd72a507648a098d880e18f9f,
S32_F01_c037,32,kitchen,S32_F01,F01,A01,test,P02,kitchen/S32_F01/S32_F01_c037.mp4,phone_1080p,1280,720,30.0,160,5.333,2aa9c6b265ab65f7d4c33f154ed7f3f788a2cf9c8d582c414a3c2f4bc0f92e77,
S32_F01_c038,32,kitchen,S32_F01,F01,A01,test,P02,kitchen/S32_F01/S32_F01_c038.mp4,phone_1080p,1280,720,30.0,175,5.833,31d0f4a2d46c42900c8d6c145440ea6e834b307583a5b199b26e17b2bb2dbf80,
S32_F01_c039,32,kitchen,S32_F01,F01,A01,test,P02,kitchen/S32_F01/S32_F01_c039.mp4,phone_1080p,1280,720,30.0,170,5.667,ce98864af8ef8c2c68f6354d6c337f8adab9a390945a139cf5a741d61c494b87,
S32_F01_c040,32,kitchen,S32_F01,F01,A01,test,P06,kitchen/S32_F01/S32_F01_c040.mp4,phone_1080p,1024,576,30.0,182,6.067,11decf75c8b8e1a47793eb813bba6170d898e0e70c05366212c4d81337386672,
S32_F01_c041,32,kitchen,S32_F01,F01,A01,test,P06,kitchen/S32_F01/S32_F01_c041.mp4,phone_1080p,1024,576,30.0,188,6.267,db8d49cf2b00b76a5377c8f20995d3c25c3f1109880ada750996a5f5a479dc7d,
S32_F01_c042,32,kitchen,S32_F01,F01,A01,test,P06,kitchen/S32_F01/S32_F01_c042.mp4,phone_1080p,1024,576,30.0,204,6.8,c2ec727465882f3d43a1ffeb8c47fe0840164423ad27564094def7dda55075c8,
S32_F01_c043,32,kitchen,S32_F01,F01,A01,test,P06,kitchen/S32_F01/S32_F01_c043.mp4,phone_1080p,1024,576,29.852,202,6.767,58c42f574eaf1dad08db3c5737fa94a23f68e1722c9f7ff1a6d2f65180a933ff,
S32_F01_c044,32,kitchen,S32_F01,F01,A01,test,P06,kitchen/S32_F01/S32_F01_c044.mp4,phone_1080p,800,576,29.856,208,6.967,7c0c53a1b0f68c86f2e12c2d6ed58e2e9cc8882ceecb30e2055eb6b484eb56cf,
S32_F01_c045,32,kitchen,S32_F01,F01,A01,test,P06,kitchen/S32_F01/S32_F01_c045.mp4,phone_1080p,1024,576,30.0,186,6.2,adffa267b2fd5236cb8b9c53693fd7d99e5e818682ca0d39341907a87618496e,
S32_F01_c046,32,kitchen,S32_F01,F01,A01,test,P06,kitchen/S32_F01/S32_F01_c046.mp4,phone_1080p,1024,576,30.0,193,6.433,7964cb99a4a02609ba312b3962cebdd7124d6b8a27e550e41d31af8160eaea87,
S32_F01_c047,32,kitchen,S32_F01,F01,A01,test,P06,kitchen/S32_F01/S32_F01_c047.mp4,phone_1080p,1024,576,29.831,176,5.9,37e7cc90f177d58ae9fdd013a25beb10816e8148391a1f740a66a3602567cb3d,
S32_F01_c048,32,kitchen,S32_F01,F01,A01,test,P06,kitchen/S32_F01/S32_F01_c048.mp4,phone_1080p,784,576,29.841,188,6.3,3c1fa130d077f23fd27a1de63f7704056ab536ccc49d4115e580616c9d2e4882,
S32_F01_c049,32,kitchen,S32_F01,F01,A01,test,P07,kitchen/S32_F01/S32_F01_c049.mp4,phone_1080p,1024,576,29.824,169,5.667,4f06dc52fb244737a0db05f2e83428d4f9e35e379ce17cc7bb1316556fea954b,
S32_F01_c050,32,kitchen,S32_F01,F01,A01,test,P07,kitchen/S32_F01/S32_F01_c050.mp4,phone_1080p,1024,576,29.831,177,5.933,a71a90437cc39a2a51c39efbc802d80d237a14ba4b9f28663154ec70c5cc8042,
S32_F01_c051,32,kitchen,S32_F01,F01,A01,test,P07,kitchen/S32_F01/S32_F01_c051.mp4,phone_1080p,1024,576,30.0,170,5.667,ae8bde087b4f050e48488c2363765fe52b188b5856ce1dddaa1736b4b34f0fff,
S32_F01_c052,32,kitchen,S32_F01,F01,A01,test,P07,kitchen/S32_F01/S32_F01_c052.mp4,phone_1080p,1024,576,30.0,173,5.767,c3d975609587d5b113188e6bba43df965a384d49332ed3743259cdf93468769c,
S32_F01_c053,32,kitchen,S32_F01,F01,A01,test,P07,kitchen/S32_F01/S32_F01_c053.mp4,phone_1080p,1024,576,30.0,187,6.233,b271d2b24fd66c38e6b9479eef8f45691e2465e819796b719d5ee0ff74494eba,
S32_F01_c054,32,kitchen,S32_F01,F01,A01,test,P07,kitchen/S32_F01/S32_F01_c054.mp4,phone_1080p,1024,576,30.0,204,6.8,5e06d87fd1050a5570f4778941c7a6e9d3f247b7435b367e3741efc02a38c652,
S33_F01_c001,33,kitchen,S33_F01,F01,A01,train,P01,kitchen/S33_F01/S33_F01_c001.mp4,realsense_480p,640,480,15.0,73,4.867,564f3124dfa87bee0e61ba653d1d31296dd1a27ba505f71ac29e8f19b1fbd387,2026-07-28T15:03:54
S33_F01_c002,33,kitchen,S33_F01,F01,A01,train,P01,kitchen/S33_F01/S33_F01_c002.mp4,realsense_480p,640,480,15.0,76,5.067,695eeba33bc0100dd6962d6eeca1baad2ec916aca09a8de16ba0bcf3b39defcc,2026-07-28T15:04:03
S33_F01_c003,33,kitchen,S33_F01,F01,A01,train,P01,kitchen/S33_F01/S33_F01_c003.mp4,realsense_480p,640,480,15.0,72,4.8,9b81d29f4c782f61c97b4f68fcde22dd18c733d6cca04d8ea232e42d89787f7b,2026-07-28T15:04:24
S33_F01_c004,33,kitchen,S33_F01,F01,A01,train,P01,kitchen/S33_F01/S33_F01_c004.mp4,realsense_480p,640,480,15.0,77,5.133,710133acc4cbc505cb2e911cdbb142b1501513c1b408c033c89157dbb364c855,2026-07-28T15:04:32
S33_F01_c005,33,kitchen,S33_F01,F01,A01,train,P01,kitchen/S33_F01/S33_F01_c005.mp4,realsense_480p,640,480,15.0,83,5.533,0c7be522f9a179acb6785f4fa0915e73e79eaf5b87c3403999096b73d828e3cd,2026-07-28T15:04:59
S33_F01_c006,33,kitchen,S33_F01,F01,A01,train,P01,kitchen/S33_F01/S33_F01_c006.mp4,realsense_480p,640,480,15.0,81,5.4,c080922ac2d430d66c6d9959b863f70f46fb3cca1596ceb5652d45d6a165439a,2026-07-28T15:05:07
S33_F01_c007,33,kitchen,S33_F01,F01,A01,train,P02,kitchen/S33_F01/S33_F01_c007.mp4,realsense_480p,640,480,15.0,83,5.533,bb0487ce52484b15ed739fc881581de5c268bbd95ab537d1fc17c59eafef07dc,2026-07-28T15:05:49
S33_F01_c008,33,kitchen,S33_F01,F01,A01,train,P02,kitchen/S33_F01/S33_F01_c008.mp4,realsense_480p,640,480,15.0,91,6.067,335dec82a3bc87e261b05f8dbd2e23a9b5cecf4e6e04dfa84c550b5551dd350d,2026-07-28T15:06:23
S33_F01_c009,33,kitchen,S33_F01,F01,A01,train,P02,kitchen/S33_F01/S33_F01_c009.mp4,realsense_480p,640,480,15.0,95,6.333,8d570f3b4bb9b0671e6bf0ee470399c639df5950b521f8e63feb43160f3417dd,2026-07-28T15:06:43
S33_F01_c010,33,kitchen,S33_F01,F01,A01,train,P02,kitchen/S33_F01/S33_F01_c010.mp4,realsense_480p,640,480,15.0,82,5.467,524517884d874eb5f3eb9c47832263188f5ab2c90324ffb728c9216c01909f3f,2026-07-28T15:06:51
S33_F01_c011,33,kitchen,S33_F01,F01,A01,train,P02,kitchen/S33_F01/S33_F01_c011.mp4,realsense_480p,640,480,15.0,93,6.2,f9f858a02947e5d96afd284d8c9e9f9771d54ebaeac3623a7083fae6f3f0eedc,2026-07-28T15:08:05
S33_F01_c012,33,kitchen,S33_F01,F01,A01,train,P02,kitchen/S33_F01/S33_F01_c012.mp4,realsense_480p,640,480,15.0,86,5.733,a4c6ed0c4f93fd1f14e53365d7cad759041662c4f27ad1299888e4ce32d7c048,2026-07-28T15:08:14
S33_F01_c013,33,kitchen,S33_F01,F01,A01,train,P02,kitchen/S33_F01/S33_F01_c013.mp4,phone_1080p,1280,720,30.0,176,5.867,8122e822bca364c091f1592649faa1a1584a6221391a098b0013063999b17579,2026-06-03T15:30:56
S33_F01_c014,33,kitchen,S33_F01,F01,A01,train,P02,kitchen/S33_F01/S33_F01_c014.mp4,phone_1080p,1280,720,30.0,170,5.667,26142523a5e9467e15f248cb1cc0f2dc79a538ac1d21256c455f0bc2418940c5,2026-06-03T15:31:32
S33_F01_c015,33,kitchen,S33_F01,F01,A01,train,P02,kitchen/S33_F01/S33_F01_c015.mp4,phone_1080p,1280,720,30.0,166,5.533,b69ece0996c7d8f4d168f3152d5168732ca64fdc072979d0f4efd77a8c884eb3,2026-06-03T15:31:55
S33_F01_c016,33,kitchen,S33_F01,F01,A01,train,P02,kitchen/S33_F01/S33_F01_c016.mp4,phone_1080p,1280,720,30.0,175,5.833,f54dfbd2d7ff1edd3cde6560b3e12c247fed70485a23f32ee8d4a1b114310a26,2026-06-03T15:32:11
S33_F01_c017,33,kitchen,S33_F01,F01,A01,train,P02,kitchen/S33_F01/S33_F01_c017.mp4,phone_1080p,1280,720,30.0,208,6.933,0e5868ecacbba1309785048586e6773ae85946d1d8d2d62236f43aded00d7c13,2026-06-03T15:32:43
S33_F01_c018,33,kitchen,S33_F01,F01,A01,train,P02,kitchen/S33_F01/S33_F01_c018.mp4,phone_1080p,1280,720,30.0,176,5.867,39e18e056dce0a47cddd5a1bb64cd9c325145aa4db7a1aa80738e668ac7f6d66,2026-06-03T15:33:01
S33_F01_c019,33,kitchen,S33_F01,F01,A01,train,P02,kitchen/S33_F01/S33_F01_c019.mp4,phone_1080p,1280,720,30.0,170,5.667,71bbfda0587e54357b801c8e166d68c1d00c6cb041e65c01e8984f697546916d,2026-06-03T15:33:48
S33_F01_c020,33,kitchen,S33_F01,F01,A01,train,P02,kitchen/S33_F01/S33_F01_c020.mp4,phone_1080p,1280,720,30.0,152,5.067,19a829c740705e0c22d3dc76e0817580a6d1457f634ac668c857a0bb4f16a3fb,2026-06-03T15:34:05
S33_F01_c021,33,kitchen,S33_F01,F01,A01,train,P02,kitchen/S33_F01/S33_F01_c021.mp4,phone_1080p,1280,720,30.0,170,5.667,5cb87c0f8c0981f84f1777f2d615679888b826c0515ba2b5bb0daa9e8f00d548,2026-06-03T15:35:20
S33_F01_c022,33,kitchen,S33_F01,F01,A01,train,P02,kitchen/S33_F01/S33_F01_c022.mp4,phone_1080p,1280,720,30.0,169,5.633,252087744f5c20e20e5667215b0cbc8cd7cd18670ff5d26d8b8fa4555c3f3e7a,2026-06-03T15:35:31
S33_F01_c023,33,kitchen,S33_F01,F01,A01,train,P02,kitchen/S33_F01/S33_F01_c023.mp4,phone_1080p,1280,720,30.0,182,6.067,87a90a9e4666cfeaa2195fd72f0c285723b188250aa33ac881c07409f150c160,2026-06-03T15:35:52
S33_F01_c024,33,kitchen,S33_F01,F01,A01,train,P02,kitchen/S33_F01/S33_F01_c024.mp4,phone_1080p,1280,720,30.0,177,5.9,d77a56380ec985c7add14e43d291c940c98aa92acd20f52923a8320506896bb1,2026-06-03T15:36:04
S34_F02_c001,34,kitchen,S34_F02,F02,A02/A03,train,P01,kitchen/S34_F02/S34_F02_c001.mp4,realsense_480p,640,480,15.0,129,8.6,c898d4ea4a68adffe98aaa188c8e7669ac1a145c32390874aa2f56f54b349c9e,
S34_F02_c002,34,kitchen,S34_F02,F02,A02/A03,train,P01,kitchen/S34_F02/S34_F02_c002.mp4,realsense_480p,640,480,15.0,149,9.933,d55b7fca2a97fa64f3b3de951c9e1dcbcd5ddf656431048e254727d8ecbaf3fb,
S34_F02_c003,34,kitchen,S34_F02,F02,A02/A03,train,P01,kitchen/S34_F02/S34_F02_c003.mp4,realsense_480p,640,480,15.0,128,8.533,c2d0afe9aecaa6ef504ea187155d3c116ed74e3c884b47323c08994ce9922466,
S34_F02_c004,34,kitchen,S34_F02,F02,A02/A03,train,P01,kitchen/S34_F02/S34_F02_c004.mp4,realsense_480p,640,480,15.0,134,8.933,206d524ec6ed7edf19c108c3f8d412d929d2eaefb5a830d015cd350780696aa8,
S34_F02_c005,34,kitchen,S34_F02,F02,A02/A03,train,P01,kitchen/S34_F02/S34_F02_c005.mp4,realsense_480p,640,480,15.0,135,9.0,ea2d04b6a584fd3a3bde554d23db3df2aa504ec87a5bb31af05e83bd61f9923d,
S34_F02_c006,34,kitchen,S34_F02,F02,A02/A03,train,P01,kitchen/S34_F02/S34_F02_c006.mp4,realsense_480p,640,480,15.0,139,9.267,b2c699e3f3cfa935acfe673b0e4ebcd47e2806b105f6357f612b3240bc2f25e0,
S34_F02_c007,34,kitchen,S34_F02,F02,A02/A03,train,P01,kitchen/S34_F02/S34_F02_c007.mp4,realsense_480p,640,480,15.0,145,9.667,05976d525d948cffd39cafb70111ad76144e5051965a2d9081ffaabff23a0dfe,
S34_F02_c008,34,kitchen,S34_F02,F02,A02/A03,train,P01,kitchen/S34_F02/S34_F02_c008.mp4,realsense_480p,640,480,15.0,131,8.733,c74db66d6de1f8cce86ee02460e18ccce4168fbab8e20f008dc1f2e17c80d460,
S34_F02_c009,34,kitchen,S34_F02,F02,A02/A03,train,P01,kitchen/S34_F02/S34_F02_c009.mp4,realsense_480p,640,480,15.0,131,8.733,70f1d40bdd6e8b0d62bd1a8b1eda46ffd5251d52bf4864c359d0899903b02842,
S34_F02_c010,34,kitchen,S34_F02,F02,A02/A03,train,P01,kitchen/S34_F02/S34_F02_c010.mp4,realsense_480p,640,480,15.0,138,9.2,ba9fb3262858966ef80f410735588a8c0a3616ff5ed69124297ee4393e1b7a00,
S34_F02_c011,34,kitchen,S34_F02,F02,A02/A03,train,P01,kitchen/S34_F02/S34_F02_c011.mp4,realsense_480p,640,480,15.0,141,9.4,0fbae1a3effb2db637fad0c1d52970908ac0d5458dc878d726d1ea55e189acf0,
S34_F02_c012,34,kitchen,S34_F02,F02,A02/A03,train,P01,kitchen/S34_F02/S34_F02_c012.mp4,realsense_480p,640,480,15.0,146,9.733,1987a9f02ce9968d665ab57ba2bfb769fafe201806460b355254f52497591b8d,
S34_F02_c013,34,kitchen,S34_F02,F02,A02/A03,train,P01,kitchen/S34_F02/S34_F02_c013.mp4,realsense_480p,640,480,15.0,145,9.667,a12dfc112720d21ced4bbd5f46502a5225952dc4f14af6702fdeaaa530275b0a,
S34_F02_c014,34,kitchen,S34_F02,F02,A02/A03,train,P01,kitchen/S34_F02/S34_F02_c014.mp4,realsense_480p,640,480,15.0,141,9.4,1fadde4b178a7ab2a996f20121675ad0197a5c939324d9b9d3f566da69ba7b56,
S34_F02_c015,34,kitchen,S34_F02,F02,A02/A03,train,P01,kitchen/S34_F02/S34_F02_c015.mp4,realsense_480p,640,480,15.0,143,9.533,37ee523d011f60ead85fa7f3a8ddc73eb85ebb7be0d3e2228e776355e96ec420,
S34_F02_c016,34,kitchen,S34_F02,F02,A02/A03,train,P04,kitchen/S34_F02/S34_F02_c016.mp4,phone_1080p,1280,720,23.905,79,3.305,4ee4e52b20bb883fc2940d60b35e8598747bcdf5c26f35abfc4907cdb992b311,
S34_F02_c017,34,kitchen,S34_F02,F02,A02/A03,train,P04,kitchen/S34_F02/S34_F02_c017.mp4,phone_1080p,1280,720,23.795,61,2.564,d24a1bc6a6691a518b7b5f5fefae59ad43b583286bdcaa74aa4a6db696cc97bb,
S34_F02_c018,34,kitchen,S34_F02,F02,A02/A03,train,P04,kitchen/S34_F02/S34_F02_c018.mp4,phone_1080p,1280,720,23.88,106,4.439,de0dc8d08814716319fd8301338c1fe304f1e381f63b8c1c9a4e6dd7b96d9758,
S34_F02_c019,34,kitchen,S34_F02,F02,A02/A03,train,P04,kitchen/S34_F02/S34_F02_c019.mp4,phone_1080p,1280,720,23.97,75,3.129,1bb719c148147c6d605e428f10abd523e40648df8b5630b9fb5010cc304d43b5,
S34_F02_c020,34,kitchen,S34_F02,F02,A02/A03,train,P04,kitchen/S34_F02/S34_F02_c020.mp4,phone_1080p,1280,720,23.865,69,2.891,0e499fc002bbfe8d3dd2eaeebf98bbd5b6c59802dbc3671f89624b56d7a5dd2f,
S34_F02_c021,34,kitchen,S34_F02,F02,A02/A03,train,P04,kitchen/S34_F02/S34_F02_c021.mp4,phone_1080p,1280,720,23.756,59,2.484,b2ae1d7621ef4fe592b26b760102eb02ed9e2f358a6e7a6f7cf10ef020a4b528,
S34_F02_c022,34,kitchen,S34_F02,F02,A02/A03,train,P02,kitchen/S34_F02/S34_F02_c022.mp4,phone_1080p,1280,720,30.0,174,5.8,f99a99ab2876c6fb2c02f20b50348c525d0067ca031b9e439ecf40a5ec88c38b,
S34_F02_c023,34,kitchen,S34_F02,F02,A02/A03,train,P02,kitchen/S34_F02/S34_F02_c023.mp4,phone_1080p,1280,720,30.0,208,6.933,32f143d0c6cf51d307e2c78095852420e89f7780cd2518a4f1949519c43356ae,
S34_F02_c024,34,kitchen,S34_F02,F02,A02/A03,train,P02,kitchen/S34_F02/S34_F02_c024.mp4,phone_1080p,1280,720,30.0,166,5.533,b257bdcbcad86342ce9ef8ebfb40cfcd4be1670736fb56fe112e30b6462e785e,
S34_F02_c025,34,kitchen,S34_F02,F02,A02/A03,train,P02,kitchen/S34_F02/S34_F02_c025.mp4,phone_1080p,1280,720,30.0,165,5.5,8a5c81863e24b4906e50cf8a0fbcd517eed88b97cd25314155b6b1677cdc964b,
S34_F02_c026,34,kitchen,S34_F02,F02,A02/A03,train,P02,kitchen/S34_F02/S34_F02_c026.mp4,phone_1080p,1280,720,30.0,170,5.667,b3bcff297f5db957f500f82a53f692e5f2470d38b2525526e998a92d8c2b67ab,
S34_F02_c027,34,kitchen,S34_F02,F02,A02/A03,train,P02,kitchen/S34_F02/S34_F02_c027.mp4,phone_1080p,1280,720,30.0,168,5.6,1c163fcaa69f7ecbabf9c432eb5660bf8a92eb8d89b3769f3672dd121119070c,
S34_F02_c028,34,kitchen,S34_F02,F02,A02/A03,train,P02,kitchen/S34_F02/S34_F02_c028.mp4,phone_1080p,1280,720,30.0,172,5.733,dea234c28d42f7266a7a0765e98bcbfc9bef4fb087e009f041b62bc00fd2ac5a,
S34_F02_c029,34,kitchen,S34_F02,F02,A02/A03,train,P02,kitchen/S34_F02/S34_F02_c029.mp4,phone_1080p,1280,720,30.0,172,5.733,a7b44a89cc77f13664ed206c260c81fe3514b37c41d7034497520ed667e05542,
S34_F02_c030,34,kitchen,S34_F02,F02,A02/A03,train,P02,kitchen/S34_F02/S34_F02_c030.mp4,phone_1080p,1280,720,30.0,172,5.733,65e3914888c2116c155474e94f1b1f274aa32f87bcfff9878a2a5015fdbc86f5,
S34_F02_c031,34,kitchen,S34_F02,F02,A02/A03,train,P02,kitchen/S34_F02/S34_F02_c031.mp4,phone_1080p,1280,720,30.0,174,5.8,a9065f321e226a822ef1012baa8717f06a715d4fc6b6f67dc25dbc55f3590f7e,
S34_F02_c032,34,kitchen,S34_F02,F02,A02/A03,train,P02,kitchen/S34_F02/S34_F02_c032.mp4,phone_1080p,1280,720,30.0,169,5.633,52ee8684e01d84fbd2f3a4f8e7f83246b0ede51b57566ee39050f7d5dd43da9b,
S34_F02_c033,34,kitchen,S34_F02,F02,A02/A03,train,P02,kitchen/S34_F02/S34_F02_c033.mp4,phone_1080p,1280,720,30.0,172,5.733,145686b464d2aedf8d0e18a12bbd5e643d4f969bcad4af1ae7e6e1965596401d,
S34_F02_c034,34,kitchen,S34_F02,F02,A02/A03,train,P02,kitchen/S34_F02/S34_F02_c034.mp4,phone_1080p,1280,720,30.0,171,5.7,09c69b1befc0d00d869ea32f2c68b7ba8de1a4eb5a3d4fa2a4c089657f03d165,
S34_F02_c035,34,kitchen,S34_F02,F02,A02/A03,train,P06,kitchen/S34_F02/S34_F02_c035.mp4,phone_1080p,1024,576,30.0,199,6.633,062f6fef2a7884f98747386cdb966fbeca1881a7aa4a8f96562a295711bc2ba2,
S34_F02_c036,34,kitchen,S34_F02,F02,A02/A03,train,P06,kitchen/S34_F02/S34_F02_c036.mp4,phone_1080p,1024,576,29.855,206,6.9,ea5f5238e222bdaee235c9bc022a94e92e9f8223027d9801d30e3d60c1654391,
S34_F02_c037,34,kitchen,S34_F02,F02,A02/A03,train,P06,kitchen/S34_F02/S34_F02_c037.mp4,phone_1080p,1024,576,29.874,238,7.967,68e416ac03b9bb8b50895da71475c468a91619c2171724002ae910d08d31d5f4,
S34_F02_c038,34,kitchen,S34_F02,F02,A02/A03,train,P06,kitchen/S34_F02/S34_F02_c038.mp4,phone_1080p,1024,576,30.0,179,5.967,3d8bc41c041051b5fb0140e69c7de338b246df31d071d9ad81ad1d82312da29a,
S34_F02_c039,34,kitchen,S34_F02,F02,A02/A03,train,P06,kitchen/S34_F02/S34_F02_c039.mp4,phone_1080p,1024,576,30.0,209,6.967,e954231193d319eb74b4ae9e5d2c4600296ddc8b25bb0d9ea2caaf4f053de83f,
S34_F02_c040,34,kitchen,S34_F02,F02,A02/A03,train,P07,kitchen/S34_F02/S34_F02_c040.mp4,phone_1080p,1024,576,29.831,177,5.933,e64d908eb4f820056b51d701cade073ffc79b25963c44ca83decbe509928b81d,
S34_F02_c041,34,kitchen,S34_F02,F02,A02/A03,train,P06,kitchen/S34_F02/S34_F02_c041.mp4,phone_1080p,1024,576,29.912,341,11.4,416763f1b16195a916ec9490bb7136e3e80d4c6bcd281ac0f4050a9ae4ff48f8,
S34_F02_c042,34,kitchen,S34_F02,F02,A02/A03,train,P07,kitchen/S34_F02/S34_F02_c042.mp4,phone_1080p,1024,576,29.831,176,5.9,506d733ec540761f73fee3ad52d603f2186d1e37a496523532ae1b6f280b0699,
S34_F02_c043,34,kitchen,S34_F02,F02,A02/A03,train,P06,kitchen/S34_F02/S34_F02_c043.mp4,phone_1080p,1024,576,29.863,218,7.3,aad397443ef00b5f68d072e78296360a68d600869fee24255dd4ebab362828a9,
S34_F02_c044,34,kitchen,S34_F02,F02,A02/A03,train,P06,kitchen/S34_F02/S34_F02_c044.mp4,phone_1080p,1024,576,30.0,250,8.333,4fcd235fe928920b6738d910df3a5ed822ff5b4b9ef29a59add2939e66d438df,
S34_F02_c045,34,kitchen,S34_F02,F02,A02/A03,train,P07,kitchen/S34_F02/S34_F02_c045.mp4,phone_1080p,1024,576,29.828,173,5.8,182d91aeb1926db71a7e0b4486b559bc1b7c46db6de4a4b4c90c4911bb25f679,
S34_F02_c046,34,kitchen,S34_F02,F02,A02/A03,train,P06,kitchen/S34_F02/S34_F02_c046.mp4,phone_1080p,1024,576,29.818,164,5.5,0b09b0c14c3cdf94281d0b3177aecb5cea45314132e0c0d232ccae602206eb33,
S35_F02_c001,35,kitchen,S35_F02,F02,A02/A03,train,P01,kitchen/S35_F02/S35_F02_c001.mp4,realsense_480p,640,480,15.0,115,7.667,e9ce748d91e1789d4e3cf9ee33a0bee4f663fc444b1b0283f372392b9fbdd90a,
S35_F02_c002,35,kitchen,S35_F02,F02,A02/A03,train,P01,kitchen/S35_F02/S35_F02_c002.mp4,realsense_480p,640,480,15.0,109,7.267,42f4125b1f71e9a3ddae1d092b311ea57d8362bfc3294c0c04207e8562af288c,
S35_F02_c003,35,kitchen,S35_F02,F02,A02/A03,train,P01,kitchen/S35_F02/S35_F02_c003.mp4,realsense_480p,640,480,15.0,122,8.133,d5862b9541457c780a2b1168a9a84cc4a3199c140c98abfcf1e0cb81492a0425,
S35_F02_c004,35,kitchen,S35_F02,F02,A02/A03,train,P01,kitchen/S35_F02/S35_F02_c004.mp4,realsense_480p,640,480,15.0,119,7.933,076c7ae8bfead5b80235d1d75a4bb54a9de538b70e16954225ecb19230a7f0cd,
S35_F02_c005,35,kitchen,S35_F02,F02,A02/A03,train,P01,kitchen/S35_F02/S35_F02_c005.mp4,realsense_480p,640,480,15.0,121,8.067,76dbc8af4099fc71aaaacd103dc01f0de5b216792c5cbe6d87b5ebb3cc3a2da6,
S35_F02_c006,35,kitchen,S35_F02,F02,A02/A03,train,P01,kitchen/S35_F02/S35_F02_c006.mp4,realsense_480p,640,480,15.0,117,7.8,5392b334b4c113135bd1a99547c35419fedab18ef260cce579bf92e192b9570a,
S35_F02_c007,35,kitchen,S35_F02,F02,A02/A03,train,P01,kitchen/S35_F02/S35_F02_c007.mp4,realsense_480p,640,480,15.0,121,8.067,446c34807981a083ddb98532adee69ef603624f7d55d9d45b3ad3745abff4ecb,
S35_F02_c008,35,kitchen,S35_F02,F02,A02/A03,train,P01,kitchen/S35_F02/S35_F02_c008.mp4,realsense_480p,640,480,15.0,116,7.733,3560d0a3c7150493dc4460a334a7ffe232c693d2ee84b89fcee43e1ee392db2a,
S35_F02_c009,35,kitchen,S35_F02,F02,A02/A03,train,P01,kitchen/S35_F02/S35_F02_c009.mp4,realsense_480p,640,480,15.0,111,7.4,098f76b6991cd3e4bd3483436fde645f177730e44c3fd7d9da5677bc247e5a25,
S35_F02_c010,35,kitchen,S35_F02,F02,A02/A03,train,P01,kitchen/S35_F02/S35_F02_c010.mp4,realsense_480p,640,480,15.0,119,7.933,6ca16892ca65865c4d7ec170736ceb50ae319b63cfaf5e98a1f13da5d606e9bf,
S35_F02_c011,35,kitchen,S35_F02,F02,A02/A03,train,P01,kitchen/S35_F02/S35_F02_c011.mp4,realsense_480p,640,480,15.0,112,7.467,7ab89334192bfdac61f79378965cee764a487f4b1f715197ff5e1a91b2d7d694,
S35_F02_c012,35,kitchen,S35_F02,F02,A02/A03,train,P01,kitchen/S35_F02/S35_F02_c012.mp4,realsense_480p,640,480,15.0,117,7.8,d4106e7262c616bd9fa185fc500accc91f7d490d528972227a816d92c27a5591,
S35_F02_c013,35,kitchen,S35_F02,F02,A02/A03,train,P01,kitchen/S35_F02/S35_F02_c013.mp4,realsense_480p,640,480,15.0,113,7.533,d8dba06329e5b73c5658c0826e3c91185cbbaf048f9cb3b062701cb6c21fd06a,
S35_F02_c014,35,kitchen,S35_F02,F02,A02/A03,train,P01,kitchen/S35_F02/S35_F02_c014.mp4,realsense_480p,640,480,15.0,124,8.267,2e1c016e268467c570b3dcb42c6fb0af49ec7fa9f6a61809ae96e0ddf7ca5ea7,
S35_F02_c015,35,kitchen,S35_F02,F02,A02/A03,train,P01,kitchen/S35_F02/S35_F02_c015.mp4,realsense_480p,640,480,15.0,111,7.4,981e8c2a1b221996641e6f645cfe9737c1f9e459b55a335b9bea94de5225462c,
S35_F02_c016,35,kitchen,S35_F02,F02,A02/A03,train,P05,kitchen/S35_F02/S35_F02_c016.mp4,phone_1080p,1280,720,23.972,95,3.963,4b15c3bd48c4a56f5052adc0ba7de8ba233c28da2bf09302dfcf1818b06b8e9e,
S35_F02_c017,35,kitchen,S35_F02,F02,A02/A03,train,P05,kitchen/S35_F02/S35_F02_c017.mp4,phone_1080p,1280,720,23.912,78,3.262,7043491808958f2600573c7e90ae0ed0dffb7985bcbd43b6fe3e94806033ae0a,
S35_F02_c018,35,kitchen,S35_F02,F02,A02/A03,train,P05,kitchen/S35_F02/S35_F02_c018.mp4,phone_1080p,1280,720,23.911,106,4.433,44824def9eea6e77a0e7bfdd210363cb83aba5380a2a5466d9dfeb0d38ded230,
S35_F02_c019,35,kitchen,S35_F02,F02,A02/A03,train,P05,kitchen/S35_F02/S35_F02_c019.mp4,phone_1080p,1280,720,23.919,123,5.142,a790407dd744328399180cced02038abf0c51a4108c58f4db491696aa2d93683,
S35_F02_c020,35,kitchen,S35_F02,F02,A02/A03,train,P05,kitchen/S35_F02/S35_F02_c020.mp4,phone_1080p,1280,720,23.899,84,3.515,a4843adf510f2a1078f1f2d273275893acc60af32fab52cbbcd2d3518aa189cc,
S35_F02_c021,35,kitchen,S35_F02,F02,A02/A03,train,P02,kitchen/S35_F02/S35_F02_c021.mp4,phone_1080p,1280,720,30.0,178,5.933,b8bd2edd2e49030dcd3d13cbaea749d847b47def487c6eedeea5f3eb344d302e,
S35_F02_c022,35,kitchen,S35_F02,F02,A02/A03,train,P02,kitchen/S35_F02/S35_F02_c022.mp4,phone_1080p,1280,720,30.0,175,5.833,11171890de512d772f3dc6ac3327deac01b024691d389ba4cdb521c18053806d,
S35_F02_c023,35,kitchen,S35_F02,F02,A02/A03,train,P02,kitchen/S35_F02/S35_F02_c023.mp4,phone_1080p,1280,720,30.0,185,6.167,3c4aa451a60221910722308a44538ad369b21de3edce95190d92eae1a7321d17,
S35_F02_c024,35,kitchen,S35_F02,F02,A02/A03,train,P02,kitchen/S35_F02/S35_F02_c024.mp4,phone_1080p,1280,720,30.0,174,5.8,d7d5613e82a83fcb67f75d9ae7d698ee073d52f0c0c46f1d13450c26c6e46bad,
S35_F02_c025,35,kitchen,S35_F02,F02,A02/A03,train,P02,kitchen/S35_F02/S35_F02_c025.mp4,phone_1080p,1280,720,30.0,176,5.867,8d6f65b3412402664a7072849f055ee463a0571ab037b5a4d5b098166b0cbdfd,
S35_F02_c026,35,kitchen,S35_F02,F02,A02/A03,train,P06,kitchen/S35_F02/S35_F02_c026.mp4,phone_1080p,1024,576,29.936,328,10.957,2e5bf5b22925f7c04e6afbdccc85d76251c761b1a5d6534e9b66c86b1cfbaf00,
S35_F02_c027,35,kitchen,S35_F02,F02,A02/A03,train,P06,kitchen/S35_F02/S35_F02_c027.mp4,phone_1080p,1024,576,29.858,210,7.033,57ad497df7ccedd8cb4c882beaa5aca029efd49ccf56303b069d5487f080c5a1,
S35_F02_c028,35,kitchen,S35_F02,F02,A02/A03,train,P06,kitchen/S35_F02/S35_F02_c028.mp4,phone_1080p,1024,576,30.0,215,7.167,a314c9c8941387d45734e43ee267512713aded9177d0162fcfa14101f7eefba9,
S35_F02_c029,35,kitchen,S35_F02,F02,A02/A03,train,P06,kitchen/S35_F02/S35_F02_c029.mp4,phone_1080p,1024,576,30.0,205,6.833,2ac2fc1c33e105de6b993fc246de4e8f110b0a9235c8f18196079e042c190634,
S35_F02_c030,35,kitchen,S35_F02,F02,A02/A03,train,P06,kitchen/S35_F02/S35_F02_c030.mp4,phone_1080p,1024,576,29.887,265,8.867,035033450ae2b225ed37e82939fde2760a3634ca84e098f98c4b2f7c910194c9,
S35_F02_c031,35,kitchen,S35_F02,F02,A02/A03,train,P07,kitchen/S35_F02/S35_F02_c031.mp4,phone_1080p,1024,576,30.0,176,5.867,1ce15dd9ef6a1a65317d1ab2cc46149417f2542fa2e310f76d7c920b4390a9a8,
S35_F02_c032,35,kitchen,S35_F02,F02,A02/A03,train,P07,kitchen/S35_F02/S35_F02_c032.mp4,phone_1080p,1024,576,29.84,187,6.267,b33fc654bee0309fdb27df543e0d768334f8ba9c286ffa23cb9b8268b654423f,
S36_F03_c001,36,kitchen,S36_F03,F03,A04,train,P01,kitchen/S36_F03/S36_F03_c001.mp4,realsense_480p,640,480,15.0,99,6.6,e3271291f8a7b27359969c4ed9f6cb7a5b1c9fb6accdd6745f371f0985023cdc,
S36_F03_c002,36,kitchen,S36_F03,F03,A04,train,P01,kitchen/S36_F03/S36_F03_c002.mp4,realsense_480p,640,480,15.0,114,7.6,5eaa8ebf06674b675f93fa0e7b7f402f7301ccd6bd8a19b340c5d0a04ff043bd,
S36_F03_c003,36,kitchen,S36_F03,F03,A04,train,P01,kitchen/S36_F03/S36_F03_c003.mp4,realsense_480p,640,480,15.0,113,7.533,4ef4e284901aaba72046f8ed755c06977de3d9e1d5e8830eec40532c4afcc362,
S36_F03_c004,36,kitchen,S36_F03,F03,A04,train,P01,kitchen/S36_F03/S36_F03_c004.mp4,realsense_480p,640,480,15.0,122,8.133,d86e31891f9abcb00c492d5b7e9a273c92e41a33f214a0600b7fa92f7e3dfa99,
S36_F03_c005,36,kitchen,S36_F03,F03,A04,train,P01,kitchen/S36_F03/S36_F03_c005.mp4,realsense_480p,640,480,15.0,118,7.867,933de82cd1c9fbf6b1b33ce753da741da1f5650cc5624c7202fbc5b6b33afc57,
S36_F03_c006,36,kitchen,S36_F03,F03,A04,train,P01,kitchen/S36_F03/S36_F03_c006.mp4,realsense_480p,640,480,15.0,119,7.933,9322b529f32a4828f8cb387e167fc78202058a6abbeb729d3ed6140879ca59dd,
S36_F03_c007,36,kitchen,S36_F03,F03,A04,train,P01,kitchen/S36_F03/S36_F03_c007.mp4,realsense_480p,640,480,15.0,121,8.067,5124667cba76fda1e337bc9b6aae464d873afa049ce0b5cee0cea0897b2ad66a,
S36_F03_c008,36,kitchen,S36_F03,F03,A04,train,P01,kitchen/S36_F03/S36_F03_c008.mp4,realsense_480p,640,480,15.0,122,8.133,e20bdb37a78d1a5b81c35b823ca436beecb2c580ba9857f374dab17834cd527f,
S36_F03_c009,36,kitchen,S36_F03,F03,A04,train,P01,kitchen/S36_F03/S36_F03_c009.mp4,realsense_480p,640,480,15.0,121,8.067,733a6da6ca773ad22653c368f56a5caa9506c134196e45889dd68bea96541161,
S36_F03_c010,36,kitchen,S36_F03,F03,A04,train,P01,kitchen/S36_F03/S36_F03_c010.mp4,realsense_480p,640,480,15.0,119,7.933,0ee51f922452b36497ece643bb53486ca75f0c0d31cb0ad0c199f24909f8d64a,
S36_F03_c011,36,kitchen,S36_F03,F03,A04,train,P01,kitchen/S36_F03/S36_F03_c011.mp4,realsense_480p,640,480,15.0,117,7.8,71be795d7b4227484e13380d6d8e36eaff8b2335bba889c00aa5704c87d81f21,
S36_F03_c012,36,kitchen,S36_F03,F03,A04,train,P01,kitchen/S36_F03/S36_F03_c012.mp4,realsense_480p,640,480,15.0,117,7.8,12250c29b51bf208c8e79fdbaf78e6ba8b86e6aa80f6515cfe9918701de0e099,
S36_F03_c013,36,kitchen,S36_F03,F03,A04,train,P01,kitchen/S36_F03/S36_F03_c013.mp4,realsense_480p,640,480,15.0,118,7.867,b788f0756d36f83f636a6db3e66f685337b94188b62845f641d2b6ce4b89c1b6,
S36_F03_c014,36,kitchen,S36_F03,F03,A04,train,P01,kitchen/S36_F03/S36_F03_c014.mp4,realsense_480p,640,480,15.0,118,7.867,d7c004b4573be9e619f618e6d7a4aa9a4d8cd5c70febaee7afa210c2c2d44332,
S36_F03_c015,36,kitchen,S36_F03,F03,A04,train,P01,kitchen/S36_F03/S36_F03_c015.mp4,realsense_480p,640,480,15.0,85,5.667,7bb5e2d41112f30d1aec6d79fbe9c7b324fb86ab9b9dbd2aad4130d306e2f8ba,
S36_F03_c016,36,kitchen,S36_F03,F03,A04,train,P01,kitchen/S36_F03/S36_F03_c016.mp4,realsense_480p,640,480,15.0,89,5.933,2ea9c725ee8b38f2f969fa693ae5f444111386fdba922f713083cd57af4625c3,
S36_F03_c017,36,kitchen,S36_F03,F03,A04,train,P01,kitchen/S36_F03/S36_F03_c017.mp4,realsense_480p,640,480,15.0,94,6.267,3ebc92099a0756fba0c1dcdfd9e9dd44df7958fca61ab53b04158543bfb2fe74,
S36_F03_c018,36,kitchen,S36_F03,F03,A04,train,P02,kitchen/S36_F03/S36_F03_c018.mp4,phone_1080p,1280,720,30.0,153,5.1,67510e9165cc6cd840c94807f473b26741d6d71ade9be0d30eb1bac6b42fc349,
S36_F03_c019,36,kitchen,S36_F03,F03,A04,train,P02,kitchen/S36_F03/S36_F03_c019.mp4,phone_1080p,1280,720,30.0,166,5.533,03e95d3dd00466ab2d0d76a217b2f4d5b016aa622ff0377d9feb2c62520f6638,
S36_F03_c020,36,kitchen,S36_F03,F03,A04,train,P02,kitchen/S36_F03/S36_F03_c020.mp4,phone_1080p,1280,720,30.0,131,4.367,29b09144e7d483c2a165c19b153815c9e9f564167c7f5f8fbf162ced60128f24,
S36_F03_c021,36,kitchen,S36_F03,F03,A04,train,P02,kitchen/S36_F03/S36_F03_c021.mp4,phone_1080p,1280,720,30.0,150,5.0,ddebee5561c79be7a6e1de360a666df7d8509987f0b80074ea8ec5d5aa6f5936,
S36_F03_c022,36,kitchen,S36_F03,F03,A04,train,P02,kitchen/S36_F03/S36_F03_c022.mp4,phone_1080p,1280,720,30.0,162,5.4,1a672612ce4cbe6ac6bc0ee73f73ee86a0c53fecb3b77cdcd59db3fe01a6f930,
S36_F03_c023,36,kitchen,S36_F03,F03,A04,train,P02,kitchen/S36_F03/S36_F03_c023.mp4,phone_1080p,1280,720,30.0,178,5.933,df8bd9f3bd2a43e05776066c0bc57c3719d65c39a316a751545db5fea5516926,
S36_F03_c024,36,kitchen,S36_F03,F03,A04,train,P02,kitchen/S36_F03/S36_F03_c024.mp4,phone_1080p,1280,720,30.0,154,5.133,0a8f7ae3b5ee85271454065cdfb8e10fe9158fb2f61c5c93ae75e6b433e65439,
S36_F03_c025,36,kitchen,S36_F03,F03,A04,train,P02,kitchen/S36_F03/S36_F03_c025.mp4,phone_1080p,1280,720,30.0,179,5.967,d69cb51b5c397ce0599b6ca6faf8f3ee1d07c7f4e4e037fca8096da9279435ee,
S36_F03_c026,36,kitchen,S36_F03,F03,A04,train,P02,kitchen/S36_F03/S36_F03_c026.mp4,phone_1080p,1280,720,30.0,96,3.2,b2ca2e9a8cc0bf338313b3c000a707919140f12dbd4455fed05b3f1b7d222806,
S36_F03_c027,36,kitchen,S36_F03,F03,A04,train,P02,kitchen/S36_F03/S36_F03_c027.mp4,phone_1080p,1280,720,30.0,133,4.433,c83b4f606ef0b5c3dd26cb3b4b1719c48dc54cbffe4fcaacac1ea3baa3abe992,
S36_F03_c028,36,kitchen,S36_F03,F03,A04,train,P02,kitchen/S36_F03/S36_F03_c028.mp4,phone_1080p,1280,720,30.0,143,4.767,106c0a9f678c0b1500d6ae17399ffc4163c5546e8ae6acfec5d5eb342a467aeb,
S36_F03_c029,36,kitchen,S36_F03,F03,A04,train,P02,kitchen/S36_F03/S36_F03_c029.mp4,phone_1080p,1280,720,30.0,153,5.1,55a83dc3cd2db4607355a709742f1ebcaaf473fdde08cdbd9485ad0c4fab5946,
S36_F03_c030,36,kitchen,S36_F03,F03,A04,train,P06,kitchen/S36_F03/S36_F03_c030.mp4,phone_1080p,1120,576,30.0,66,2.2,e33f0d3d145890e97490cc5f958b95e3038327c72f45ca1057e9bc8428c9ceef,
S36_F03_c031,36,kitchen,S36_F03,F03,A04,train,P06,kitchen/S36_F03/S36_F03_c031.mp4,phone_1080p,1024,576,30.0,83,2.767,2b17d9ae8f793ac125f22cf01a1564a426a96311c36e227fd875853931c2a754,
S36_F03_c032,36,kitchen,S36_F03,F03,A04,train,P06,kitchen/S36_F03/S36_F03_c032.mp4,phone_1080p,1024,576,30.0,74,2.467,ba23a20373ef583c7bfea5ba956538181ad590d4e13e3c9cc36c5d0156f86522,
S36_F03_c033,36,kitchen,S36_F03,F03,A04,train,P06,kitchen/S36_F03/S36_F03_c033.mp4,phone_1080p,1024,576,30.0,50,1.667,d0a90bfd3ee23dde5bf724f868df09e1ea8fe722911547fcd85ae30f1692c84e,
S36_F03_c034,36,kitchen,S36_F03,F03,A04,train,P06,kitchen/S36_F03/S36_F03_c034.mp4,phone_1080p,1024,576,30.0,86,2.867,1895c10f52e9db51c2dd4b8958bf6d115fed28d81677b601a61659b832e035c3,
S36_F03_c035,36,kitchen,S36_F03,F03,A04,train,P06,kitchen/S36_F03/S36_F03_c035.mp4,phone_1080p,1024,576,25.0,89,3.56,b5186730500a543880dc8505c7a560b2a2657976c5dad9e8aa86f488b78222b9,
S36_F03_c036,36,kitchen,S36_F03,F03,A04,train,P06,kitchen/S36_F03/S36_F03_c036.mp4,phone_1080p,1024,576,30.0,86,2.867,f33e4201ced4a6e0b636d421f8e9d4165b637a71705891b83c9319a44f5fc7c2,
S36_F03_c037,36,kitchen,S36_F03,F03,A04,train,P06,kitchen/S36_F03/S36_F03_c037.mp4,phone_1080p,1024,576,25.0,79,3.16,c886df6701d262e99cfb8f6a54ca0c1dc8fab741e578e39a50e89f7481340c1f,
S37_F03_c001,37,kitchen,S37_F03,F03,A13,train,P05,kitchen/S37_F03/S37_F03_c001.mp4,phone_1080p,1080,1920,29.97,134,4.471,c11b5b0b439e43bf8272faf0d8102ff512fe7ecde4e99a9b36e60e55dab1e6e8,
S37_F03_c002,37,kitchen,S37_F03,F03,A13,train,P05,kitchen/S37_F03/S37_F03_c002.mp4,phone_1080p,1080,1920,29.97,110,3.67,df849b4d30348c543d9a5518dc18a872139e82b09a7a227ac9ae8180be892ead,
S37_F03_c003,37,kitchen,S37_F03,F03,A13,train,P05,kitchen/S37_F03/S37_F03_c003.mp4,phone_1080p,1080,1920,29.97,114,3.804,a1e87edbe7bef1004ceca7f75f22a856010bfe66cd72c070a3d62f1c0cb5bda6,
S37_F03_c004,37,kitchen,S37_F03,F03,A13,train,P05,kitchen/S37_F03/S37_F03_c004.mp4,phone_1080p,1080,1920,29.97,125,4.171,f66c96735094cdb387e23735f70c7e4d5ed6ec09ab685ae9c12b4f4286066ba1,
S37_F03_c005,37,kitchen,S37_F03,F03,A13,train,P05,kitchen/S37_F03/S37_F03_c005.mp4,phone_1080p,1080,1920,29.97,119,3.971,0bcc5397099c638681e43b1facf3dee6841d19cc5cb72658a0fdd9ad8913c244,
S37_F03_c006,37,kitchen,S37_F03,F03,A13,train,P04,kitchen/S37_F03/S37_F03_c006.mp4,phone_1080p,1080,1920,29.97,145,4.838,29dd1c1fb42bc56c1b22824479245b9361dd9426cca93a4c91009fb5daf8ffb3,
S37_F03_c007,37,kitchen,S37_F03,F03,A13,train,P04,kitchen/S37_F03/S37_F03_c007.mp4,phone_1080p,1080,1920,29.97,128,4.271,23cf594f567c58cbe9d0d0ce5ec8365d64d7acb1afbce8b59346ad766b28adc0,
S37_F03_c008,37,kitchen,S37_F03,F03,A13,train,P04,kitchen/S37_F03/S37_F03_c008.mp4,phone_1080p,1080,1920,29.97,127,4.238,f86f0a9d63056df0d517c7ec984c8671131d4fb58fa9349ee5eed782e128d8a1,
S37_F03_c009,37,kitchen,S37_F03,F03,A13,train,P04,kitchen/S37_F03/S37_F03_c009.mp4,phone_1080p,1080,1920,29.97,151,5.038,8e6fa8ac528f24548396d1b04c2fdf6c1026f271cf9755f7058d46e1c37388c8,
S37_F03_c010,37,kitchen,S37_F03,F03,A13,train,P04,kitchen/S37_F03/S37_F03_c010.mp4,phone_1080p,1080,1920,29.97,152,5.072,529fd3301e8cf77505bca846ec77c63730491a192af62202b7c6f04bf3f084f7,
S37_F03_c011,37,kitchen,S37_F03,F03,A13,train,P04,kitchen/S37_F03/S37_F03_c011.mp4,phone_1080p,1080,1920,29.97,129,4.304,b7e6188e141204e3b224acfa5a85fd3903dca89a6dee7e68fcef0523db74b0ca,
S37_F03_c012,37,kitchen,S37_F03,F03,A13,train,P09,kitchen/S37_F03/S37_F03_c012.mp4,phone_1080p,1080,1920,29.97,107,3.57,66c82b4049b1cee9c727e8e004552ae6ac8f14e871f703e77d9f80e0f4d5d39c,
S37_F03_c013,37,kitchen,S37_F03,F03,A13,train,P09,kitchen/S37_F03/S37_F03_c013.mp4,phone_1080p,1080,1920,29.97,101,3.37,a9c3df2a564d6017bd1b16bc8e51b048acfb4fe5f3a6bb0989a507cb9da014c2,
S37_F03_c014,37,kitchen,S37_F03,F03,A13,train,P09,kitchen/S37_F03/S37_F03_c014.mp4,phone_1080p,1080,1920,29.97,131,4.371,4a49a1951099c5653f5a12701686adea30b79e05e083fbe9644c5b0b732b29a2,
S37_F03_c015,37,kitchen,S37_F03,F03,A13,train,P09,kitchen/S37_F03/S37_F03_c015.mp4,phone_1080p,1080,1920,29.97,121,4.037,7c0e342ae8c98637bb47c787f8d44d653e3349760eeff5f902a24dd5f7a207c8,
S37_F03_c016,37,kitchen,S37_F03,F03,A13,train,P09,kitchen/S37_F03/S37_F03_c016.mp4,phone_1080p,1080,1920,29.97,108,3.604,e2ba08822f1b6de9eb2c37a88b55eb9a0501a927bc78a4f42b37c857755ec2b5,
S37_F03_c017,37,kitchen,S37_F03,F03,A13,train,P01,kitchen/S37_F03/S37_F03_c017.mp4,realsense_480p,640,480,15.0,123,8.2,53767d24fb7444ed6af87861c58420fbb2036cfb2677be1b6ddbd097559f8479,
S37_F03_c018,37,kitchen,S37_F03,F03,A13,train,P01,kitchen/S37_F03/S37_F03_c018.mp4,realsense_480p,640,480,15.0,120,8.0,acde58a3b7e84fc376fd403d761780a34400b79fc706e90188e32dcfd01c6d30,
S37_F03_c019,37,kitchen,S37_F03,F03,A13,train,P01,kitchen/S37_F03/S37_F03_c019.mp4,realsense_480p,640,480,15.0,118,7.867,5bc48e54808080bd6f07430cdcfa5df53ef0da6c6e0bf7aaa3fae0fe5a6b91a2,
S37_F03_c020,37,kitchen,S37_F03,F03,A13,train,P01,kitchen/S37_F03/S37_F03_c020.mp4,realsense_480p,640,480,15.0,125,8.333,4a511a75cc683ab3039726056d175625a14b5767bc3b4144cdb73c50ffe96404,
S37_F03_c021,37,kitchen,S37_F03,F03,A13,train,P01,kitchen/S37_F03/S37_F03_c021.mp4,realsense_480p,640,480,15.0,115,7.667,904d7e77e7c07d79eecdc524c0382492754696c7265b158a2b97547674834c3f,
S37_F03_c022,37,kitchen,S37_F03,F03,A13,train,P01,kitchen/S37_F03/S37_F03_c022.mp4,realsense_480p,640,480,15.0,119,7.933,dc11561228ca670814b52c7e4c9a7a38fdace1bb282d9826ff505ac8355b766c,
S37_F03_c023,37,kitchen,S37_F03,F03,A13,train,P01,kitchen/S37_F03/S37_F03_c023.mp4,realsense_480p,640,480,15.0,115,7.667,b6bbfd272f53546b425e341aa1818c9b69dc9e0c5eaf0daa9351ba86f15015cb,
S37_F03_c024,37,kitchen,S37_F03,F03,A13,train,P01,kitchen/S37_F03/S37_F03_c024.mp4,realsense_480p,640,480,15.0,164,10.933,6001bb3d6c0d7f9743f1e665f1443299568445e3d876194ea5c96099f94bf3a6,
S37_F03_c025,37,kitchen,S37_F03,F03,A13,train,P01,kitchen/S37_F03/S37_F03_c025.mp4,realsense_480p,640,480,15.0,127,8.467,f0e13b15852f8b591133277f547ab3f615cb571b616305016f9c2fb0d15fc994,
S37_F03_c026,37,kitchen,S37_F03,F03,A13,train,P01,kitchen/S37_F03/S37_F03_c026.mp4,realsense_480p,640,480,15.0,112,7.467,afc3dd3ab89e0fe2aa5ab2f25a49cb1315ecdf5e4fa91bd86dbe626792943cdb,
S37_F03_c027,37,kitchen,S37_F03,F03,A13,train,P01,kitchen/S37_F03/S37_F03_c027.mp4,realsense_480p,640,480,15.0,115,7.667,2b8d9a03ad093099201a066bcbb0e348ee5fd38e4ac5aa4198f0efe0b8977e15,
S37_F03_c028,37,kitchen,S37_F03,F03,A13,train,P01,kitchen/S37_F03/S37_F03_c028.mp4,realsense_480p,640,480,15.0,123,8.2,612e67f467c528efcfa05ae28f748786b43b4a68485cc36b6d8dac891671946e,
S37_F03_c029,37,kitchen,S37_F03,F03,A13,train,P01,kitchen/S37_F03/S37_F03_c029.mp4,realsense_480p,640,480,15.0,122,8.133,f77f510f1c22ec9faa0e100e1c510d391811320ae1b041884913621f2f7072ce,
S37_F03_c030,37,kitchen,S37_F03,F03,A13,train,P02,kitchen/S37_F03/S37_F03_c030.mp4,phone_1080p,1280,720,30.0,209,6.967,c73ab46797005ec281245b9fbca197b84b2e8a924d5b291b5de65ec47dd34792,
S37_F03_c031,37,kitchen,S37_F03,F03,A13,train,P02,kitchen/S37_F03/S37_F03_c031.mp4,phone_1080p,1280,720,30.0,177,5.9,30852770e31f572f961a4e22f9ad3e59bd80a636e3a428d4e8eeced76802e024,
S37_F03_c032,37,kitchen,S37_F03,F03,A13,train,P02,kitchen/S37_F03/S37_F03_c032.mp4,phone_1080p,1280,720,30.0,171,5.7,08bf99a02c5749b24998130e2e04e3c6b97f0235b9128e193b94b2460f1bff32,
S37_F03_c033,37,kitchen,S37_F03,F03,A13,train,P02,kitchen/S37_F03/S37_F03_c033.mp4,phone_1080p,1280,720,30.0,164,5.467,09b549163c61f0687a7ef556e00ce6d5e1cc9e2053ad3a7c9af260620ee72d8b,
S37_F03_c034,37,kitchen,S37_F03,F03,A13,train,P02,kitchen/S37_F03/S37_F03_c034.mp4,phone_1080p,1280,720,30.0,166,5.533,acfd308501dbb8858707ad677227b2b144f3d0c84977ba4173ae4b48428da6aa,
S37_F03_c035,37,kitchen,S37_F03,F03,A13,train,P02,kitchen/S37_F03/S37_F03_c035.mp4,phone_1080p,1280,720,30.0,156,5.2,4c0d9edcd9664a7a5f80f59bf0706b53cceca383c325cbb8fc3ecdefdacd58d4,
S37_F03_c036,37,kitchen,S37_F03,F03,A13,train,P02,kitchen/S37_F03/S37_F03_c036.mp4,phone_1080p,1280,720,30.0,172,5.733,3e26f578dac65d7e0990ae0baf88f00502fd053fcd31150120cb716c38c73717,
S37_F03_c037,37,kitchen,S37_F03,F03,A13,train,P02,kitchen/S37_F03/S37_F03_c037.mp4,phone_1080p,1280,720,30.0,179,5.967,2c723bcf30471641b9e2746646aab73640937a55a9b3d6b147539fcfb0a9e39e,
S37_F03_c038,37,kitchen,S37_F03,F03,A13,train,P02,kitchen/S37_F03/S37_F03_c038.mp4,phone_1080p,1280,720,30.005,186,6.199,cef6e8142fc8cb39fa2998f516874b4bc17e4dfefbc96231acbbe7bc8186d367,
S37_F03_c039,37,kitchen,S37_F03,F03,A13,train,P02,kitchen/S37_F03/S37_F03_c039.mp4,phone_1080p,1280,720,30.005,166,5.532,e166f29a723c4d76ccecd120cdb5aafb1e44eff2767388590e3b7012dc186127,
S37_F03_c040,37,kitchen,S37_F03,F03,A13,train,P02,kitchen/S37_F03/S37_F03_c040.mp4,phone_1080p,1280,720,30.005,169,5.632,b97ac700dcbdc0f448a6e5798bf3a485582ca0f73ff94640dcdcdd9cc1e7464b,
S37_F03_c041,37,kitchen,S37_F03,F03,A13,train,P02,kitchen/S37_F03/S37_F03_c041.mp4,phone_1080p,1280,720,30.005,171,5.699,65d12ae337909128df2b7eec8dd335f3346638f66e8c06d57f791cddd5669096,
S37_F03_c042,37,kitchen,S37_F03,F03,A13,train,P06,kitchen/S37_F03/S37_F03_c042.mp4,phone_1080p,576,1024,29.876,241,8.067,d16db7fb49d195be133ec8e78779e1e37f7b3c33a77f827ba098887cb8b12f01,
S37_F03_c043,37,kitchen,S37_F03,F03,A13,train,P06,kitchen/S37_F03/S37_F03_c043.mp4,phone_1080p,576,1024,29.882,253,8.467,7824a0e15138078a6d9b7fa4c5ec28394bbd66a10a315bd8774bd765f0435a31,
S37_F03_c044,37,kitchen,S37_F03,F03,A13,train,P06,kitchen/S37_F03/S37_F03_c044.mp4,phone_1080p,576,1024,29.85,199,6.667,f4fbc63441cf34e8a7d32d206cd0fd3911f89e8060715b38441d9afa1e08f5a7,
S37_F03_c045,37,kitchen,S37_F03,F03,A13,train,P06,kitchen/S37_F03/S37_F03_c045.mp4,phone_1080p,576,1024,30.0,214,7.133,a9de4e926e599f4a94a0e201f8c26cf05c4fded89c5a111d55b371b119fd55af,
S37_F03_c046,37,kitchen,S37_F03,F03,A13,train,P07,kitchen/S37_F03/S37_F03_c046.mp4,phone_1080p,576,1024,29.81,157,5.267,9a3687fce819554a903a160e63035b5f9aa1f4584f9a10c7ce1f45d67d37f03b,
S37_F03_c047,37,kitchen,S37_F03,F03,A13,train,P07,kitchen/S37_F03/S37_F03_c047.mp4,phone_1080p,576,1024,30.0,182,6.067,000f8d622325d33cf80325de5c7e58e5c692505a054a11aa6a8e1a971c6a49b3,
S37_F03_c048,37,kitchen,S37_F03,F03,A13,train,P07,kitchen/S37_F03/S37_F03_c048.mp4,phone_1080p,576,1024,30.0,183,6.1,0d6623aae07010d2da72decf74255c084ecfd002189ac42c87bdc38f026baa65,
S37_F03_c049,37,kitchen,S37_F03,F03,A13,train,P07,kitchen/S37_F03/S37_F03_c049.mp4,phone_1080p,576,1024,29.819,165,5.533,4d1971de40b1caad92c6509f766d7b1bee1bd85bb7d6777898ba935da657a44a,
S37_F03_c050,37,kitchen,S37_F03,F03,A13,train,P06,kitchen/S37_F03/S37_F03_c050.mp4,phone_1080p,576,1024,29.863,218,7.3,cec35bf4d5646e3d6d35947696f8c2de8532fa28204adc9d081643463c81be0c,
S38_F04_c001,38,kitchen,S38_F04,F04,A05,train,P01,kitchen/S38_F04/S38_F04_c001.mp4,realsense_480p,640,480,15.0,86,5.733,08f8b3e445a8dad221da61f3de7a3d18c92dd2c88e6d8842422b4dd4d9f66fb5,
S38_F04_c002,38,kitchen,S38_F04,F04,A05,train,P01,kitchen/S38_F04/S38_F04_c002.mp4,realsense_480p,640,480,15.0,130,8.667,52e8fe99512795412e8d8d2b0ff942ea206ec97bf411197719df6017f7213560,
S38_F04_c003,38,kitchen,S38_F04,F04,A05,train,P01,kitchen/S38_F04/S38_F04_c003.mp4,realsense_480p,640,480,15.0,135,9.0,3046e916bc8a0c1cbab42dacd86f40522850d924f164336504955ffeae772748,
S38_F04_c004,38,kitchen,S38_F04,F04,A05,train,P01,kitchen/S38_F04/S38_F04_c004.mp4,realsense_480p,640,480,15.0,125,8.333,612c0d44d5cf64532c5a89054e91963023b12654d2f05bb91df3a82d21620f6f,
S38_F04_c005,38,kitchen,S38_F04,F04,A05,train,P01,kitchen/S38_F04/S38_F04_c005.mp4,realsense_480p,640,480,15.0,113,7.533,fd7a164cf840231c57754c31949d6a48520cc383761750f67d9d5681420ec2c1,
S38_F04_c006,38,kitchen,S38_F04,F04,A05,train,P01,kitchen/S38_F04/S38_F04_c006.mp4,realsense_480p,640,480,15.0,123,8.2,469d7b96327034472125865fc561f4bf60b53e47a82400d0389a992ba2303477,
S38_F04_c007,38,kitchen,S38_F04,F04,A05,train,P01,kitchen/S38_F04/S38_F04_c007.mp4,realsense_480p,640,480,15.0,119,7.933,abe6e2dcee20cd7122f9356e4682170616c612ddb4a06330433afa2eecfffcf4,
S38_F04_c008,38,kitchen,S38_F04,F04,A05,train,P01,kitchen/S38_F04/S38_F04_c008.mp4,realsense_480p,640,480,15.0,120,8.0,ae363ac3f37dcad6eab443a5043b9004795c2fc7759b455e44ddb8b7791a34d7,
S38_F04_c009,38,kitchen,S38_F04,F04,A05,train,P01,kitchen/S38_F04/S38_F04_c009.mp4,realsense_480p,640,480,15.0,119,7.933,8098d451f4ccfd2ce2564c0c7f2fed3d57dd328030f0cd25ba920530bf68abe2,
S38_F04_c010,38,kitchen,S38_F04,F04,A05,train,P01,kitchen/S38_F04/S38_F04_c010.mp4,realsense_480p,640,480,15.0,126,8.4,b1be099a44f886cf03190fe9fbe3b2874a299cac9dc8e0d823e9c7a3c74e693b,
S38_F04_c011,38,kitchen,S38_F04,F04,A05,train,P01,kitchen/S38_F04/S38_F04_c011.mp4,realsense_480p,640,480,15.0,120,8.0,1f6c0f93f1506ad1882e4cfe6f86effc4fe160f0be5de4b0e0cf40176a62c187,
S38_F04_c012,38,kitchen,S38_F04,F04,A05,train,P01,kitchen/S38_F04/S38_F04_c012.mp4,realsense_480p,640,480,15.0,120,8.0,3613011fa90179c27c67abbc4107007de8a1915ef7e3c0bfb466e275a79e20e6,
S38_F04_c013,38,kitchen,S38_F04,F04,A05,train,P01,kitchen/S38_F04/S38_F04_c013.mp4,realsense_480p,640,480,15.0,117,7.8,b962107f05c2d3a587e5fbea1bc791e1fc6aa57f1e66723e89aecb8c8c9ffde6,
S38_F04_c014,38,kitchen,S38_F04,F04,A05,train,P01,kitchen/S38_F04/S38_F04_c014.mp4,realsense_480p,640,480,15.0,119,7.933,9e36c72d0766209cdee5491a3aae10acfc02e505667daa18604ad652967442a1,
S38_F04_c015,38,kitchen,S38_F04,F04,A05,train,P01,kitchen/S38_F04/S38_F04_c015.mp4,realsense_480p,640,480,15.0,116,7.733,013e332639bd9c0ad7468884a3f657fa1e45fe437a5e4ce76fbb4c6b3b084f55,
S38_F04_c016,38,kitchen,S38_F04,F04,A05,train,P01,kitchen/S38_F04/S38_F04_c016.mp4,realsense_480p,640,480,15.0,118,7.867,cf5a3a96c5aa94ab7e58d047d73995c7cba4a0b74850c7b7960b9889ff00b688,
S38_F04_c017,38,kitchen,S38_F04,F04,A05,train,P01,kitchen/S38_F04/S38_F04_c017.mp4,realsense_480p,640,480,15.0,118,7.867,53ea8ccf61774a38c94cb068ff3ca79bf91d8ac4d5fb87353f413e32cc98406b,
S38_F04_c018,38,kitchen,S38_F04,F04,A05,train,P04,kitchen/S38_F04/S38_F04_c018.mp4,phone_1080p,1280,720,23.887,138,5.777,c7194e1587e4031698baec1ebd22efe61d95585d6694cfe047190be23a3c5e9e,
S38_F04_c019,38,kitchen,S38_F04,F04,A05,train,P04,kitchen/S38_F04/S38_F04_c019.mp4,phone_1080p,1280,720,23.976,121,5.047,ef8d518c5de48828f2f23abc5a61de673bc7d91ee011f2a7f26545fc7189d458,
S38_F04_c020,38,kitchen,S38_F04,F04,A05,train,P02,kitchen/S38_F04/S38_F04_c020.mp4,phone_1080p,1280,720,30.0,170,5.667,54f7e074be803bc9a6c8569b9b2175c70fb1cc340f88edd201cfbdb6ab02d012,
S38_F04_c021,38,kitchen,S38_F04,F04,A05,train,P02,kitchen/S38_F04/S38_F04_c021.mp4,phone_1080p,1280,720,30.0,169,5.633,0d26886f9a0a1a91ad8c5f9377181101ee8721d6761769d66beeadcf1e1aff47,
S38_F04_c022,38,kitchen,S38_F04,F04,A05,train,P02,kitchen/S38_F04/S38_F04_c022.mp4,phone_1080p,1280,720,30.0,171,5.7,5adc51060a379cf65b5764965f86052a81290686dd929531e3d813b033e4fff8,
S38_F04_c023,38,kitchen,S38_F04,F04,A05,train,P02,kitchen/S38_F04/S38_F04_c023.mp4,phone_1080p,1280,720,30.0,168,5.6,da29ec9748d7abeb22769658aa13b374e9aaeb4d1402d87d62c52c2a659f0b7d,
S38_F04_c024,38,kitchen,S38_F04,F04,A05,train,P02,kitchen/S38_F04/S38_F04_c024.mp4,phone_1080p,1280,720,30.0,172,5.733,4a118c551dba44327824212845f39760823ce505c9cd2ecbc65746ac69cf957c,
S38_F04_c025,38,kitchen,S38_F04,F04,A05,train,P02,kitchen/S38_F04/S38_F04_c025.mp4,phone_1080p,1280,720,30.0,182,6.067,7c779507a26e85f0ff26a81c25557cfa14fed0dfd5ce31b150d32b003559c6ec,
S38_F04_c026,38,kitchen,S38_F04,F04,A05,train,P02,kitchen/S38_F04/S38_F04_c026.mp4,phone_1080p,1280,720,30.0,170,5.667,382deb931a1a23f69011c426bab7b7f13840db46aac5a8087ddb8c7224059a6c,
S38_F04_c027,38,kitchen,S38_F04,F04,A05,train,P02,kitchen/S38_F04/S38_F04_c027.mp4,phone_1080p,1280,720,30.0,169,5.633,b1f6d1976962dd021f3afdd956e397e746dce4c82e2a3a45ca09e3ff77b4b337,
S38_F04_c028,38,kitchen,S38_F04,F04,A05,train,P02,kitchen/S38_F04/S38_F04_c028.mp4,phone_1080p,1280,720,30.0,171,5.7,e03aa92c013909aa4c18d684771b2930e628419df2a65d0280afb755163678fe,
S38_F04_c029,38,kitchen,S38_F04,F04,A05,train,P02,kitchen/S38_F04/S38_F04_c029.mp4,phone_1080p,1280,720,30.0,170,5.667,adfab6887a7d659db6c6f90ac1c77ac47cd3a74c7bd6600975da10800b8e48f4,
S38_F04_c030,38,kitchen,S38_F04,F04,A05,train,P02,kitchen/S38_F04/S38_F04_c030.mp4,phone_1080p,1280,720,30.0,169,5.633,345bf929e297b817baf61bf4c204a63a2a5f3271cfc306803403460713262b6c,
S38_F04_c031,38,kitchen,S38_F04,F04,A05,train,P02,kitchen/S38_F04/S38_F04_c031.mp4,phone_1080p,1280,720,30.0,171,5.7,5db51a3cab7738f6c140ffa5429ba791319aab5ea58ccdc8ce611ffa85341f66,
S39_F04_c001,39,kitchen,S39_F04,F04,A05,train,P06,kitchen/S39_F04/S39_F04_c001.MOV,phone_4k,3840,2160,29.992,189,6.302,2114597ad9b1402451d46d98527c1b8329c225fc418003b816c206e5b8bda189,2026-07-28T15:54:31
S39_F04_c002,39,kitchen,S39_F04,F04,A05,train,P06,kitchen/S39_F04/S39_F04_c002.MOV,phone_4k,3840,2160,29.992,184,6.135,1ad14133c9a2746a365893aedfe73a24e4dca2d73c413f57424c9008365c67bc,2026-07-28T15:54:39
S39_F04_c003,39,kitchen,S39_F04,F04,A05,train,P06,kitchen/S39_F04/S39_F04_c003.MOV,phone_4k,3840,2160,30.0,162,5.4,12159f3f5b9887d4fde7a376178733d798ea457ee171ec6a40e5375cb1215e95,2026-07-28T15:55:25
S39_F04_c004,39,kitchen,S39_F04,F04,A05,train,P06,kitchen/S39_F04/S39_F04_c004.MOV,phone_4k,3840,2160,30.0,157,5.233,f975e0bdb5881789526bbe1e7ffaa94222b61c65e0d9e0dc50ae45264d75310b,2026-07-28T15:55:41
S39_F04_c005,39,kitchen,S39_F04,F04,A05,train,P06,kitchen/S39_F04/S39_F04_c005.MOV,phone_4k,3840,2160,30.0,185,6.167,a30aac0bc3a09220ded3c0c58b174b1c8365275c45733fadb7b83e0d19158f79,2026-07-28T15:56:34
S39_F04_c006,39,kitchen,S39_F04,F04,A05,train,P06,kitchen/S39_F04/S39_F04_c006.MOV,phone_4k,3840,2160,30.0,203,6.767,a6b0660f3531025e39b56438f1ff01f2609ec6e226e37a0c6fc59f986d75b5ee,2026-07-28T15:56:44
S39_F04_c007,39,kitchen,S39_F04,F04,A05,train,P06,kitchen/S39_F04/S39_F04_c007.MOV,phone_4k,3840,2160,29.992,182,6.068,c717ff6640677d8697eb015ef40d18ed9876f8fe469703fc1574ded94f3419e0,2026-07-28T15:57:01
S39_F04_c008,39,kitchen,S39_F04,F04,A05,train,P06,kitchen/S39_F04/S39_F04_c008.MOV,phone_4k,3840,2160,29.993,204,6.802,ee5d3777dcaedd61b8ca664af671b8c132ec650dfb29b504a591ce9a5f10af1e,2026-07-28T15:57:17
S39_F04_c009,39,kitchen,S39_F04,F04,A05,train,P06,kitchen/S39_F04/S39_F04_c009.MOV,phone_4k,3840,2160,29.992,185,6.168,4e5ff68af098db1694984905d14d68e571495e09181ed9d57aeb32cab4514518,2026-07-28T15:57:40
S39_F04_c010,39,kitchen,S39_F04,F04,A05,train,P06,kitchen/S39_F04/S39_F04_c010.MOV,phone_4k,3840,2160,29.992,189,6.302,b29592f3e41076ee5f80e50068acf324d68e1327953af2e57ed3fb1213f76384,2026-07-28T15:57:49
S39_F04_c011,39,kitchen,S39_F04,F04,A05,train,P06,kitchen/S39_F04/S39_F04_c011.MOV,phone_4k,3840,2160,30.0,222,7.4,66a92751484695201358bb7d3687fecb4b2e222469b4e6aaeda5e7e65289bd3c,2026-07-28T15:57:59
S39_F04_c012,39,kitchen,S39_F04,F04,A05,train,P06,kitchen/S39_F04/S39_F04_c012.MOV,phone_4k,3840,2160,30.0,191,6.367,67c5ffc6903cf1c469a57b2c9738d90ca4fe1c68c16676fc6f9ac8b6add4d198,2026-07-28T15:58:16
S39_F04_c013,39,kitchen,S39_F04,F04,A05,train,P06,kitchen/S39_F04/S39_F04_c013.MOV,phone_4k,3840,2160,29.992,191,6.368,70ee36b390fd0629ae89bcf2272690d7347290c0c9c1e3fc33b9bfa9158c9c4d,2026-07-28T15:58:53
S39_F04_c014,39,kitchen,S39_F04,F04,A05,train,P06,kitchen/S39_F04/S39_F04_c014.MOV,phone_4k,3840,2160,29.992,187,6.235,5c186c8a62057b15fde3bd40766d6d67b79a4fd88472e94a6afb21443789e2da,2026-07-28T15:59:39
S39_F04_c015,39,kitchen,S39_F04,F04,A05,train,P06,kitchen/S39_F04/S39_F04_c015.MOV,phone_4k,3840,2160,30.0,184,6.133,9536f4d759a5c29b8e895b390607d35629e832d7d14635b481b12d7bad1aa50b,2026-07-28T15:59:49
S39_F04_c016,39,kitchen,S39_F04,F04,A05,train,P06,kitchen/S39_F04/S39_F04_c016.MOV,phone_4k,3840,2160,30.0,203,6.767,52f24b687e5790499598c1410935a6e6644752d1bb457868a4789d729c192eed,2026-07-28T16:00:02
S39_F04_c017,39,kitchen,S39_F04,F04,A05,train,P02,kitchen/S39_F04/S39_F04_c017.mp4,phone_1080p,1280,720,29.709,199,6.698,8e7f9af6e57cccfb8aad58bc93d2e01b0a96caa20a8bac6c887a25fc16cbba0a,2026-07-28T15:11:14
S39_F04_c018,39,kitchen,S39_F04,F04,A05,train,P02,kitchen/S39_F04/S39_F04_c018.mp4,phone_1080p,1280,720,30.008,185,6.165,509c939224ddd55426bf3d56a183bb11105b2f9f2b26c65d4619dc27dbf82eef,2026-07-28T15:11:29
S39_F04_c019,39,kitchen,S39_F04,F04,A05,train,P02,kitchen/S39_F04/S39_F04_c019.mp4,phone_1080p,1280,720,30.007,175,5.832,f478b55d7f8fde090728f07797552b970135c2a92ca76443d779dcf1b79b29af,2026-07-28T15:12:14
S39_F04_c020,39,kitchen,S39_F04,F04,A05,train,P02,kitchen/S39_F04/S39_F04_c020.mp4,phone_1080p,1280,720,29.828,166,5.565,2c878302a9ffd4e9b7df6c8d798bf51224a592753b11ba63fc0ad73989308ff8,2026-07-28T15:12:55
S39_F04_c021,39,kitchen,S39_F04,F04,A05,train,P02,kitchen/S39_F04/S39_F04_c021.mp4,phone_1080p,1280,720,30.005,174,5.799,7880bfe706ee6af8e4807a26fa7ce1e60b62c5856b1e705a4d781366718cf8cb,2026-07-28T15:13:28
S39_F04_c022,39,kitchen,S39_F04,F04,A05,train,P02,kitchen/S39_F04/S39_F04_c022.mp4,phone_1080p,1280,720,30.008,175,5.832,839bb65ca04a83807860b520cbdbd3b15d766a785cb1d7f48e9444636a318e69,2026-07-28T15:13:43
S39_F04_c023,39,kitchen,S39_F04,F04,A05,train,P01,kitchen/S39_F04/S39_F04_c023.mp4,phone_1080p,1280,720,29.837,175,5.865,d90bf58472e96fe0e4b17d4105b040c95d1e1022a4f9119c810d8887cedc7542,2026-07-28T15:14:06
S39_F04_c024,39,kitchen,S39_F04,F04,A05,train,P01,kitchen/S39_F04/S39_F04_c024.mp4,phone_1080p,1280,720,30.008,175,5.832,8c417d84057d847f6ab69c869760d7518490a01187777b801dfdca1961b98f4d,2026-07-28T15:14:43
S39_F04_c025,39,kitchen,S39_F04,F04,A05,train,P01,kitchen/S39_F04/S39_F04_c025.mp4,phone_1080p,1280,720,30.008,169,5.632,a77d1351a3e6d6726cfc038874eeb169785194c6b8796d4c60aa8e03317fffb9,2026-07-28T15:15:40
S39_F04_c026,39,kitchen,S39_F04,F04,A05,train,P01,kitchen/S39_F04/S39_F04_c026.mp4,phone_1080p,1280,720,30.009,167,5.565,e573264b1cfd5cc003a49391f30bd78db465b6600cb9881b28577aeea83fb35f,2026-07-28T15:15:56
S39_F04_c027,39,kitchen,S39_F04,F04,A05,train,P01,kitchen/S39_F04/S39_F04_c027.mp4,phone_1080p,1280,720,30.009,171,5.698,2b096003e4e5f3f0e17697b8cd3db61437124e87632c125005ad0dba4d18a9bd,2026-07-28T15:16:27
S39_F04_c028,39,kitchen,S39_F04,F04,A05,train,P01,kitchen/S39_F04/S39_F04_c028.mp4,phone_1080p,1280,720,30.007,167,5.565,630245ea655b688bf462ecf73453ea2e4907de66c2ff814ab72e089348f2767b,2026-07-28T15:16:40
S39_F04_c029,39,kitchen,S39_F04,F04,A05,train,P04,kitchen/S39_F04/S39_F04_c029.mp4,phone_1080p,1280,720,29.918,184,6.15,ea08e173a83ce4f2132a3245d19826094fcbf077407fd935f0ff644e822e8263,2026-07-28T16:40:33
S39_F04_c030,39,kitchen,S39_F04,F04,A05,train,P04,kitchen/S39_F04/S39_F04_c030.mp4,phone_1080p,1280,720,29.865,138,4.621,7881b3bb7386d94f0625dd6080233ecf53d50b865e1c6cf381cbab48bc11ffc3,2026-07-28T16:41:12
S39_F04_c031,39,kitchen,S39_F04,F04,A05,train,P04,kitchen/S39_F04/S39_F04_c031.mp4,phone_1080p,1280,720,29.85,153,5.126,6f5e409b3c5cd113e2db8b6ed8ecc4bd3785796b4c9ec74c143817573b012536,2026-07-28T16:41:21
S39_F04_c032,39,kitchen,S39_F04,F04,A05,train,P04,kitchen/S39_F04/S39_F04_c032.mp4,phone_1080p,1280,720,29.889,185,6.19,5143234d918d0fbb89f48ea7ebde36dab0dd58eeb09bfac895db203bc71bc9f5,2026-07-28T16:41:32
S39_F04_c033,39,kitchen,S39_F04,F04,A05,train,P04,kitchen/S39_F04/S39_F04_c033.mp4,phone_1080p,1280,720,29.861,158,5.291,052c85408f996674f7ec44819eef4f82e08f53f2e7c3146943a38d71030822a0,2026-07-28T16:41:47
S39_F04_c034,39,kitchen,S39_F04,F04,A05,train,P04,kitchen/S39_F04/S39_F04_c034.mp4,phone_1080p,1280,720,29.832,137,4.592,048c22d86c78afc627f7b8bf4d9b0e0a6446e1eeab1108c58c86b89059d8388d,2026-07-28T16:41:58
S39_F04_c035,39,kitchen,S39_F04,F04,A05,train,P04,kitchen/S39_F04/S39_F04_c035.mp4,phone_1080p,1280,720,29.792,187,6.277,3fbc64f2b3390e898a49288e2df55432ef419098b24425c234f5e5287b19844d,2026-07-28T16:42:07
S39_F04_c036,39,kitchen,S39_F04,F04,A05,train,P04,kitchen/S39_F04/S39_F04_c036.mp4,phone_1080p,1280,720,29.918,159,5.315,88c26affc0420bcdf6f311598b77dd956566318db378b51e6a54b2d2e4b48912,2026-07-28T16:42:28
S39_F04_c037,39,kitchen,S39_F04,F04,A05,train,P04,kitchen/S39_F04/S39_F04_c037.mp4,phone_1080p,1280,720,29.818,172,5.768,60733bb060c5221120e3a245ffc1d866e140dfc7a4dad62f1b2b31b7f877a9d9,2026-07-28T16:42:38
S39_F04_c038,39,kitchen,S39_F04,F04,A05,train,P04,kitchen/S39_F04/S39_F04_c038.mp4,phone_1080p,1280,720,29.918,125,4.178,b4fea40d31349a9b3f5502799344a1b025cb6cc059708a26e1add892d3cc9d48,2026-07-28T16:42:48
S39_F04_c039,39,kitchen,S39_F04,F04,A05,train,P04,kitchen/S39_F04/S39_F04_c039.mp4,phone_1080p,1280,720,29.918,155,5.181,4f15d06efc8c4a1d70f9e3edf0480341be9d8e186f866a64456692a0e77f67f0,2026-07-28T16:42:56
S39_F04_c040,39,kitchen,S39_F04,F04,A05,train,P01,kitchen/S39_F04/S39_F04_c040.mp4,realsense_480p,640,480,15.0,96,6.4,01646ae58f9f5468c92acdb06be86e38768d23f5824cf62e4ab30b1773862157,
S39_F04_c041,39,kitchen,S39_F04,F04,A05,train,P01,kitchen/S39_F04/S39_F04_c041.mp4,realsense_480p,640,480,15.0,90,6.0,64339144d90addb2cc4a533cad35b0e6182457e4e56e97a29fb509fa0aaf2cae,
S39_F04_c042,39,kitchen,S39_F04,F04,A05,train,P01,kitchen/S39_F04/S39_F04_c042.mp4,realsense_480p,640,480,15.0,95,6.333,b1d338a31537f0c4bca11f87624acf714aecba3830922cd816f271a08f46558d,
S39_F04_c043,39,kitchen,S39_F04,F04,A05,train,P01,kitchen/S39_F04/S39_F04_c043.mp4,realsense_480p,640,480,15.0,101,6.733,eaee68a012500b549ea32a65678893d21bd3337815188d846c2be86403e46470,
S39_F04_c044,39,kitchen,S39_F04,F04,A05,train,P02,kitchen/S39_F04/S39_F04_c044.mp4,realsense_480p,640,480,15.0,108,7.2,8a56a740d441bb4f79cea3690e3fdf1781f17dd47b6fae7a5725f361555bbe39,
S39_F04_c045,39,kitchen,S39_F04,F04,A05,train,P02,kitchen/S39_F04/S39_F04_c045.mp4,realsense_480p,640,480,15.0,107,7.133,1795e3e961fcdd78ac21ab84cec250711dca7efadcdcb761130192072a1b7f8d,
S39_F04_c046,39,kitchen,S39_F04,F04,A05,train,P02,kitchen/S39_F04/S39_F04_c046.mp4,realsense_480p,640,480,15.0,99,6.6,fe96949e709799d2a6be7b52ee05f353169fe61ec2b8d4346300737c58b178dd,
S39_F04_c047,39,kitchen,S39_F04,F04,A05,train,P02,kitchen/S39_F04/S39_F04_c047.mp4,realsense_480p,640,480,15.0,85,5.667,2c7d09132a7f8ecae9d53b08b8c05d9323f0c48e0576a50951ed139a6d15d2c2,
S39_F04_c048,39,kitchen,S39_F04,F04,A05,train,P02,kitchen/S39_F04/S39_F04_c048.mp4,realsense_480p,640,480,15.0,92,6.133,9740cbb415b567af7cfcfaa3f8309583d748799c1aff4340d48adfa4fbc12f74,
S39_F04_c049,39,kitchen,S39_F04,F04,A05,train,P02,kitchen/S39_F04/S39_F04_c049.mp4,realsense_480p,640,480,15.0,97,6.467,d22970b8f90ebe5824b4b304519c5149ee2fddedd2404329f0ed3321415d4c37,
S39_F04_c050,39,kitchen,S39_F04,F04,A05,train,P01,kitchen/S39_F04/S39_F04_c050.mp4,realsense_480p,640,480,15.0,93,6.2,65eed9e5939d81a875ab5a68612aee86d38424bef534595402a03f6eca5def07,
S39_F04_c051,39,kitchen,S39_F04,F04,A05,train,P01,kitchen/S39_F04/S39_F04_c051.mp4,realsense_480p,640,480,15.0,86,5.733,9074ef7eb43306544f9b65ce9bbabcda0d8318e793a073e29552898c1cba7687,
S40_F05_c001,40,kitchen,S40_F05,F05,A06,train,P06,kitchen/S40_F05/S40_F05_c001.MOV,phone_4k,3840,2160,30.0,176,5.867,61cafefbca6e78b8630283a77a118f9ddcffa15d1ccfa562696f0a88a8cef6d6,2026-07-27T13:23:55
S40_F05_c002,40,kitchen,S40_F05,F05,A06,train,P06,kitchen/S40_F05/S40_F05_c002.MOV,phone_4k,3840,2160,29.991,176,5.868,829ca8ef4020fe1a91ef88a237954273702f4a447e962205c53571d9b02a06fc,2026-07-27T13:24:11
S40_F05_c003,40,kitchen,S40_F05,F05,A06,train,P06,kitchen/S40_F05/S40_F05_c003.MOV,phone_4k,3840,2160,29.991,174,5.802,8922f0da4563188bc125b4145bdaeffa1b6eb36a8a9f3571e2f4ca986de3180e,2026-07-27T13:24:38
S40_F05_c004,40,kitchen,S40_F05,F05,A06,train,P06,kitchen/S40_F05/S40_F05_c004.MOV,phone_4k,3840,2160,29.992,183,6.102,27578d7fd740cad9bcc9f32fb3690873d28df6a8c6ac9a77990b3ece03545fdd,2026-07-27T13:25:08
S40_F05_c005,40,kitchen,S40_F05,F05,A06,train,P06,kitchen/S40_F05/S40_F05_c005.MOV,phone_4k,3840,2160,30.0,187,6.233,b79768c909ad441af05ac399a3c1c3aca5eef3d294b40fe2c95f44431d527acd,2026-07-27T13:25:26
S40_F05_c006,40,kitchen,S40_F05,F05,A06,train,P06,kitchen/S40_F05/S40_F05_c006.MOV,phone_4k,3840,2160,29.993,200,6.668,2ab86623660778a71abea56570c68d9a80405b165db9ecf678dd324a139efe4c,2026-07-27T13:25:39
S40_F05_c007,40,kitchen,S40_F05,F05,A06,train,P06,kitchen/S40_F05/S40_F05_c007.MOV,phone_4k,3840,2160,29.992,188,6.268,c5f6a28d52b671f583f2985ca5bd80673ea6b4ed1507aabc5709d655c4e585a0,2026-07-27T13:26:01
S40_F05_c008,40,kitchen,S40_F05,F05,A06,train,P06,kitchen/S40_F05/S40_F05_c008.MOV,phone_4k,3840,2160,30.0,183,6.1,9408bb387dcde3c0c3a401825d08c706a01045a590d3c08ae114bdd32ab91e6f,2026-07-27T13:26:16
S40_F05_c009,40,kitchen,S40_F05,F05,A06,train,P06,kitchen/S40_F05/S40_F05_c009.MOV,phone_4k,3840,2160,29.993,211,7.035,ddb0ae6b187e76c0c702e22cf991746396ea05e6de73a7befd8490293059abe6,2026-07-27T13:26:32
S40_F05_c010,40,kitchen,S40_F05,F05,A06,train,P06,kitchen/S40_F05/S40_F05_c010.MOV,phone_4k,3840,2160,29.993,211,7.035,6f327b53bc0e2bcf0d381e611972b878dcec882d1964cb0389ad26a39c24ed71,2026-07-27T13:27:00
S40_F05_c011,40,kitchen,S40_F05,F05,A06,train,P04,kitchen/S40_F05/S40_F05_c011.mp4,phone_1080p,1280,720,29.766,91,3.057,27bc0deb2f9d2240c3a45382eac4e45105573b410d34df13c97fd3ce2e85f967,2026-07-28T16:44:08
S40_F05_c012,40,kitchen,S40_F05,F05,A06,train,P04,kitchen/S40_F05/S40_F05_c012.mp4,phone_1080p,1280,720,29.912,86,2.875,a31eaa738b39573e6dfd9d87495881ecc2c6aed246354b5274a4f61e76359760,2026-07-28T16:44:15
S40_F05_c013,40,kitchen,S40_F05,F05,A06,train,P04,kitchen/S40_F05/S40_F05_c013.mp4,phone_1080p,1280,720,29.856,83,2.78,a4e3bdbb8290d217fefca1fa2a909fc0a6dab355857b96edd46971141d9c7af4,2026-07-28T16:44:23
S40_F05_c014,40,kitchen,S40_F05,F05,A06,train,P04,kitchen/S40_F05/S40_F05_c014.mp4,phone_1080p,1280,720,29.918,99,3.309,c243e4a3ad7e0a34b7ffc273bac00d0aba464d8906df7ad56ecdc3ebd41f9b8f,2026-07-28T16:44:30
S40_F05_c015,40,kitchen,S40_F05,F05,A06,train,P04,kitchen/S40_F05/S40_F05_c015.mp4,phone_1080p,1280,720,29.806,89,2.986,1915171f3bf37f88fc31230ba33c1e43da4b1daed022249b346b6f2de8eab57e,2026-07-28T16:44:38
S40_F05_c016,40,kitchen,S40_F05,F05,A06,train,P04,kitchen/S40_F05/S40_F05_c016.mp4,phone_1080p,1280,720,29.918,81,2.707,6ed617b1330058ce725b7f2e02d292e28e09b1a7bfc89649da6130a85b87dd71,2026-07-28T16:44:44
S40_F05_c017,40,kitchen,S40_F05,F05,A06,train,P04,kitchen/S40_F05/S40_F05_c017.mp4,phone_1080p,1280,720,29.805,104,3.489,d929dbeceafd311b3bfe8620c3f6cbc6a0d08985324c537d21fcabd9ed754e85,2026-07-28T16:45:00
S40_F05_c018,40,kitchen,S40_F05,F05,A06,train,P04,kitchen/S40_F05/S40_F05_c018.mp4,phone_1080p,1280,720,29.836,125,4.19,e860fe0a95cc3c9e9bb9dfce4c08a1891ac062bc4181eea263635303eb309b5d,2026-07-28T16:45:07
S40_F05_c019,40,kitchen,S40_F05,F05,A06,train,P04,kitchen/S40_F05/S40_F05_c019.mp4,phone_1080p,1280,720,29.686,92,3.099,9f6425a723841f00d7ef1bb1332000cfebbf4e934ba2646d6587a9a4aed5b4b9,2026-07-28T16:45:15
S40_F05_c020,40,kitchen,S40_F05,F05,A06,train,P04,kitchen/S40_F05/S40_F05_c020.mp4,phone_1080p,1280,720,29.918,105,3.51,fdc3b75ca9dddad7a6898dc454627326b9f7f0276229f23f44ed6720258a1732,2026-07-28T16:45:22
S40_F05_c021,40,kitchen,S40_F05,F05,A06,train,P04,kitchen/S40_F05/S40_F05_c021.mp4,phone_1080p,1280,720,29.85,63,2.111,e8f20e28598dcd1486d16da5e90c20ddfebafc02388857f58a563aa5209cbdaa,2026-07-28T16:45:29
S41_F05_c001,41,kitchen,S41_F05,F05,A06,train,P06,kitchen/S41_F05/S41_F05_c001.MOV,phone_4k,3840,2160,30.0,180,6.0,684d394428d29770bc4b535d930dafcbbbb06a299ce61cb2130d035f062071e9,2026-07-28T16:08:48
S41_F05_c002,41,kitchen,S41_F05,F05,A06,train,P06,kitchen/S41_F05/S41_F05_c002.MOV,phone_4k,3840,2160,29.992,180,6.002,cc01dbae198980201e4a3cb1ff209cef6a304711bae3a0ba96984c1094d239df,2026-07-28T16:09:04
S41_F05_c003,41,kitchen,S41_F05,F05,A06,train,P06,kitchen/S41_F05/S41_F05_c003.MOV,phone_4k,3840,2160,29.992,181,6.035,8a0bdfa811554c1774ef0363122588bb1aab53b0631e2d0bcc9bcbc9eec5d79c,2026-07-28T16:09:20
S41_F05_c004,41,kitchen,S41_F05,F05,A06,train,P06,kitchen/S41_F05/S41_F05_c004.MOV,phone_4k,3840,2160,30.0,186,6.2,6bdfb8d6189215c77da780804641cfb2d46d04979f85e85bdde613f6fc010d68,2026-07-28T16:09:32
S41_F05_c005,41,kitchen,S41_F05,F05,A06,train,P06,kitchen/S41_F05/S41_F05_c005.MOV,phone_4k,3840,2160,29.992,187,6.235,925de00d13e799cb469f2be00f50cdfa39f16941f3db00d00e4fb4419c4f54c0,2026-07-28T16:10:00
S41_F05_c006,41,kitchen,S41_F05,F05,A06,train,P06,kitchen/S41_F05/S41_F05_c006.MOV,phone_4k,3840,2160,30.0,188,6.267,942c36a92d611412c843131493fec2d29118992f75b554b8b0f3eb5785a8aa28,2026-07-28T16:10:16
S41_F05_c007,41,kitchen,S41_F05,F05,A06,train,P06,kitchen/S41_F05/S41_F05_c007.MOV,phone_4k,3840,2160,30.0,197,6.567,4dc7dce2696383f954acb97139b39b0bc252ce3f268af9b31519395c26e9a36b,2026-07-28T16:10:36
S41_F05_c008,41,kitchen,S41_F05,F05,A06,train,P06,kitchen/S41_F05/S41_F05_c008.MOV,phone_4k,3840,2160,29.992,193,6.435,e01bd8279ad5230e8f86e1263faa58a3cf858fb26ff12df0a476539098bde762,2026-07-28T16:10:51
S41_F05_c009,41,kitchen,S41_F05,F05,A06,train,P06,kitchen/S41_F05/S41_F05_c009.MOV,phone_4k,3840,2160,29.993,210,7.002,9cf58555fa3d35cf1ef35730dd64088d806149c1c23798d1aec14eca455d2139,2026-07-28T16:11:19
S41_F05_c010,41,kitchen,S41_F05,F05,A06,train,P06,kitchen/S41_F05/S41_F05_c010.MOV,phone_4k,3840,2160,30.0,199,6.633,f5ae251ad5858b3c3246cd1276807a04d05bc953a9263cd8600154f1f3301798,2026-07-28T16:11:34
S41_F05_c011,41,kitchen,S41_F05,F05,A06,train,P06,kitchen/S41_F05/S41_F05_c011.MOV,phone_4k,3840,2160,30.0,196,6.533,a3ffd1ba43a4befa636beee9ab61aeeb25bb1c59609b99fb5d357e80137c04f5,2026-07-28T16:11:52
S41_F05_c012,41,kitchen,S41_F05,F05,A06,train,P06,kitchen/S41_F05/S41_F05_c012.MOV,phone_4k,3840,2160,29.992,197,6.568,3093f219ce068497782864be181005615baff40f5fab95d6c0057862192100a5,2026-07-28T16:12:10
S41_F05_c013,41,kitchen,S41_F05,F05,A06,train,P06,kitchen/S41_F05/S41_F05_c013.MOV,phone_4k,3840,2160,29.992,187,6.235,8fbe0efb2ba4d2eda5d588e84027f2f8be8f9bd7d86f9fab90f59b8f6622a7ac,2026-07-28T16:12:32
S41_F05_c014,41,kitchen,S41_F05,F05,A06,train,P06,kitchen/S41_F05/S41_F05_c014.MOV,phone_4k,3840,2160,30.0,185,6.167,adc57edb87202937069d0171bf8fa425af6e30f08c699ad54d483a5c5c9784b5,2026-07-28T16:12:46
S41_F05_c015,41,kitchen,S41_F05,F05,A06,train,P06,kitchen/S41_F05/S41_F05_c015.MOV,phone_4k,3840,2160,29.992,180,6.002,48521026a060fab295f63ec2f43fb0a6241c0da8f941572fc6b0ad4eaeceb6ab,2026-07-28T16:13:58
S41_F05_c016,41,kitchen,S41_F05,F05,A06,train,P01,kitchen/S41_F05/S41_F05_c016.mp4,realsense_480p,640,480,15.0,127,8.467,325fc619f4a6c71c96e4fb08c48b9a7ad50a7be5e3b7c4e59fe895a684467f8d,2026-06-02T20:09:39
S41_F05_c017,41,kitchen,S41_F05,F05,A06,train,P01,kitchen/S41_F05/S41_F05_c017.mp4,realsense_480p,640,480,15.0,123,8.2,f68735337fa76b85ea3d6684b1c9683408ab8440cb984ce0c5caa351e9fdbebd,2026-06-02T20:10:11
S41_F05_c018,41,kitchen,S41_F05,F05,A06,train,P01,kitchen/S41_F05/S41_F05_c018.mp4,realsense_480p,640,480,15.0,118,7.867,ac883965583730b80365507c83419a65f879ce50b2d44ee2a91136b91d004be0,2026-06-02T20:10:26
S41_F05_c019,41,kitchen,S41_F05,F05,A06,train,P01,kitchen/S41_F05/S41_F05_c019.mp4,realsense_480p,640,480,15.0,129,8.6,eae828aeeb7e3a73f219c4cd616d490a3f2b4b140476839c34b1f65883cb0165,2026-06-02T20:10:47
S41_F05_c020,41,kitchen,S41_F05,F05,A06,train,P01,kitchen/S41_F05/S41_F05_c020.mp4,realsense_480p,640,480,15.0,120,8.0,f66a8ff3e5845875266a6d0a04c66fa9ef332119b50327f7a47e77cad86f5944,2026-06-02T20:11:08
S41_F05_c021,41,kitchen,S41_F05,F05,A06,train,P01,kitchen/S41_F05/S41_F05_c021.mp4,realsense_480p,640,480,15.0,119,7.933,4bc78b38f08644e48b76af406298777039b023b511617f625f602f688e760b69,2026-06-02T20:12:46
S41_F05_c022,41,kitchen,S41_F05,F05,A06,train,P01,kitchen/S41_F05/S41_F05_c022.mp4,realsense_480p,640,480,15.0,115,7.667,86566a988833e8210d157ad1741be29fdb44f8d23ec2a0450880a62e583a0cdd,2026-06-02T20:13:10
S41_F05_c023,41,kitchen,S41_F05,F05,A06,train,P01,kitchen/S41_F05/S41_F05_c023.mp4,realsense_480p,640,480,15.0,118,7.867,426f71eaa0678a23eed05fbe5d8f5ff2f012bb30aef468bba7dbf5746e263b16,2026-06-02T20:13:25
S41_F05_c024,41,kitchen,S41_F05,F05,A06,train,P01,kitchen/S41_F05/S41_F05_c024.mp4,realsense_480p,640,480,15.0,117,7.8,b081ada33677f94b1ae3d288f0a34ca2f3b2b018beff873ab2d1b6202f2a9425,2026-06-02T20:13:42
S41_F05_c025,41,kitchen,S41_F05,F05,A06,train,P01,kitchen/S41_F05/S41_F05_c025.mp4,realsense_480p,640,480,15.0,126,8.4,93e8ad41265203e1c53575cc3bbffcb6ec514adec61f149fba6b4113d7ddcf01,2026-06-02T20:14:19
S41_F05_c026,41,kitchen,S41_F05,F05,A06,train,P01,kitchen/S41_F05/S41_F05_c026.mp4,realsense_480p,640,480,15.0,126,8.4,800c1ace811d4f17cd7e82ba41db90b96d5efe889070462a1c529de23bc5357b,2026-06-02T20:14:38
S41_F05_c027,41,kitchen,S41_F05,F05,A06,train,P01,kitchen/S41_F05/S41_F05_c027.mp4,realsense_480p,640,480,15.0,119,7.933,78646249dae4d17c996c052a781971cadb7d5f24f56a16682a4020ec82296e45,2026-06-02T20:15:13
S41_F05_c028,41,kitchen,S41_F05,F05,A06,train,P01,kitchen/S41_F05/S41_F05_c028.mp4,realsense_480p,640,480,15.0,119,7.933,4ed6d185cb0faeff1f6da193be662714481f12412166f58ebdb9b2487fb01cc9,2026-06-02T20:15:28
S41_F05_c029,41,kitchen,S41_F05,F05,A06,train,P01,kitchen/S41_F05/S41_F05_c029.mp4,realsense_480p,640,480,15.0,123,8.2,a848826f2420fbff22ff1ca6ed1c16f479fe5f0e96095e828cfc366bc9149395,2026-06-02T20:15:43
S41_F05_c030,41,kitchen,S41_F05,F05,A06,train,P01,kitchen/S41_F05/S41_F05_c030.mp4,realsense_480p,640,480,15.0,123,8.2,0acc5b987c319e0b371e7583a36e67ea225a334173e892e8d2fa5a093034049a,2026-06-02T20:16:32
S41_F05_c031,41,kitchen,S41_F05,F05,A06,train,P01,kitchen/S41_F05/S41_F05_c031.mp4,realsense_480p,640,480,15.0,117,7.8,d07ef9fd0ca2016dc74bbb24f3c8103159ea1ce346ca7d4864e772a1092d5cb7,2026-06-02T20:17:42
S41_F05_c043,41,kitchen,S41_F05,F05,A06,train,P02,kitchen/S41_F05/S41_F05_c043.mp4,phone_1080p,1280,720,30.0,167,5.567,644f27e1de6ee3a34a6d757c592b47618c9e19553cfc2b088a34962243af90e0,2026-07-06T15:22:34
S41_F05_c044,41,kitchen,S41_F05,F05,A06,train,P02,kitchen/S41_F05/S41_F05_c044.mp4,phone_1080p,1280,720,30.0,176,5.867,ef9c571c4d2b4639dc7a116a073b4704828c35107e9e4be70124604ed09a25e1,2026-07-06T15:22:50
S41_F05_c045,41,kitchen,S41_F05,F05,A06,train,P02,kitchen/S41_F05/S41_F05_c045.mp4,phone_1080p,1280,720,30.0,169,5.633,5c626337567357ea4a8964a8408cfbb34b1a379e891aaac9d31d80daabbf4a76,2026-07-06T15:23:04
S41_F05_c046,41,kitchen,S41_F05,F05,A06,train,P02,kitchen/S41_F05/S41_F05_c046.mp4,phone_1080p,1280,720,30.0,166,5.533,fe6f57a3f2133c7edd32bafe1a899efcdc0515efaee81b5a2023736ef8820c51,2026-07-06T15:23:41
S41_F05_c047,41,kitchen,S41_F05,F05,A06,train,P02,kitchen/S41_F05/S41_F05_c047.mp4,phone_1080p,1280,720,30.0,170,5.667,a0087e4d35db09d4e9c9b6b25fde42908805f6e490ea5f5144d8b9444a28b4af,2026-07-06T15:23:57
S41_F05_c048,41,kitchen,S41_F05,F05,A06,train,P02,kitchen/S41_F05/S41_F05_c048.mp4,phone_1080p,1280,720,30.0,165,5.5,7f7af34d0326a42713cd552e1f83b1b7f9670a788e781497b08610e58e72f697,2026-07-06T15:24:17
S41_F05_c049,41,kitchen,S41_F05,F05,A06,train,P02,kitchen/S41_F05/S41_F05_c049.mp4,phone_1080p,1280,720,30.0,167,5.567,b3e3eacf4275a9bb6213cd8df105a4ec503e58f048f454d859a2c679383a6522,2026-07-06T15:26:52
S41_F05_c050,41,kitchen,S41_F05,F05,A06,train,P02,kitchen/S41_F05/S41_F05_c050.mp4,phone_1080p,1280,720,30.0,168,5.6,6fe77ff6b77c12c4e2cd80b86e043467da48a32946786e462bbdbc7eb745891d,2026-07-06T15:27:12
S41_F05_c051,41,kitchen,S41_F05,F05,A06,train,P02,kitchen/S41_F05/S41_F05_c051.mp4,phone_1080p,1280,720,30.0,175,5.833,746e622e1ec1a06e3143c1e375a026b1a5370607fa3111e356e11768d44390fc,2026-07-06T15:27:26
S41_F05_c052,41,kitchen,S41_F05,F05,A06,train,P02,kitchen/S41_F05/S41_F05_c052.mp4,phone_1080p,1280,720,30.0,170,5.667,71ac9d1cbefebfd03a463d3ac4c5edb5f0ccc1554eaeae11d8f3be529413305d,2026-07-06T15:27:45
S41_F05_c053,41,kitchen,S41_F05,F05,A06,train,P02,kitchen/S41_F05/S41_F05_c053.mp4,phone_1080p,1280,720,30.0,168,5.6,c2f1fcd46fa7ab556634a2caba37b0060515848f520d776c7985687f8e635519,2026-07-06T15:27:59
S41_F05_c054,41,kitchen,S41_F05,F05,A06,train,P02,kitchen/S41_F05/S41_F05_c054.mp4,phone_1080p,1280,720,30.0,166,5.533,382b48cbc38deb2afccfc435147d425596e943d2615491b3be986e4a5ff4f4b1,2026-07-06T15:28:41
S42_F06_c001,42,kitchen,S42_F06,F06,A11,train,P06,kitchen/S42_F06/S42_F06_c001.MOV,phone_4k,3840,2160,29.992,178,5.935,fade209029c945207b2a223d57689605a88ca242f0d4d26eb8aab37dd8c9a2a5,2026-07-28T16:17:42
S42_F06_c002,42,kitchen,S42_F06,F06,A11,train,P06,kitchen/S42_F06/S42_F06_c002.MOV,phone_4k,3840,2160,29.991,174,5.802,8fac35e85e429394ef026877088f5244c3f4264e0c9ac2ac1844410a126006c8,2026-07-28T16:17:56
S42_F06_c003,42,kitchen,S42_F06,F06,A11,train,P06,kitchen/S42_F06/S42_F06_c003.MOV,phone_4k,3840,2160,30.0,189,6.3,939b2d843a75a547e2c6131c2014a8a68ee3febe4b2e429ba7d09fbf45bada82,2026-07-28T16:18:13
S42_F06_c004,42,kitchen,S42_F06,F06,A11,train,P06,kitchen/S42_F06/S42_F06_c004.MOV,phone_4k,3840,2160,30.0,179,5.967,791aefa8351edf98f362b725b5e39cf10d8ce9ea302f35c6f33769dcbc2a38d5,2026-07-28T16:18:36
S42_F06_c005,42,kitchen,S42_F06,F06,A11,train,P06,kitchen/S42_F06/S42_F06_c005.MOV,phone_4k,3840,2160,30.0,196,6.533,999cbfb04753ba3a2514854fb46f533fb8b95f8447742f756eadcd070649b02d,2026-07-28T16:19:50
S42_F06_c006,42,kitchen,S42_F06,F06,A11,train,P06,kitchen/S42_F06/S42_F06_c006.MOV,phone_4k,3840,2160,30.0,192,6.4,0cb445f438343af2017cf8d06b14c5a81c6d98112dbfa6edfaf416e43023beb5,2026-07-28T16:20:03
S42_F06_c007,42,kitchen,S42_F06,F06,A11,train,P06,kitchen/S42_F06/S42_F06_c007.MOV,phone_4k,3840,2160,29.992,189,6.302,8a127fd054c0edd92694a99c3734c804cc4365b6c29ebe975ab27daae5ac03df,2026-07-28T16:20:22
S42_F06_c008,42,kitchen,S42_F06,F06,A11,train,P06,kitchen/S42_F06/S42_F06_c008.MOV,phone_4k,3840,2160,29.992,197,6.568,0d30dcfcf8ea5c9d28295ac53baaddb76932c80999d0283be30d6d7f872f045f,2026-07-28T16:20:51
S42_F06_c009,42,kitchen,S42_F06,F06,A11,train,P06,kitchen/S42_F06/S42_F06_c009.MOV,phone_4k,3840,2160,29.992,181,6.035,9e55b67583bfb54bc728e4e9ac3120a10ca850632328142d169694308759fedd,2026-07-28T16:21:21
S42_F06_c010,42,kitchen,S42_F06,F06,A11,train,P06,kitchen/S42_F06/S42_F06_c010.MOV,phone_4k,3840,2160,29.992,185,6.168,c287e22ac724ad379e3813301528f84b7d8f52699c3363e6cae213eedf6a70c4,2026-07-28T16:21:33
S42_F06_c011,42,kitchen,S42_F06,F06,A11,train,P06,kitchen/S42_F06/S42_F06_c011.MOV,phone_4k,3840,2160,30.0,181,6.033,a367f909a8f4cd1b44995c37bb1ebb363bb46796aec0e5fb366d6ac369d40d53,2026-07-28T16:21:48
S42_F06_c012,42,kitchen,S42_F06,F06,A11,train,P06,kitchen/S42_F06/S42_F06_c012.MOV,phone_4k,3840,2160,30.0,172,5.733,5723428908a6e45abdc7c268602eb6edf2f23b8f1e2318998ff4f13d3a9f7178,2026-07-28T16:22:00
S42_F06_c013,42,kitchen,S42_F06,F06,A11,train,P06,kitchen/S42_F06/S42_F06_c013.MOV,phone_4k,3840,2160,30.0,168,5.6,b3fd386ba084801e8b4a968b7f20e4b28956f4e6fdf61cab37bcd6b84c0da469,2026-07-28T16:22:32
S42_F06_c014,42,kitchen,S42_F06,F06,A11,train,P06,kitchen/S42_F06/S42_F06_c014.MOV,phone_4k,3840,2160,30.0,156,5.2,b7018aa2be3fb48f4aa0130b96a245cdcfdc06e9fb9f4136a328cef83abdfc32,2026-07-28T16:23:06
S42_F06_c015,42,kitchen,S42_F06,F06,A11,train,P06,kitchen/S42_F06/S42_F06_c015.MOV,phone_4k,3840,2160,29.991,160,5.335,0ac33ef1ada1122d865fe29ebaf749b60c5ca4907c68992c555127b2f667df68,2026-07-28T16:23:23
S42_F06_c016,42,kitchen,S42_F06,F06,A11,train,P06,kitchen/S42_F06/S42_F06_c016.MOV,phone_4k,3840,2160,29.991,163,5.435,f587bd79c32eb0ceff7c427cc325b04908253c15bc782b77fff7b4a045a97e8e,2026-07-28T16:23:34
S42_F06_c017,42,kitchen,S42_F06,F06,A11,train,P04,kitchen/S42_F06/S42_F06_c017.mp4,phone_1080p,1280,720,23.999,104,4.334,61067aef58ab1842e7205385fa3c54d1f37a25dffe73a321802538468ba82d16,2026-07-07T20:41:55
S42_F06_c018,42,kitchen,S42_F06,F06,A11,train,P04,kitchen/S42_F06/S42_F06_c018.mp4,phone_1080p,1280,720,23.832,99,4.154,db95610e8a93e37316440588246660b3bf50aee78db02b4a886fccb677c91876,2026-07-07T20:42:03
S42_F06_c019,42,kitchen,S42_F06,F06,A11,train,P04,kitchen/S42_F06/S42_F06_c019.mp4,phone_1080p,1280,720,23.866,68,2.849,97ea97fa2b74907474b003690b531a7b3429568e2493e5f4c5ffc815ddfda419,2026-07-07T20:42:11
S42_F06_c020,42,kitchen,S42_F06,F06,A11,train,P04,kitchen/S42_F06/S42_F06_c020.mp4,phone_1080p,1280,720,23.93,92,3.844,83dc2f3c342428607cf5cf6a578ef766f70b0d51a41fb35db332c4136dd198d5,2026-07-07T20:42:16
S42_F06_c021,42,kitchen,S42_F06,F06,A11,train,P04,kitchen/S42_F06/S42_F06_c021.mp4,phone_1080p,1280,720,23.835,96,4.028,376a9346f850c7b757ce83388309668a680063bbd01e06ca140cbe3ac4064b5f,2026-07-07T20:42:24
S42_F06_c022,42,kitchen,S42_F06,F06,A11,train,P04,kitchen/S42_F06/S42_F06_c022.mp4,phone_1080p,1280,720,24.003,89,3.708,eaa002dac6ae96a431742cccb08cbdd99ee56ace03619f37388866f031590c70,2026-07-07T20:42:32
S42_F06_c023,42,kitchen,S42_F06,F06,A11,train,P04,kitchen/S42_F06/S42_F06_c023.mp4,phone_1080p,1280,720,23.937,114,4.762,0ae91a0949ce3da01261a322167db933cdfaab09f7130109b6ba08bcd97308c5,2026-07-07T20:43:17
S42_F06_c024,42,kitchen,S42_F06,F06,A11,train,P04,kitchen/S42_F06/S42_F06_c024.mp4,phone_1080p,1280,720,23.8,58,2.437,1853fdb91f1a3d81b55e2e876990d2cd290cecba5868c6ea73fd73a1bb1cdc47,2026-07-07T20:43:25
S42_F06_c025,42,kitchen,S42_F06,F06,A11,train,P04,kitchen/S42_F06/S42_F06_c025.mp4,phone_1080p,1280,720,23.968,61,2.545,efa27e7fcb96153c95f91416d2b1747d2a7c22da35817f39bec3517529a0761a,2026-07-07T20:43:32
S42_F06_c026,42,kitchen,S42_F06,F06,A11,train,P04,kitchen/S42_F06/S42_F06_c026.mp4,phone_1080p,1280,720,24.032,68,2.83,bd652f9e7d20c2351d164000562d4999bef3c434905f02f35e3c605a9d100764,2026-07-07T20:43:38
S42_F06_c027,42,kitchen,S42_F06,F06,A11,train,P04,kitchen/S42_F06/S42_F06_c027.mp4,phone_1080p,1280,720,23.993,73,3.043,609ae7ce9e7aa7e8f05693741c904fac01ada882f1d8396addc39aa963b9e9f2,2026-07-07T20:43:45
S42_F06_c028,42,kitchen,S42_F06,F06,A11,train,P01,kitchen/S42_F06/S42_F06_c028.mp4,phone_1080p,1280,720,30.008,171,5.699,f3bfac408b3cbc24a7ded52b8f6a0c43fb631e766acfb3c4158d38f1fb8f6b8e,2026-07-28T15:18:34
S42_F06_c029,42,kitchen,S42_F06,F06,A11,train,P01,kitchen/S42_F06/S42_F06_c029.mp4,phone_1080p,1280,720,30.008,166,5.532,7c6343e7dac7cc736722716442c07b2c935151ca834fb7f472747c608de4fc8f,2026-07-28T15:18:45
S42_F06_c030,42,kitchen,S42_F06,F06,A11,train,P01,kitchen/S42_F06/S42_F06_c030.mp4,phone_1080p,1280,720,30.009,172,5.732,c1ab565bd29eebec3aaf26b61305ff3b7f9904e8a5be0f34e1477594d3a61530,2026-07-28T15:19:11
S42_F06_c031,42,kitchen,S42_F06,F06,A11,train,P01,kitchen/S42_F06/S42_F06_c031.mp4,phone_1080p,1280,720,30.009,175,5.832,d5529e1fc6ca7994d5f300270c72d864c92e89615ddf172d8caade244b66a757,2026-07-28T15:19:27
S42_F06_c032,42,kitchen,S42_F06,F06,A11,train,P01,kitchen/S42_F06/S42_F06_c032.mp4,phone_1080p,1280,720,29.827,165,5.532,380c956fc1c55f564db99163a71ad562346ba1559a4ba6815877ce81d92a9bf6,2026-07-28T15:20:05
S42_F06_c033,42,kitchen,S42_F06,F06,A11,train,P01,kitchen/S42_F06/S42_F06_c033.mp4,phone_1080p,1280,720,30.058,168,5.589,12d63ef39214651b1ba745a078cd09c9005ff248eb8baee5074ff9313fb6dcd8,2026-07-28T15:21:05
S42_F06_c034,42,kitchen,S42_F06,F06,A11,train,P01,kitchen/S42_F06/S42_F06_c034.mp4,phone_1080p,1280,720,30.057,172,5.723,37d7be90c1bb8a72031a76ad5c79eeefb951a8bf9b57dc8871ed39ad5a67dcfe,2026-07-28T15:21:21
S42_F06_c035,42,kitchen,S42_F06,F06,A11,train,P02,kitchen/S42_F06/S42_F06_c035.mp4,phone_1080p,1280,720,30.06,162,5.389,e3f5a613beaa1ac0d98fd82bbeebca7c272c2cef31fab101e665a72ed6a9c12a,2026-07-28T15:22:42
S42_F06_c036,42,kitchen,S42_F06,F06,A11,train,P02,kitchen/S42_F06/S42_F06_c036.mp4,phone_1080p,1280,720,30.057,171,5.689,dd1a649db109a4b3d5bb05f77188b9b5d75606fbf240d3bfbf2bac36e2d47e6e,2026-07-28T15:23:01
S42_F06_c037,42,kitchen,S42_F06,F06,A11,train,P02,kitchen/S42_F06/S42_F06_c037.mp4,phone_1080p,1280,720,30.004,178,5.933,61b0662b5c3af70d431a26e3b44bdea806bc2c5104697db14b74f88f209e69d4,2026-07-28T15:23:48
S42_F06_c038,42,kitchen,S42_F06,F06,A11,train,P02,kitchen/S42_F06/S42_F06_c038.mp4,phone_1080p,1280,720,30.004,179,5.966,5ea84ffd48ad531813704d3c739a902a67a919be8617381258f5bf3a888530c9,2026-07-28T15:24:04
S42_F06_c039,42,kitchen,S42_F06,F06,A11,train,P02,kitchen/S42_F06/S42_F06_c039.mp4,phone_1080p,1280,720,30.004,170,5.666,f1a77e642bf7d6030dbe84cfd2c81ff0483295f1010a19d740bf79bfed9c17bb,2026-07-28T15:24:25
S42_F06_c040,42,kitchen,S42_F06,F06,A11,train,P02,kitchen/S42_F06/S42_F06_c040.mp4,phone_1080p,1280,720,30.004,179,5.966,b35c60ccfa9683cbd202235b10c4099533edc0f84a949f67ed60b1125e2ef1b4,2026-07-28T15:24:36
S42_F06_c041,42,kitchen,S42_F06,F06,A11,train,P02,kitchen/S42_F06/S42_F06_c041.mp4,realsense_480p,640,480,15.0,94,6.267,cf85d453f483673fd8bd3c6db2f7af301af4a546939b4f780f80f63162561f6d,
S42_F06_c042,42,kitchen,S42_F06,F06,A11,train,P02,kitchen/S42_F06/S42_F06_c042.mp4,realsense_480p,640,480,15.0,85,5.667,30a44354e89ec786f57a08eec18af418d86365a41c6e51ad47a2cce5fa0bd133,
S42_F06_c043,42,kitchen,S42_F06,F06,A11,train,P02,kitchen/S42_F06/S42_F06_c043.mp4,realsense_480p,640,480,15.0,92,6.133,4d4d8f291f455f5f64429bbe6c2dd9ad422ccb75e81ffc04e6e1fa39472e0a71,
S42_F06_c044,42,kitchen,S42_F06,F06,A11,train,P02,kitchen/S42_F06/S42_F06_c044.mp4,realsense_480p,640,480,15.0,96,6.4,ca396cd14f6df17a759bc80e0e6fad5fd8275ae37a7281ed1a377a63e1397cd5,
S42_F06_c045,42,kitchen,S42_F06,F06,A11,train,P02,kitchen/S42_F06/S42_F06_c045.mp4,realsense_480p,640,480,15.0,83,5.533,759c0bd9a08627e7cf5efc4dbb64bbc6a06992a6f5a3a7b18df32e4e3b8b9e56,
S42_F06_c046,42,kitchen,S42_F06,F06,A11,train,P01,kitchen/S42_F06/S42_F06_c046.mp4,realsense_480p,640,480,15.0,79,5.267,0b4635d6e61299d7d847963184189a9e78201b4696135d8d1e6d710a291e5ad3,
S42_F06_c047,42,kitchen,S42_F06,F06,A11,train,P01,kitchen/S42_F06/S42_F06_c047.mp4,realsense_480p,640,480,15.0,78,5.2,d98f0c6946bb71468bb7a882dc97a2432a8293ed2f17a73ea4816bbfb0c8a040,
S42_F06_c048,42,kitchen,S42_F06,F06,A11,train,P01,kitchen/S42_F06/S42_F06_c048.mp4,realsense_480p,640,480,15.0,88,5.867,b4d6ced375d5280509c9875b389f95f1fbc6a1ee41a951f35b1fae67a0da9f17,
S42_F06_c049,42,kitchen,S42_F06,F06,A11,train,P01,kitchen/S42_F06/S42_F06_c049.mp4,realsense_480p,640,480,15.0,93,6.2,bbc72af92db05837f0c6c47c22eafa8122364a69a778223cf6249ffeabeff0f8,
S42_F06_c050,42,kitchen,S42_F06,F06,A11,train,P01,kitchen/S42_F06/S42_F06_c050.mp4,realsense_480p,640,480,15.0,109,7.267,c8270ab56a7be1bd0ac5b811a3ebab6ae43f4b98928bec00ffaa592d6dd54acd,
S42_F06_c051,42,kitchen,S42_F06,F06,A11,train,P01,kitchen/S42_F06/S42_F06_c051.mp4,realsense_480p,640,480,15.0,97,6.467,df9bbebc2a384a3393d6c8c89bcbae4119330da370e396fca5add97a5d88d2a7,
S42_F06_c052,42,kitchen,S42_F06,F06,A11,train,P01,kitchen/S42_F06/S42_F06_c052.mp4,realsense_480p,640,480,15.0,85,5.667,dafd017a974c2ea9ba3809d5221108eefe9c437888b3ec57786a655c983dc3d3,
S42_F06_c053,42,kitchen,S42_F06,F06,A11,train,P02,kitchen/S42_F06/S42_F06_c053.mp4,realsense_480p,640,480,15.0,82,5.467,0c200021485a8869587f2063e82426646bb64eaa03ce7c41a1be0950a4e2037d,
S43_F06_c001,43,kitchen,S43_F06,F06,A11,train,P06,kitchen/S43_F06/S43_F06_c001.MOV,phone_4k,3840,2160,30.0,183,6.1,d486506236caacbd66832480782e288f7e08466c6987942d3311ae452a65211a,2026-07-27T14:22:55
S43_F06_c002,43,kitchen,S43_F06,F06,A11,train,P06,kitchen/S43_F06/S43_F06_c002.MOV,phone_4k,3840,2160,29.992,190,6.335,c06c55db6920a514ede25666db7f0184b7be4488d395a96f8fe397e7dd347344,2026-07-27T14:24:06
S43_F06_c003,43,kitchen,S43_F06,F06,A11,train,P06,kitchen/S43_F06/S43_F06_c003.MOV,phone_4k,3840,2160,29.992,185,6.168,eef89cd0867825780ed3b25ea6bf15b4dcf1ab234b6cf7cf13b93c6a642bceef,2026-07-27T14:24:31
S43_F06_c004,43,kitchen,S43_F06,F06,A11,train,P06,kitchen/S43_F06/S43_F06_c004.MOV,phone_4k,3840,2160,29.992,178,5.935,32a0a6dd3f28604c1376e765ac517b637fe27b25f45b975f07fe5ed7d2f421a0,2026-07-27T14:25:54
S43_F06_c005,43,kitchen,S43_F06,F06,A11,train,P06,kitchen/S43_F06/S43_F06_c005.MOV,phone_4k,3840,2160,30.0,217,7.233,2e083862fc3a11cfb4329ccb5c038f0296dc37a5ef3817f99cf06ada8418db0d,2026-07-27T14:26:10
S43_F06_c006,43,kitchen,S43_F06,F06,A11,train,P06,kitchen/S43_F06/S43_F06_c006.MOV,phone_4k,3840,2160,29.992,181,6.035,8ad9c731d307ce863c2344d65c18b0a09e43a7a23c86d76f3579dfebec29c56a,2026-07-27T14:26:35
S43_F06_c007,43,kitchen,S43_F06,F06,A11,train,P06,kitchen/S43_F06/S43_F06_c007.MOV,phone_4k,3840,2160,29.991,175,5.835,355c254b8ab3d72130d5e803c4c9dd67610199650157f5b4702b83718249ffd5,2026-07-27T14:27:03
S43_F06_c008,43,kitchen,S43_F06,F06,A11,train,P06,kitchen/S43_F06/S43_F06_c008.MOV,phone_4k,3840,2160,29.992,177,5.902,20fe4b57d66be17836304293ad07f2688ebdcaf2e0b5294b55790c5836ec5d98,2026-07-27T14:27:19
S43_F06_c009,43,kitchen,S43_F06,F06,A11,train,P06,kitchen/S43_F06/S43_F06_c009.MOV,phone_4k,3840,2160,30.0,174,5.8,3a1ef336f24c720b61d97a61c81073dbea801f4aa9847a95eadc064922a8b80f,2026-07-27T14:27:32
S43_F06_c010,43,kitchen,S43_F06,F06,A11,train,P06,kitchen/S43_F06/S43_F06_c010.MOV,phone_4k,3840,2160,29.991,171,5.702,e29eac59290400f6f0b25025a20c4cfc7008fa49447061e340ff24fb08ae51ad,2026-07-27T14:28:25
S43_F06_c011,43,kitchen,S43_F06,F06,A11,train,P02,kitchen/S43_F06/S43_F06_c011.mp4,phone_1080p,1280,720,30.055,176,5.856,4ee17388a95a4eabfe8f5ad89b0b9da687e9866f1613abcd2f89b227520dc598,2026-07-28T15:26:54
S43_F06_c012,43,kitchen,S43_F06,F06,A11,train,P02,kitchen/S43_F06/S43_F06_c012.mp4,phone_1080p,1280,720,30.053,185,6.156,0ebcd3c0d19a88dc0c0b58dea3c2bd17e55835885ffd57d5ee204d194d1ec374,2026-07-28T15:27:15
S43_F06_c013,43,kitchen,S43_F06,F06,A11,train,P02,kitchen/S43_F06/S43_F06_c013.mp4,phone_1080p,1280,720,30.004,184,6.132,93f5c77f7111af275e908088071137976e6401ffa1b7a60a50f85069cffffd23,2026-07-28T15:27:28
S43_F06_c014,43,kitchen,S43_F06,F06,A11,train,P02,kitchen/S43_F06/S43_F06_c014.mp4,phone_1080p,1280,720,30.055,177,5.889,101f97c583c33791f2a3f310f96eb8829d24c7bfed2b29a462fc9d6ac4abad9e,2026-07-28T15:28:22
S43_F06_c015,43,kitchen,S43_F06,F06,A11,train,P02,kitchen/S43_F06/S43_F06_c015.mp4,phone_1080p,1280,720,30.004,170,5.666,fa440aa5e9f6bf6db44c8e9d7fe44dce10ed6b05f861a0dcff58d94bd74dd12a,2026-07-28T15:28:35
S43_F06_c016,43,kitchen,S43_F06,F06,A11,train,P02,kitchen/S43_F06/S43_F06_c016.mp4,phone_1080p,1280,720,30.004,182,6.066,c097c184eb00524c7b9943ec60d082242968f7aacb3a60db8cbfe374e8a9b01c,2026-07-28T15:28:50
S43_F06_c017,43,kitchen,S43_F06,F06,A11,train,P01,kitchen/S43_F06/S43_F06_c017.mp4,phone_1080p,1280,720,30.058,166,5.523,edd396a6c80e5b98dac6018cce417bbc222d989e1bec9e32cbf119371d71ae78,2026-07-28T15:29:09
S43_F06_c018,43,kitchen,S43_F06,F06,A11,train,P01,kitchen/S43_F06/S43_F06_c018.mp4,phone_1080p,1280,720,30.061,159,5.289,2be9fdc026b86e9760b1ec3abd59242b99bdb4ba06dbdeb99fed7459d621802f,2026-07-28T15:29:19
S43_F06_c019,43,kitchen,S43_F06,F06,A11,train,P01,kitchen/S43_F06/S43_F06_c019.mp4,phone_1080p,1280,720,30.004,170,5.666,ea560c7c01e86ccfd8a6842d57d15ab71d783ce4d068a69b11ed6819891907ac,2026-07-28T15:30:09
S43_F06_c020,43,kitchen,S43_F06,F06,A11,train,P01,kitchen/S43_F06/S43_F06_c020.mp4,phone_1080p,1280,720,30.068,141,4.689,14a2916d62e077663758bfb83a57b5e8faac99544a3edb60aca1878672ab9a3f,2026-07-28T15:30:20
S43_F06_c021,43,kitchen,S43_F06,F06,A11,train,P01,kitchen/S43_F06/S43_F06_c021.mp4,phone_1080p,1280,720,30.057,170,5.656,598da24288d3b61f76daeefa15a31f027992c32604efd702d7131d8f2ded7cb1,2026-07-28T15:30:36
S43_F06_c022,43,kitchen,S43_F06,F06,A11,train,P01,kitchen/S43_F06/S43_F06_c022.mp4,phone_1080p,1280,720,30.004,142,4.733,e7d0829ba9825b563902b5b6f48d2a79a100bf4da6a0d20f453ed6558c211e1a,2026-07-28T15:30:47
S43_F06_c023,43,kitchen,S43_F06,F06,A11,train,P01,kitchen/S43_F06/S43_F06_c023.mp4,phone_1080p,1280,720,30.057,170,5.656,49dc7ed71307422cb1bad49fc887e911420ecffbf9a4c1affa8e2df476d9ccf5,2026-07-28T15:30:57
S43_F06_c024,43,kitchen,S43_F06,F06,A11,train,P04,kitchen/S43_F06/S43_F06_c024.mp4,phone_1080p,1280,720,29.918,108,3.61,875a420ce945af4de49e166419c80bbae2665102fb708f718b24a0399cb3e27b,2026-07-28T16:47:19
S43_F06_c025,43,kitchen,S43_F06,F06,A11,train,P04,kitchen/S43_F06/S43_F06_c025.mp4,phone_1080p,1280,720,29.753,96,3.227,a7890d5230af7c897d93c2997963ea0d18ddb69b9a679cc0f1ee0c18289ae473,2026-07-28T16:47:25
S43_F06_c026,43,kitchen,S43_F06,F06,A11,train,P04,kitchen/S43_F06/S43_F06_c026.mp4,phone_1080p,1280,720,29.857,104,3.483,5c7b561ccf7052cb0ebab56499567af77b33bfc90353d84ae9a13a92fb20d62b,2026-07-28T16:47:59
S43_F06_c027,43,kitchen,S43_F06,F06,A11,train,P04,kitchen/S43_F06/S43_F06_c027.mp4,phone_1080p,1280,720,29.918,116,3.877,7725dfdaed15bd970d4bd1bb3114f4911e422f6229f57eb53e9f8db2ec729b09,2026-07-28T16:48:05
S43_F06_c028,43,kitchen,S43_F06,F06,A11,train,P04,kitchen/S43_F06/S43_F06_c028.mp4,phone_1080p,1280,720,29.918,126,4.212,302e6e14bd1bf1bbc6c0a0ff56450b02ca45a17d46548f011a3671ecb4500753,2026-07-28T16:48:13
S43_F06_c029,43,kitchen,S43_F06,F06,A11,train,P04,kitchen/S43_F06/S43_F06_c029.mp4,phone_1080p,1280,720,29.918,142,4.746,e246bb54e961762f434c86d1484d353cfbd8774b24d101b92e260e7df75b2c2e,2026-07-28T16:48:21
S43_F06_c030,43,kitchen,S43_F06,F06,A11,train,P04,kitchen/S43_F06/S43_F06_c030.mp4,phone_1080p,1280,720,29.869,126,4.218,fba4d1d9a74159459bf37c12d7d6beec9560eec2b2b3a2a8526a7979421a4cf0,2026-07-28T16:48:39
S43_F06_c031,43,kitchen,S43_F06,F06,A11,train,P04,kitchen/S43_F06/S43_F06_c031.mp4,phone_1080p,1280,720,29.918,116,3.877,619f38b874c8d1f7308a0a2dd4c901361d85f13aa6a2f198df486bedd1ca8ca6,2026-07-28T16:48:48
S43_F06_c032,43,kitchen,S43_F06,F06,A11,train,P04,kitchen/S43_F06/S43_F06_c032.mp4,phone_1080p,1280,720,29.918,138,4.613,524e6e8f5d32c178dc57f5393e8492ab3631946248b794a95e919f9015ad5ec6,2026-07-28T16:48:56
S43_F06_c033,43,kitchen,S43_F06,F06,A11,train,P04,kitchen/S43_F06/S43_F06_c033.mp4,phone_1080p,1280,720,29.918,133,4.445,af5efb5b7464b09f8d34039175c9e4d23ab7f93e79ec943e4759904bb0424485,2026-07-28T16:49:05
S43_F06_c034,43,kitchen,S43_F06,F06,A11,train,P01,kitchen/S43_F06/S43_F06_c034.mp4,realsense_480p,640,480,15.0,88,5.867,e7773d8f8dc24cf557ac7cdf7d0c7a00248b2b4eaf751057f0e53cddb479d6d3,
S43_F06_c035,43,kitchen,S43_F06,F06,A11,train,P01,kitchen/S43_F06/S43_F06_c035.mp4,realsense_480p,640,480,15.0,76,5.067,1ff2877c0e121fe45e39be35191efdc967f98127cb4fb629df681343a06ec4f7,
S43_F06_c036,43,kitchen,S43_F06,F06,A11,train,P01,kitchen/S43_F06/S43_F06_c036.mp4,realsense_480p,640,480,15.0,87,5.8,195d5cf35e4ee5b94d6b37057e2d4495b0073da9f29733f7e1757744929894e8,
S43_F06_c037,43,kitchen,S43_F06,F06,A11,train,P01,kitchen/S43_F06/S43_F06_c037.mp4,realsense_480p,640,480,15.0,75,5.0,95fff7a83624377eee4ed7e47d0bc255db2de4d3ede7ac53d6c210654348f24c,
S43_F06_c038,43,kitchen,S43_F06,F06,A11,train,P02,kitchen/S43_F06/S43_F06_c038.mp4,realsense_480p,640,480,15.0,97,6.467,8336393925c053c845404bc8e331c0780280f693f9a4219cf9cc43449d8c400f,
S43_F06_c039,43,kitchen,S43_F06,F06,A11,train,P02,kitchen/S43_F06/S43_F06_c039.mp4,realsense_480p,640,480,15.0,95,6.333,4b15589c839ded902e6e02d0d01fc4651c57565f6391a5246ca5a82435ebb427,
S43_F06_c040,43,kitchen,S43_F06,F06,A11,train,P02,kitchen/S43_F06/S43_F06_c040.mp4,realsense_480p,640,480,15.0,116,7.733,7d5dae5882b21ab9c75549eaa641a313a0d9d556712674febdfe75779d85894e,
S43_F06_c041,43,kitchen,S43_F06,F06,A11,train,P02,kitchen/S43_F06/S43_F06_c041.mp4,realsense_480p,640,480,15.0,93,6.2,c126fa887505d43d05d3153adde4096c2fe042ff700a488e7540b98ea06519f9,
S43_F06_c042,43,kitchen,S43_F06,F06,A11,train,P02,kitchen/S43_F06/S43_F06_c042.mp4,realsense_480p,640,480,15.0,89,5.933,8040b72e2dada35b986939110d138662952e5bea88bd19c3ccd12f1dc5d0418f,
S43_F06_c043,43,kitchen,S43_F06,F06,A11,train,P02,kitchen/S43_F06/S43_F06_c043.mp4,realsense_480p,640,480,15.0,93,6.2,e62a53b42c62b0cb188755edea6a5e31740320fd56b8f757f57d62f8fb204e72,
S43_F06_c044,43,kitchen,S43_F06,F06,A11,train,P01,kitchen/S43_F06/S43_F06_c044.mp4,realsense_480p,640,480,15.0,86,5.733,ae892871fa93884356e2030018a6ea77d3f18e548af9be1e4b40041daa70edde,
S43_F06_c045,43,kitchen,S43_F06,F06,A11,train,P01,kitchen/S43_F06/S43_F06_c045.mp4,realsense_480p,640,480,15.0,90,6.0,510a454d209f40f04a4d2e0bb67fb76486fa17910280218365fcf59cf613eecd,
S44_F07_c001,44,kitchen,S44_F07,F07,A08,train,P01,kitchen/S44_F07/S44_F07_c001.mp4,realsense_480p,640,480,15.0,88,5.867,bc475ebdda7f9222160490353d8d89379c374e682a82c20cd9d2ee65e7039a9a,
S44_F07_c002,44,kitchen,S44_F07,F07,A08,train,P01,kitchen/S44_F07/S44_F07_c002.mp4,realsense_480p,640,480,15.0,82,5.467,6127e2a7d9b086e39e462545b8b24fafd2df64b460fad32cc3bd72a914b7711c,
S44_F07_c006,44,kitchen,S44_F07,F07,A08,train,P01,kitchen/S44_F07/S44_F07_c006.mp4,realsense_480p,640,480,15.0,91,6.067,c67d333ff73ff17d17d1ad8829211669fc3d8a95a6f84e780cd25f79148edfaf,
S44_F07_c007,44,kitchen,S44_F07,F07,A08,train,P01,kitchen/S44_F07/S44_F07_c007.mp4,realsense_480p,640,480,15.0,93,6.2,868a68a77ff4f0e6fa6491c32e22ab946c217d7a4e64310fd9a9d845cf0b1d26,
S44_F07_c008,44,kitchen,S44_F07,F07,A08,train,P01,kitchen/S44_F07/S44_F07_c008.mp4,realsense_480p,640,480,15.0,87,5.8,6dae50a29dd1b042a7dc1c94c6634f03e58f94c71425bc190c69fbf2fbc377f5,
S44_F07_c009,44,kitchen,S44_F07,F07,A08,train,P01,kitchen/S44_F07/S44_F07_c009.mp4,realsense_480p,640,480,15.0,93,6.2,8513acbe9874ed045d891877ba42e214e85c5bd23e01012809600f3e45e5f501,
S44_F07_c010,44,kitchen,S44_F07,F07,A08,train,P01,kitchen/S44_F07/S44_F07_c010.mp4,realsense_480p,640,480,15.0,89,5.933,ccbd291899392dffe7539dc091e8d90765073ae2c0313e68b7d60437971fdead,
S44_F07_c014,44,kitchen,S44_F07,F07,A08,train,P01,kitchen/S44_F07/S44_F07_c014.mp4,realsense_480p,640,480,15.0,88,5.867,23ea263a81982bd11229a47898f3374754dc1f595644e4a8e9e6145ceafefaf1,
S44_F07_c015,44,kitchen,S44_F07,F07,A08,train,P01,kitchen/S44_F07/S44_F07_c015.mp4,realsense_480p,640,480,15.0,93,6.2,f9a3f4a204a86feae153376c23730ded4bc9115787303be9e9b329d5627971fb,
S44_F07_c016,44,kitchen,S44_F07,F07,A08,train,P01,kitchen/S44_F07/S44_F07_c016.mp4,realsense_480p,640,480,15.0,84,5.6,8dd1c4fb7ad484f1846a80852143f27bdbdba1e34de59b78d403aa6520e22df1,
S44_F07_c017,44,kitchen,S44_F07,F07,A08,train,P01,kitchen/S44_F07/S44_F07_c017.mp4,realsense_480p,640,480,15.0,88,5.867,f0611dec2c5b24cb2b4329e4d31b179d1edac27e75148becea20c51e60002c46,
S44_F07_c018,44,kitchen,S44_F07,F07,A08,train,P01,kitchen/S44_F07/S44_F07_c018.mp4,realsense_480p,640,480,15.0,95,6.333,5d5627a822b73991f834213dce5d96f69c1710ac1f658daa9a0ac42b41dbef68,
S44_F07_c019,44,kitchen,S44_F07,F07,A08,train,P01,kitchen/S44_F07/S44_F07_c019.mp4,realsense_480p,640,480,15.0,91,6.067,bf174c67cf7fc5083711b3fbdf534ca3764282f8ec5463919e43994fbb16ab75,
S44_F07_c020,44,kitchen,S44_F07,F07,A08,train,P01,kitchen/S44_F07/S44_F07_c020.mp4,realsense_480p,640,480,15.0,95,6.333,ad99ab4a183f0123e40a352448353dfd5d08716c63155e29bfbc943f0122d59f,
S44_F07_c021,44,kitchen,S44_F07,F07,A08,train,P01,kitchen/S44_F07/S44_F07_c021.mp4,realsense_480p,640,480,15.0,86,5.733,2ccfcaa5ddb774cd7c405186b9429845650971ea492b0e85bea8dd97544a2fb9,
S44_F07_c022,44,kitchen,S44_F07,F07,A08,train,P04,kitchen/S44_F07/S44_F07_c022.mp4,phone_1080p,1280,720,23.911,94,3.931,35a1747b825f3e72a0f394fd231ee38129a1fe729d608557269b5ab56e04fedf,
S44_F07_c023,44,kitchen,S44_F07,F07,A08,train,P04,kitchen/S44_F07/S44_F07_c023.mp4,phone_1080p,1280,720,24.015,105,4.372,602bbaeadedb2ccad795056154bf766d8034b10e58045cedd9317c906eb99d9a,
S44_F07_c024,44,kitchen,S44_F07,F07,A08,train,P04,kitchen/S44_F07/S44_F07_c024.mp4,phone_1080p,1280,720,23.95,99,4.134,4a098eb0ad8c2fe882418108b93f7aadad028fe36bd51b70fde1e7b3d0ed24e6,
S44_F07_c025,44,kitchen,S44_F07,F07,A08,train,P04,kitchen/S44_F07/S44_F07_c025.mp4,phone_1080p,1280,720,23.924,103,4.305,7235563a30b4d161d0ed90ad537f0039f0110e72fb82dfae94f09368c193bdc4,
S44_F07_c026,44,kitchen,S44_F07,F07,A08,train,P04,kitchen/S44_F07/S44_F07_c026.mp4,phone_1080p,1280,720,23.903,121,5.062,26cbdcd9af5ffe017310a7668279edf3d45e8a76a700dc296c2a971a8fbff9e7,
S44_F07_c027,44,kitchen,S44_F07,F07,A08,train,P04,kitchen/S44_F07/S44_F07_c027.mp4,phone_1080p,1280,720,24.027,109,4.537,86e4aa97505e8cd873d08551218b24f618732dc15ce06f857c687bb74b752e64,
S44_F07_c028,44,kitchen,S44_F07,F07,A08,train,P05,kitchen/S44_F07/S44_F07_c028.mp4,phone_1080p,1280,720,23.924,90,3.762,1759c8c4e0152689c773d9f11681bbc269112603589cf7ed7c5a671df088e833,
S44_F07_c029,44,kitchen,S44_F07,F07,A08,train,P05,kitchen/S44_F07/S44_F07_c029.mp4,phone_1080p,1280,720,23.809,81,3.402,2a5d82e0579676f95d31f1311c5c99964ce714e6f83e72bb17bfd2724398607e,
S44_F07_c030,44,kitchen,S44_F07,F07,A08,train,P02,kitchen/S44_F07/S44_F07_c030.mp4,phone_1080p,1280,720,30.0,173,5.767,66956e73b2b0f2e346cfc0b64b4ade403b61a93da2c1805da7f834be9006e709,
S44_F07_c031,44,kitchen,S44_F07,F07,A08,train,P02,kitchen/S44_F07/S44_F07_c031.mp4,phone_1080p,1280,720,30.0,168,5.6,6ab6f1755b7f366f0b431cc850183239d4c9c1f01ca9c39494caf582634fcab9,
S44_F07_c032,44,kitchen,S44_F07,F07,A08,train,P02,kitchen/S44_F07/S44_F07_c032.mp4,phone_1080p,1280,720,30.0,169,5.633,63b112dc46c32210ab7938773bf63ec7e25ccaef8ad3fc6922a82ef2df8da4ea,
S44_F07_c033,44,kitchen,S44_F07,F07,A08,train,P02,kitchen/S44_F07/S44_F07_c033.mp4,phone_1080p,1280,720,30.004,165,5.499,cba0cec28a80b5ec67d51493f7788944eaf261778c5e724c56b9753d172336ca,
S44_F07_c034,44,kitchen,S44_F07,F07,A08,train,P02,kitchen/S44_F07/S44_F07_c034.mp4,phone_1080p,1280,720,30.005,169,5.632,6d2e119fefaae5e2c1e8055ccd66269d99fd4d374b10998791a2034a33e36cbf,
S44_F07_c035,44,kitchen,S44_F07,F07,A08,train,P02,kitchen/S44_F07/S44_F07_c035.mp4,phone_1080p,1280,720,30.005,169,5.632,10344ac8391dace29f9459b86a06eba8a6977bc9f3d96a32347dc309afb575bc,
S44_F07_c036,44,kitchen,S44_F07,F07,A08,train,P02,kitchen/S44_F07/S44_F07_c036.mp4,phone_1080p,1280,720,30.0,169,5.633,694bb4d2a34aaaa8ba92f64a440707360b82c327f9302e045722c160336c8413,
S44_F07_c037,44,kitchen,S44_F07,F07,A08,train,P02,kitchen/S44_F07/S44_F07_c037.mp4,phone_1080p,1280,720,30.0,170,5.667,166d53c0867697d282b8f4dd392bc9a0fd702b377e6a01300ac8aeda524867f7,
S44_F07_c038,44,kitchen,S44_F07,F07,A08,train,P02,kitchen/S44_F07/S44_F07_c038.mp4,phone_1080p,1280,720,30.0,169,5.633,d9a354dee25b59fa3399312d7f1dc1eba863d9ede023f020c9a22421c31cfb44,
S44_F07_c039,44,kitchen,S44_F07,F07,A08,train,P02,kitchen/S44_F07/S44_F07_c039.mp4,phone_1080p,1280,720,30.005,168,5.599,fa1277860eb994cd562f4c1766e3190e73ea1ae3074c0b33248ac4e06b7fe73f,
S44_F07_c040,44,kitchen,S44_F07,F07,A08,train,P02,kitchen/S44_F07/S44_F07_c040.mp4,phone_1080p,1280,720,30.005,171,5.699,5ec18a11d3cd1d6421a8631900d0783a7b2f3aa7a7051a8826d2970ccc45878a,
S44_F07_c041,44,kitchen,S44_F07,F07,A08,train,P02,kitchen/S44_F07/S44_F07_c041.mp4,phone_1080p,1280,720,30.006,165,5.499,24727d7a6835814f8e3ab0165e63bc845f82c2e65f63382bb5ea94b9de8b2f3b,
S44_F07_c042,44,kitchen,S44_F07,F07,A08,train,P06,kitchen/S44_F07/S44_F07_c042.mp4,phone_1080p,1024,576,30.0,228,7.6,f7f03b6b9ce4e4746a1cbe6ca02114f8e97df84e6a8c795fc6e8a5d55d728a55,
S44_F07_c043,44,kitchen,S44_F07,F07,A08,train,P06,kitchen/S44_F07/S44_F07_c043.mp4,phone_1080p,832,464,31.579,394,12.477,2c95ef9898dca8b7092a4db5601e5970f6a422a3e2915db0ea3a363737538c9d,
S44_F07_c044,44,kitchen,S44_F07,F07,A08,train,P06,kitchen/S44_F07/S44_F07_c044.mp4,phone_1080p,1024,576,29.863,218,7.3,01c446d2909d71e0cf7ba4bb86f99355ee133c11d0d9b96fd60e5fa7ac537c71,
S44_F07_c045,44,kitchen,S44_F07,F07,A08,train,P06,kitchen/S44_F07/S44_F07_c045.mp4,phone_1080p,1024,576,29.88,249,8.333,d91e4aa906725a05154036cdc9d18182fa5640f471e27c0b36858a47cf6179ee,
S44_F07_c046,44,kitchen,S44_F07,F07,A08,train,P06,kitchen/S44_F07/S44_F07_c046.mp4,phone_1080p,1024,576,29.859,212,7.1,b50070d106da947eb6daa742d769fa642d285dbab6f3dc48bc3d6ca8972b6ce7,
S44_F07_c047,44,kitchen,S44_F07,F07,A08,train,P06,kitchen/S44_F07/S44_F07_c047.mp4,phone_1080p,1024,576,29.855,206,6.9,a08f49dd259a5195dd4a2557a15fed811fbbc420b33107617a4d2736896bed10,
S44_F07_c048,44,kitchen,S44_F07,F07,A08,train,P06,kitchen/S44_F07/S44_F07_c048.mp4,phone_1080p,1024,576,29.867,225,7.533,253544b016075e1f037baa630a190612b73d84f18fb79cadcc96643473dc156f,
S44_F07_c049,44,kitchen,S44_F07,F07,A08,train,P06,kitchen/S44_F07/S44_F07_c049.mp4,phone_1080p,1024,576,29.862,217,7.267,994513a084bf98eec81a45368e7474a6078cbb5ac6b5fdecfc30d6fda1f44f8e,
S44_F07_c050,44,kitchen,S44_F07,F07,A08,train,P06,kitchen/S44_F07/S44_F07_c050.mp4,phone_1080p,1024,576,29.858,210,7.033,f27cadb567e1119bcbc0b2f2f0a6e37c030538d8644f40d91d9b0dbe3280951d,
S44_F07_c051,44,kitchen,S44_F07,F07,A08,train,P06,kitchen/S44_F07/S44_F07_c051.mp4,phone_1080p,1024,576,29.861,215,7.2,149c88f87ffc3e69dcb0d5ed5765f1e7ca0f5a2f3f044849c3a297c727e9bf10,
S44_F07_c052,44,kitchen,S44_F07,F07,A08,train,P06,kitchen/S44_F07/S44_F07_c052.mp4,phone_1080p,1024,576,30.0,205,6.833,752aa8820b6a5fa3beb2c03b7567167d6084e2b94ca871ca5bd7c689233feaeb,
S44_F07_c053,44,kitchen,S44_F07,F07,A08,train,P06,kitchen/S44_F07/S44_F07_c053.mp4,phone_1080p,1024,576,29.852,202,6.767,95f89ed426ed24215b134c40ffdaf8abbaa6bd12a26baba735559504f250c19c,
S45_F07_c001,45,kitchen,S45_F07,F07,A08,train,P01,kitchen/S45_F07/S45_F07_c001.mp4,realsense_480p,640,480,15.0,119,7.933,1eb91b9e173a0f60ed3c6482e6a37975ac195c64a6126e26430f863e61feaac8,2026-06-02T20:19:39
S45_F07_c002,45,kitchen,S45_F07,F07,A08,train,P01,kitchen/S45_F07/S45_F07_c002.mp4,realsense_480p,640,480,15.0,114,7.6,22ac08012933ed1d131199aabb53e9aa1e6439acf7a6271e507bc2e9289aa8c5,2026-06-02T20:20:00
S45_F07_c003,45,kitchen,S45_F07,F07,A08,train,P01,kitchen/S45_F07/S45_F07_c003.mp4,realsense_480p,640,480,15.0,134,8.933,6b6a44c108ff70335fb2ec9d91bc2fde33d0c158dfc6c71a95c0867eaa08a4a3,2026-06-02T20:20:20
S45_F07_c004,45,kitchen,S45_F07,F07,A08,train,P01,kitchen/S45_F07/S45_F07_c004.mp4,realsense_480p,640,480,15.0,117,7.8,56e08be61106c88d467089780f18393849facb3349d7eefa56de498944c94d1d,2026-06-02T20:20:39
S45_F07_c005,45,kitchen,S45_F07,F07,A08,train,P01,kitchen/S45_F07/S45_F07_c005.mp4,realsense_480p,640,480,15.0,116,7.733,4bd66fc67cd330ef6b531af63e059bbfad118a284d302e7bd46f4302dac2e5ac,2026-06-02T20:21:58
S45_F07_c006,45,kitchen,S45_F07,F07,A08,train,P01,kitchen/S45_F07/S45_F07_c006.mp4,realsense_480p,640,480,15.0,118,7.867,7dab63c4ec0b6a1d72a19041ea28732de180c4959a3f12f1bf51a7398c16a96c,2026-06-02T20:22:09
S45_F07_c007,45,kitchen,S45_F07,F07,A08,train,P01,kitchen/S45_F07/S45_F07_c007.mp4,realsense_480p,640,480,15.0,116,7.733,c93f2a3b593261e16090e27b1b2d38f2aee4a804d04394979a129e7a10737cc7,2026-06-02T20:22:31
S45_F07_c008,45,kitchen,S45_F07,F07,A08,train,P01,kitchen/S45_F07/S45_F07_c008.mp4,realsense_480p,640,480,15.0,123,8.2,9db7843bc86e78651a2af9d86626781035cbc9609215ea24b4c9e82522c50b35,2026-06-02T20:22:47
S45_F07_c009,45,kitchen,S45_F07,F07,A08,train,P01,kitchen/S45_F07/S45_F07_c009.mp4,realsense_480p,640,480,15.0,114,7.6,919af437fc25e83769607ac1cab208a21144cba92d0c0cb0847f877868571bf0,2026-06-02T20:23:20
S45_F07_c010,45,kitchen,S45_F07,F07,A08,train,P01,kitchen/S45_F07/S45_F07_c010.mp4,realsense_480p,640,480,15.0,114,7.6,4d923bd7432744a82aa7c0bf01bcc66ae68bf2ae901cfeee1c5297846a9c16af,2026-06-02T20:23:32
S45_F07_c011,45,kitchen,S45_F07,F07,A08,train,P01,kitchen/S45_F07/S45_F07_c011.mp4,realsense_480p,640,480,15.0,121,8.067,3e9a310df4a9928f0d8882a4658579ef8791908eb9adbf3548064553b485398a,2026-06-02T20:23:47
S45_F07_c012,45,kitchen,S45_F07,F07,A08,train,P01,kitchen/S45_F07/S45_F07_c012.mp4,realsense_480p,640,480,15.0,116,7.733,5fd055b0ec9b5423a60dd9c823a74d2bc527a576710431f749c5a626b03e2603,2026-06-02T20:24:00
S45_F07_c013,45,kitchen,S45_F07,F07,A08,train,P01,kitchen/S45_F07/S45_F07_c013.mp4,realsense_480p,640,480,15.0,119,7.933,73e4d94d0c7e96fe807ed79acd1a8ef92075de482798fe7201b06d3e490218a8,2026-06-02T20:24:27
S45_F07_c014,45,kitchen,S45_F07,F07,A08,train,P01,kitchen/S45_F07/S45_F07_c014.mp4,realsense_480p,640,480,15.0,116,7.733,11d6f7b881d8f420b2db695fc5fe33304787546602f20248ae0f10c8adb1c850,2026-06-02T20:24:40
S45_F07_c015,45,kitchen,S45_F07,F07,A08,train,P01,kitchen/S45_F07/S45_F07_c015.mp4,realsense_480p,640,480,15.0,115,7.667,89dd1daa214cd6f52999d417ce5b83513ef2cd398de9386f9ab0c55276f555b8,2026-06-02T20:25:01
S45_F07_c016,45,kitchen,S45_F07,F07,A08,train,P01,kitchen/S45_F07/S45_F07_c016.mp4,realsense_480p,640,480,15.0,117,7.8,5cc25ccfad3d535bb592807b62684bdaf8fcb472164eed9c76d41adf16caa4f1,2026-06-02T20:25:14
S45_F07_c017,45,kitchen,S45_F07,F07,A08,train,P04,kitchen/S45_F07/S45_F07_c017.mp4,phone_1080p,1280,720,23.853,86,3.605,cf5100b20cb5cc339a7a903fdf8f7d731332671a96d555682477cc1dd0ff6746,2026-07-07T18:05:51
S45_F07_c018,45,kitchen,S45_F07,F07,A08,train,P04,kitchen/S45_F07/S45_F07_c018.mp4,phone_1080p,1280,720,23.862,103,4.317,b95cdb4aa0d78dacaf9953ffbb0a04815bde23cbce50c18de8af7000080de5d8,2026-07-07T18:05:58
S45_F07_c019,45,kitchen,S45_F07,F07,A08,train,P04,kitchen/S45_F07/S45_F07_c019.mp4,phone_1080p,1280,720,23.911,121,5.061,a60a3c0f959859a17d272da0b5eee3d9d1522377e3ba0d5d19bd095a8b83fd57,2026-07-07T18:06:07
S45_F07_c020,45,kitchen,S45_F07,F07,A08,train,P04,kitchen/S45_F07/S45_F07_c020.mp4,phone_1080p,1280,720,23.85,112,4.696,117f00e0646d991bcaf05d9e67512ddf6c7991b30c7665f9c0d25ffba80eba06,2026-07-07T18:06:16
S45_F07_c021,45,kitchen,S45_F07,F07,A08,train,P04,kitchen/S45_F07/S45_F07_c021.mp4,phone_1080p,1280,720,23.916,103,4.307,f5e10be0c6e546a2ffeead1c65b9fb58a5289feccb0a072735bff52c0bf26f95,2026-07-07T18:06:31
S45_F07_c022,45,kitchen,S45_F07,F07,A08,train,P04,kitchen/S45_F07/S45_F07_c022.mp4,phone_1080p,1280,720,23.976,93,3.879,972da17f9c6359b74772814a561aa180b2dc221adbc42ea98c58a78469616ced,2026-07-07T18:06:38
S45_F07_c023,45,kitchen,S45_F07,F07,A08,train,P04,kitchen/S45_F07/S45_F07_c023.mp4,phone_1080p,1280,720,23.959,99,4.132,d2e81542c9397673d781147518cd11ddfe28cc8e72c5f5769f72cd962f2fd5b0,2026-07-07T18:16:49
S45_F07_c024,45,kitchen,S45_F07,F07,A08,train,P04,kitchen/S45_F07/S45_F07_c024.mp4,phone_1080p,1280,720,23.971,98,4.088,e3f78edcfff5440c6bdb94f7bf4edaa2b9225a234f7cc0736534a6e82ecb32a6,2026-07-07T18:18:31
S45_F07_c025,45,kitchen,S45_F07,F07,A08,train,P04,kitchen/S45_F07/S45_F07_c025.mp4,phone_1080p,1280,720,23.963,87,3.631,5d18dfc4e583a1e0c53328ec9fa93f15fbc7b5e23d481513697c7d026aa16e16,2026-07-07T18:18:39
S45_F07_c026,45,kitchen,S45_F07,F07,A08,train,P04,kitchen/S45_F07/S45_F07_c026.mp4,phone_1080p,1280,720,23.974,104,4.338,b7379ba69c5cda3871d01e5875eea511bb477e9ef0b67be944728e29c99bdb1b,2026-07-07T18:18:51
S45_F07_c027,45,kitchen,S45_F07,F07,A08,train,P04,kitchen/S45_F07/S45_F07_c027.mp4,phone_1080p,1280,720,23.874,85,3.56,beb7fd0aa5e0078f7f1f11bc895434d85168ad56509249d7f04bcff647060f82,2026-07-07T18:18:58
S45_F07_c028,45,kitchen,S45_F07,F07,A08,train,P04,kitchen/S45_F07/S45_F07_c028.mp4,phone_1080p,1280,720,23.838,80,3.356,68916584f0e758d1079d5ae12c86878384cd5d46b4d0db064544ec108c1164e3,2026-07-07T18:23:36
S45_F07_c029,45,kitchen,S45_F07,F07,A08,train,P04,kitchen/S45_F07/S45_F07_c029.mp4,phone_1080p,1280,720,23.869,79,3.31,c4f5f7b4a20e0859006466d91ac7536ec4189a2cc9aae94ad71820cf2ade9a77,2026-07-07T18:23:45
S45_F07_c030,45,kitchen,S45_F07,F07,A08,train,P04,kitchen/S45_F07/S45_F07_c030.mp4,phone_1080p,1280,720,24.004,96,3.999,eaf955f6b0a64fa931d59f1e4992add922fb85b6ea81a16dff883b2d9583d4a4,2026-07-07T18:23:56
S45_F07_c031,45,kitchen,S45_F07,F07,A08,train,P04,kitchen/S45_F07/S45_F07_c031.mp4,phone_1080p,1280,720,23.928,93,3.887,73c9081e8e2d97d1baf950c106cf90a9b9dc622de10fb2acfc7972f7282d6f49,2026-07-07T18:24:03
S45_F07_c032,45,kitchen,S45_F07,F07,A08,train,P02,kitchen/S45_F07/S45_F07_c032.mp4,phone_1080p,1280,720,30.0,179,5.967,0c530e25bce63f59a0c922f8314dbf859321d23819b34ffa52ab69272c1d9fe2,2026-07-06T15:13:53
S45_F07_c033,45,kitchen,S45_F07,F07,A08,train,P02,kitchen/S45_F07/S45_F07_c033.mp4,phone_1080p,1280,720,30.0,164,5.467,1baa24792d65684254380caa30ac2d4f5d98740190a322bb1c320e550bcad2f8,2026-07-06T15:14:08
S45_F07_c034,45,kitchen,S45_F07,F07,A08,train,P02,kitchen/S45_F07/S45_F07_c034.mp4,phone_1080p,1280,720,30.0,166,5.533,ae567871d3eed7093aef325890b0eba1441b3f61e03b7defe975231ff449016e,2026-07-06T15:14:24
S45_F07_c035,45,kitchen,S45_F07,F07,A08,train,P02,kitchen/S45_F07/S45_F07_c035.mp4,phone_1080p,1280,720,30.0,170,5.667,f0406ec847de4e6deafa53e6d0960cff932d8ab935278c99b723a89309b265fa,2026-07-06T15:14:36
S45_F07_c036,45,kitchen,S45_F07,F07,A08,train,P02,kitchen/S45_F07/S45_F07_c036.mp4,phone_1080p,1280,720,30.0,166,5.533,ee6441f792b100d5a43e7e289a1f169f34b0e4540fbf0e5311d7017b5ee32d89,2026-07-06T15:14:54
S45_F07_c037,45,kitchen,S45_F07,F07,A08,train,P02,kitchen/S45_F07/S45_F07_c037.mp4,phone_1080p,1280,720,30.0,170,5.667,bbb15c5793d0926ae584713e19993ef72efa39c61e114ef4103fc1c1e466d711,2026-07-06T15:15:04
S45_F07_c038,45,kitchen,S45_F07,F07,A08,train,P02,kitchen/S45_F07/S45_F07_c038.mp4,phone_1080p,1280,720,29.951,167,5.576,3df7cd05a112cd277a792245dbaf805f057a7ec5f80bc3956b2c78942da524bb,2026-07-06T15:15:43
S45_F07_c039,45,kitchen,S45_F07,F07,A08,train,P02,kitchen/S45_F07/S45_F07_c039.mp4,phone_1080p,1280,720,30.004,167,5.566,373cc5ee4518f85103101da77d83cf7323f04171e30bd29e28ddc406cefb2fc4,2026-07-06T15:15:59
S45_F07_c040,45,kitchen,S45_F07,F07,A08,train,P02,kitchen/S45_F07/S45_F07_c040.mp4,phone_1080p,1280,720,30.069,140,4.656,2a4cfe9609f1e66b9581db7a529cfd7aebb894715c3f8c15c1ed97d0a94da376,2026-07-06T15:16:33
S45_F07_c041,45,kitchen,S45_F07,F07,A08,train,P02,kitchen/S45_F07/S45_F07_c041.mp4,phone_1080p,1280,720,30.005,173,5.766,8ef35808cc1916af0af92b71f5ccbc7d10c17b12801e04d9f87e50160d8f60c6,2026-07-06T15:16:44
S45_F07_c042,45,kitchen,S45_F07,F07,A08,train,P02,kitchen/S45_F07/S45_F07_c042.mp4,phone_1080p,1280,720,30.005,167,5.566,783088aed889240399eb112fdc222051e3c72760ac8c38857303f06504f85d88,2026-07-06T15:17:28
S45_F07_c043,45,kitchen,S45_F07,F07,A08,train,P02,kitchen/S45_F07/S45_F07_c043.mp4,phone_1080p,1280,720,30.005,172,5.732,ef66789ca25e10c36815b08e8f66173b4171b3c3c45825fe5764c5ae391fd534,2026-07-06T15:17:40
S46_F08_c001,46,kitchen,S46_F08,F08,A07,train,P01,kitchen/S46_F08/S46_F08_c001.mp4,realsense_480p,640,480,15.0,113,7.533,b84a367d68f4aedfa3dce36abd4cf74c1b8b465ede6f49bf9d4e349a2cd6166b,
S46_F08_c002,46,kitchen,S46_F08,F08,A07,train,P01,kitchen/S46_F08/S46_F08_c002.mp4,realsense_480p,640,480,15.0,116,7.733,a1d9618364c8cf41d97f5c5d8f0be81c79716c3e91a388cf70c756139f659d32,
S46_F08_c003,46,kitchen,S46_F08,F08,A07,train,P01,kitchen/S46_F08/S46_F08_c003.mp4,realsense_480p,640,480,15.0,118,7.867,eaa86252d8ae488d723aa93eb5f84ed84ca5a21d0af2d52fd63f74f73593f8ff,
S46_F08_c004,46,kitchen,S46_F08,F08,A07,train,P01,kitchen/S46_F08/S46_F08_c004.mp4,realsense_480p,640,480,15.0,120,8.0,2da266acde5c14f2a0f17c1d0ed15508b4a12f9b5564268629bb727f64a519c1,
S46_F08_c005,46,kitchen,S46_F08,F08,A07,train,P01,kitchen/S46_F08/S46_F08_c005.mp4,realsense_480p,640,480,15.0,120,8.0,1d007b4d33677a97a3f7a11bed3023f86dde8b892ae3ceee5d3e5d011688073e,
S46_F08_c006,46,kitchen,S46_F08,F08,A07,train,P01,kitchen/S46_F08/S46_F08_c006.mp4,realsense_480p,640,480,15.0,122,8.133,a770edcc0e562b8c65d05bf1424b78b6060da5b9e1433638f69c1f547dc664c6,
S46_F08_c007,46,kitchen,S46_F08,F08,A07,train,P01,kitchen/S46_F08/S46_F08_c007.mp4,realsense_480p,640,480,15.0,121,8.067,b8b6cd8f5d5d40be7ec3e5ac0167f0a48526f3e0a8c4534653724032c97cba9c,
S46_F08_c008,46,kitchen,S46_F08,F08,A07,train,P01,kitchen/S46_F08/S46_F08_c008.mp4,realsense_480p,640,480,15.0,113,7.533,ce2aee1995e775967ca47e1343f176a2b332057935a416414cb32fcbedfdb43e,
S46_F08_c009,46,kitchen,S46_F08,F08,A07,train,P01,kitchen/S46_F08/S46_F08_c009.mp4,realsense_480p,640,480,15.0,125,8.333,3500057eafaefbe0d1554379559562e33253c5f386d02620ca720fa784587f3a,
S46_F08_c010,46,kitchen,S46_F08,F08,A07,train,P01,kitchen/S46_F08/S46_F08_c010.mp4,realsense_480p,640,480,15.0,118,7.867,538219924151b8b797d4367a812d3aadcc4258e765add9067bb132a4af1bc6f6,
S46_F08_c011,46,kitchen,S46_F08,F08,A07,train,P01,kitchen/S46_F08/S46_F08_c011.mp4,realsense_480p,640,480,15.0,121,8.067,e4b97d0e320b6d7d561ee8b1b9c97a2c44872b4b4d21b3ead7488f93b7d4173b,
S46_F08_c012,46,kitchen,S46_F08,F08,A07,train,P01,kitchen/S46_F08/S46_F08_c012.mp4,realsense_480p,640,480,15.0,114,7.6,69f167bed4999cd2be41c912ff116035473d63b00d6902bd75cec48942e4385b,
S46_F08_c013,46,kitchen,S46_F08,F08,A07,train,P01,kitchen/S46_F08/S46_F08_c013.mp4,realsense_480p,640,480,15.0,118,7.867,3d4ecdc4257f8c31ffb02cf7f573e86fd6b8c4c6bf6de70e27e8ca8267a73d24,
S46_F08_c014,46,kitchen,S46_F08,F08,A07,train,P01,kitchen/S46_F08/S46_F08_c014.mp4,realsense_480p,640,480,15.0,117,7.8,5157acabd877b31cea128cdfd232264803d3663c0caa60d7d329c1bb34e93097,
S46_F08_c015,46,kitchen,S46_F08,F08,A07,train,P01,kitchen/S46_F08/S46_F08_c015.mp4,realsense_480p,640,480,15.0,124,8.267,df6eeaddb405976a889dcc1c6753e1322a278ebd6988fab6a12bd76141faf700,
S46_F08_c016,46,kitchen,S46_F08,F08,A07,train,P01,kitchen/S46_F08/S46_F08_c016.mp4,realsense_480p,640,480,15.0,122,8.133,a69df75ff18db4a4881c3c12c412f40339e6fb8fa23d801125d0c4a9dce54163,
S46_F08_c017,46,kitchen,S46_F08,F08,A07,train,P01,kitchen/S46_F08/S46_F08_c017.mp4,realsense_480p,640,480,15.0,130,8.667,c285ce028c3b4f2ca632a77b61580f47162ad5049b763a6b01ec949cd1c74e31,
S46_F08_c018,46,kitchen,S46_F08,F08,A07,train,P01,kitchen/S46_F08/S46_F08_c018.mp4,realsense_480p,640,480,15.0,123,8.2,676e9de79e3c2899ce0e677696dfbdad679a6821f95d10cf71409c82e0680e4c,
S46_F08_c019,46,kitchen,S46_F08,F08,A07,train,P04,kitchen/S46_F08/S46_F08_c019.mp4,phone_1080p,1280,720,23.935,68,2.841,baeea6e954eeb8f2abadd8feed3370c16c1cfd7a809907fe0a816bc500a33a77,
S46_F08_c020,46,kitchen,S46_F08,F08,A07,train,P04,kitchen/S46_F08/S46_F08_c020.mp4,phone_1080p,1280,720,24.024,65,2.706,413ba2a05add1e31694e8945b5696259e1c1e7dfb882e68445d8e31d677bcf72,
S46_F08_c021,46,kitchen,S46_F08,F08,A07,train,P04,kitchen/S46_F08/S46_F08_c021.mp4,phone_1080p,1280,720,23.747,77,3.242,bbf9f84021eaacef82713ff83ca6a45b226ea1eb4648d6bfa4de54a64ff30439,
S46_F08_c022,46,kitchen,S46_F08,F08,A07,train,P04,kitchen/S46_F08/S46_F08_c022.mp4,phone_1080p,1280,720,23.976,85,3.545,0026dde2254417fd9590ace94fd66b7ab4f2b17183b97eb4fe6cb2777dd539ef,
S46_F08_c023,46,kitchen,S46_F08,F08,A07,train,P04,kitchen/S46_F08/S46_F08_c023.mp4,phone_1080p,1280,720,24.006,99,4.124,4eefb7c0f531aac93df95e08e2b8ddb59339025c30782bc393cc7c2a0cd0835c,
S46_F08_c024,46,kitchen,S46_F08,F08,A07,train,P04,kitchen/S46_F08/S46_F08_c024.mp4,phone_1080p,1280,720,23.808,70,2.94,299f97f795af2141fb7fdfd1e51f684ca43dea441c31bbe44563a9447c0ea575,
S46_F08_c025,46,kitchen,S46_F08,F08,A07,train,P04,kitchen/S46_F08/S46_F08_c025.mp4,phone_1080p,1280,720,23.937,111,4.637,347cc4e743edd96965293dd1d0729837541642f61b153eb9c7476681bddb2625,
S46_F08_c026,46,kitchen,S46_F08,F08,A07,train,P04,kitchen/S46_F08/S46_F08_c026.mp4,phone_1080p,1280,720,23.931,115,4.805,4b36e38d21dd726e4a51c00ae3a3a84991f79ff89f1e8fb279b33e69dcb09df9,
S46_F08_c027,46,kitchen,S46_F08,F08,A07,train,P04,kitchen/S46_F08/S46_F08_c027.mp4,phone_1080p,1280,720,23.98,119,4.962,de816e9bd194b6e848dc3c3af6fc9debd13f75ce888d5f4572c0306280b9b38b,
S46_F08_c028,46,kitchen,S46_F08,F08,A07,train,P04,kitchen/S46_F08/S46_F08_c028.mp4,phone_1080p,1280,720,23.978,70,2.919,365f0214251bb1221a1841d3d0be325470aca72e2645e157a3351429b71445c4,
S46_F08_c029,46,kitchen,S46_F08,F08,A07,train,P04,kitchen/S46_F08/S46_F08_c029.mp4,phone_1080p,1280,720,23.95,92,3.841,3e51ca84fa71de18009b9c20737656dec5494d200ed80c6565130acf7740446f,
S46_F08_c030,46,kitchen,S46_F08,F08,A07,train,P04,kitchen/S46_F08/S46_F08_c030.mp4,phone_1080p,1280,720,23.985,89,3.711,8305c0272493039ca023c5c746dc35a02a7e58cde2babef198e4fc9d543a58ba,
S47_F08_c001,47,kitchen,S47_F08,F08,A07,train,P06,kitchen/S47_F08/S47_F08_c001.MOV,phone_4k,3840,2160,29.992,180,6.002,8c8fe427d2dcf48334e6def2bce1551a278bfb22490b6a8aa1cc3f53825ebb86,2026-07-27T11:37:27
S47_F08_c002,47,kitchen,S47_F08,F08,A07,train,P06,kitchen/S47_F08/S47_F08_c002.MOV,phone_4k,3840,2160,29.988,242,8.07,ec4e0b3f9a98ba87e2755fc60b597172833033cccc9e609f78ff7e6b6d6cd7e1,2026-07-27T11:37:38
S47_F08_c003,47,kitchen,S47_F08,F08,A07,train,P06,kitchen/S47_F08/S47_F08_c003.MOV,phone_4k,3840,2160,30.0,177,5.9,37b890f6f06293b757ca144dfa37dddd054889270140491e4aceae2b445d39d7,2026-07-27T11:37:58
S47_F08_c004,47,kitchen,S47_F08,F08,A07,train,P06,kitchen/S47_F08/S47_F08_c004.MOV,phone_4k,3840,2160,30.0,197,6.567,fda02860e929d86ba22acc5863ab3f17065f8cbea026ea1509a3eabf45a913dc,2026-07-27T11:38:11
S47_F08_c005,47,kitchen,S47_F08,F08,A07,train,P06,kitchen/S47_F08/S47_F08_c005.MOV,phone_4k,3840,2160,30.0,243,8.1,88cbd8c8b1e61ee40a8fe5ac1052859fb1bcb6fddd02d0523d8eb49920dc6cbf,2026-07-27T11:38:40
S47_F08_c006,47,kitchen,S47_F08,F08,A07,train,P06,kitchen/S47_F08/S47_F08_c006.MOV,phone_4k,3840,2160,30.0,191,6.367,926ce0c71ef0decb6c7528bbc6b2ec35f8b83ce6b66fb026338c21a6634ea716,2026-07-27T11:38:53
S47_F08_c007,47,kitchen,S47_F08,F08,A07,train,P06,kitchen/S47_F08/S47_F08_c007.MOV,phone_4k,3840,2160,29.992,180,6.002,5da82f8396e93efb94fc2df956e17fd523e24f02a6895080ce6c537e6182b289,2026-07-27T11:39:07
S47_F08_c008,47,kitchen,S47_F08,F08,A07,train,P06,kitchen/S47_F08/S47_F08_c008.MOV,phone_4k,3840,2160,29.992,196,6.535,92526bd7b4f96177d2006515472572736275f2d507893d2c526a3721eb6a2dec,2026-07-27T11:39:17
S47_F08_c009,47,kitchen,S47_F08,F08,A07,train,P07,kitchen/S47_F08/S47_F08_c009.MOV,phone_4k,3840,2160,29.991,167,5.568,c9922918a9b2224b73cf3089377f5b6ab3cdb469d9ddf2eaf9fadb9e06e18ff8,2026-07-27T11:39:41
S47_F08_c010,47,kitchen,S47_F08,F08,A07,train,P07,kitchen/S47_F08/S47_F08_c010.MOV,phone_4k,3840,2160,30.0,176,5.867,bbfc5036de8559feff56d9e07510dcba0d54dca8f7a9b7dacd23e7a3cc564304,2026-07-27T11:39:53
S47_F08_c011,47,kitchen,S47_F08,F08,A07,train,P07,kitchen/S47_F08/S47_F08_c011.MOV,phone_4k,3840,2160,29.992,178,5.935,8d078dd7ae0626a594736de5a295f3ad17b141cac69c18660f1d14aebde7a4db,2026-07-27T11:40:04
S47_F08_c012,47,kitchen,S47_F08,F08,A07,train,P07,kitchen/S47_F08/S47_F08_c012.MOV,phone_4k,3840,2160,30.0,181,6.033,e14a0d8db34bacc2d39ef76eec178c9675745da67119285c87728284b9612cd3,2026-07-27T11:40:15
S47_F08_c013,47,kitchen,S47_F08,F08,A07,train,P07,kitchen/S47_F08/S47_F08_c013.MOV,phone_4k,3840,2160,29.991,171,5.702,e05d34b66abbc64a22095e287437eb7721536361453f931fd193c54aa07c820a,2026-07-27T11:40:39
S47_F08_c014,47,kitchen,S47_F08,F08,A07,train,P07,kitchen/S47_F08/S47_F08_c014.MOV,phone_4k,3840,2160,30.0,175,5.833,2e8bfeac4ce7320766d19fe117d3175889a5985b888de8b3f6b94e319ddb622d,2026-07-27T11:40:49
S47_F08_c015,47,kitchen,S47_F08,F08,A07,train,P07,kitchen/S47_F08/S47_F08_c015.MOV,phone_4k,3840,2160,29.991,169,5.635,74a7e3d4e1be5dbea8dc11bee366523d3d49ace84970290b2807a5e89cdc7d56,2026-07-27T11:41:00
S47_F08_c016,47,kitchen,S47_F08,F08,A07,train,P07,kitchen/S47_F08/S47_F08_c016.MOV,phone_4k,3840,2160,30.0,186,6.2,216959147272c6150d904bfa3e660c3d742a41baa21fca56506ff0c03d34346d,2026-07-27T11:41:09
S47_F08_c017,47,kitchen,S47_F08,F08,A07,train,P01,kitchen/S47_F08/S47_F08_c017.mp4,phone_1080p,1280,720,29.877,170,5.69,99f776cef09d74b07524dfecf6c5f3b243b4f7090094667b552af37bd955b0d0,2026-07-28T15:37:14
S47_F08_c018,47,kitchen,S47_F08,F08,A07,train,P01,kitchen/S47_F08/S47_F08_c018.mp4,realsense_480p,640,480,15.0,84,5.6,f662f61b539998d67bbf727c7b1e198b38b200b905cad7d645f27dc499cfbd43,2026-07-28T15:37:15
S47_F08_c019,47,kitchen,S47_F08,F08,A07,train,P01,kitchen/S47_F08/S47_F08_c019.mp4,phone_1080p,1280,720,30.008,168,5.599,808e57139de9362a1f7198b188bd8294d31ab816ba18053dcc539df4bcfdfe89,2026-07-28T15:37:24
S47_F08_c020,47,kitchen,S47_F08,F08,A07,train,P01,kitchen/S47_F08/S47_F08_c020.mp4,realsense_480p,640,480,15.0,89,5.933,60a7ad4e994d0b9c57801c4be84e81db9fb7d8d1920d80ebf89b7b1008a46d55,2026-07-28T15:37:25
S47_F08_c021,47,kitchen,S47_F08,F08,A07,train,P01,kitchen/S47_F08/S47_F08_c021.mp4,phone_1080p,1280,720,29.874,172,5.758,fc009f409cedd2a6ff257b22ade0b169b2eca8f32436f753cf4e785e927ef6df,2026-07-28T15:37:57
S47_F08_c022,47,kitchen,S47_F08,F08,A07,train,P01,kitchen/S47_F08/S47_F08_c022.mp4,realsense_480p,640,480,15.0,100,6.667,f065409d371010daf8b7939d6713e1fbd7729fb12fdaa4e73f3be22334b97e35,2026-07-28T15:37:58
S47_F08_c023,47,kitchen,S47_F08,F08,A07,train,P01,kitchen/S47_F08/S47_F08_c023.mp4,phone_1080p,1280,720,30.008,170,5.665,9d539d822bb26e223f28736aa169e4fd6cf236aabd2435ff95a1fdf87c1201a2,2026-07-28T15:38:08
S47_F08_c024,47,kitchen,S47_F08,F08,A07,train,P01,kitchen/S47_F08/S47_F08_c024.mp4,realsense_480p,640,480,15.0,81,5.4,e35af8e9dff698b449df9815414b9937ac91bad1d1a8d181e11f14e73f908afb,2026-07-28T15:38:10
S47_F08_c025,47,kitchen,S47_F08,F08,A07,train,P01,kitchen/S47_F08/S47_F08_c025.mp4,phone_1080p,1280,720,30.008,180,5.998,6b5b13efcefc4c90dd2d75f218094f85999768ab5e384db4d7c6877b7258b5fe,2026-07-28T15:38:19
S47_F08_c026,47,kitchen,S47_F08,F08,A07,train,P01,kitchen/S47_F08/S47_F08_c026.mp4,realsense_480p,640,480,15.0,132,8.8,72b462ad829d303f503bf25578bd8148965cfa9e8f67787e542feb629cafb61b,2026-07-28T15:38:20
S47_F08_c027,47,kitchen,S47_F08,F08,A07,train,P01,kitchen/S47_F08/S47_F08_c027.mp4,phone_1080p,1280,720,30.008,180,5.998,c30c3ad1641ab9f5863caf1b8eef3c14bac43fda9da7be6fd71ed2bd04d27fee,2026-07-28T15:38:28
S47_F08_c028,47,kitchen,S47_F08,F08,A07,train,P02,kitchen/S47_F08/S47_F08_c028.mp4,phone_1080p,1280,720,30.008,169,5.632,94bae233cb344a0f74c220c3b67ccb146e0bec354ade57e58c44a65f2af3da69,2026-07-28T15:38:48
S47_F08_c029,47,kitchen,S47_F08,F08,A07,train,P02,kitchen/S47_F08/S47_F08_c029.mp4,phone_1080p,1280,720,29.833,171,5.732,b056cb0cfbe7bc56c38989afbaa463b3046239dd28cd049bf3605697b262435a,2026-07-28T15:38:58
S47_F08_c030,47,kitchen,S47_F08,F08,A07,train,P02,kitchen/S47_F08/S47_F08_c030.mp4,realsense_480p,640,480,15.0,83,5.533,f9ea5f1599d8de18aefc675b4dbd9dacf009318254dc812263fd305d8f682777,2026-07-28T15:39:00
S47_F08_c031,47,kitchen,S47_F08,F08,A07,train,P02,kitchen/S47_F08/S47_F08_c031.mp4,realsense_480p,640,480,15.0,107,7.133,7ef5be4d19060878f31ae749728bf265b8e89edba62a32de0928707b8fb13e68,2026-07-28T15:39:27
S47_F08_c032,47,kitchen,S47_F08,F08,A07,train,P02,kitchen/S47_F08/S47_F08_c032.mp4,phone_1080p,1280,720,30.06,173,5.755,8be3222b423f4637c2a9a5668664ebbdc0653dadafd62de5fb28c80297e782e7,2026-07-28T15:39:41
S47_F08_c033,47,kitchen,S47_F08,F08,A07,train,P02,kitchen/S47_F08/S47_F08_c033.mp4,realsense_480p,640,480,15.0,100,6.667,17f517fd1bdbcf174035b7b182eb5a441bb9a43401f5b73aff0797947e451be8,2026-07-28T15:39:42
S47_F08_c034,47,kitchen,S47_F08,F08,A07,train,P02,kitchen/S47_F08/S47_F08_c034.mp4,phone_1080p,1280,720,30.059,174,5.789,a19a1bfd5ed8b5222a9b67921b3a37c5945b8a3680bb425582d7d9ab1d23afe6,2026-07-28T15:39:56
S47_F08_c035,47,kitchen,S47_F08,F08,A07,train,P02,kitchen/S47_F08/S47_F08_c035.mp4,realsense_480p,640,480,15.0,92,6.133,00daf1fd34f7c864a42288d386dfd2a6a46bc83aced5d3e9da7245b498d661ab,2026-07-28T15:39:57
S47_F08_c036,47,kitchen,S47_F08,F08,A07,train,P02,kitchen/S47_F08/S47_F08_c036.mp4,phone_1080p,1280,720,30.007,182,6.065,493649a49fd304e87493187ea02810f42a64edbf452d78754670ac70bd99ee54,2026-07-28T15:40:09
S47_F08_c037,47,kitchen,S47_F08,F08,A07,train,P02,kitchen/S47_F08/S47_F08_c037.mp4,realsense_480p,640,480,15.0,96,6.4,19c49e504529239a513436dbd34532955da2210b9e273c6862fc72e69592a3a3,2026-07-28T15:40:10
S47_F08_c038,47,kitchen,S47_F08,F08,A07,train,P02,kitchen/S47_F08/S47_F08_c038.mp4,phone_1080p,1280,720,30.008,185,6.165,bbe03467e6182172d845a77b09f3e7f9d36d61668b2ea4a1221566a9c3bdfc61,2026-07-28T15:40:22
S47_F08_c039,47,kitchen,S47_F08,F08,A07,train,P02,kitchen/S47_F08/S47_F08_c039.mp4,realsense_480p,640,480,15.0,102,6.8,90d7a719a67a79f2fa80dc855d0d2b50b77277e373447a52edd61888c5b0d17b,2026-07-28T15:40:23
S47_F08_c040,47,kitchen,S47_F08,F08,A07,train,P02,kitchen/S47_F08/S47_F08_c040.mp4,realsense_480p,640,480,15.0,83,5.533,f75d7a6988de3166832aaac395cb397fbd1e1223264612672488b95caed11dae,2026-07-28T15:41:37
S47_F08_c041,47,kitchen,S47_F08,F08,A07,train,P04,kitchen/S47_F08/S47_F08_c041.mp4,phone_1080p,1280,720,29.918,92,3.075,11cc9be736284d849e209df9189e3e66d87624ed618240eeb427956277fdcdc7,2026-07-28T17:18:27
S47_F08_c042,47,kitchen,S47_F08,F08,A07,train,P04,kitchen/S47_F08/S47_F08_c042.mp4,phone_1080p,1280,720,29.903,122,4.08,11eda22b705944279fabb88cccd1f86cf67f32cf0d3e9791e0b079c025394b34,2026-07-28T17:18:35
S47_F08_c043,47,kitchen,S47_F08,F08,A07,train,P04,kitchen/S47_F08/S47_F08_c043.mp4,phone_1080p,1280,720,29.674,105,3.538,5c762950deebd167ddc69bccbde29e96b83fc2f7b07bf17c0fb482411918d333,2026-07-28T17:18:44
S47_F08_c044,47,kitchen,S47_F08,F08,A07,train,P04,kitchen/S47_F08/S47_F08_c044.mp4,phone_1080p,1280,720,29.918,99,3.309,bb408aa9ce19a6419710c54350105f2b25752a47af2be1e16dde7080e063e133,2026-07-28T17:18:53
S47_F08_c045,47,kitchen,S47_F08,F08,A07,train,P04,kitchen/S47_F08/S47_F08_c045.mp4,phone_1080p,1280,720,29.838,167,5.597,92ec16ba7c915809650ffc29702ac244f99318afbb0b3245b5a11d8def903842,2026-07-28T17:19:02
S47_F08_c046,47,kitchen,S47_F08,F08,A07,train,P04,kitchen/S47_F08/S47_F08_c046.mp4,phone_1080p,1280,720,29.811,173,5.803,3f38e7fdb5d657917ef9afb76fe4f13d74754190183e544cccaa114176160c9d,2026-07-28T17:19:11
S47_F08_c047,47,kitchen,S47_F08,F08,A07,train,P04,kitchen/S47_F08/S47_F08_c047.mp4,phone_1080p,1280,720,29.903,177,5.919,c7c534e140523b0b4b0431830d0fdab62739547d6e3f2700e22ccd33cc04ec98,2026-07-28T17:19:28
S47_F08_c048,47,kitchen,S47_F08,F08,A07,train,P04,kitchen/S47_F08/S47_F08_c048.mp4,phone_1080p,1280,720,29.87,120,4.017,4cb5de3fe2fe815e3efd5fb4753e793fc54b4eaa3ab70e9edb9eb79f79ba8126,2026-07-28T17:19:39
S47_F08_c049,47,kitchen,S47_F08,F08,A07,train,P04,kitchen/S47_F08/S47_F08_c049.mp4,phone_1080p,1280,720,29.738,107,3.598,96da482f16ac0ee128358365fcbd0538e055e4b33e0c1f483d7d55cb7c50e72b,2026-07-28T17:20:04
S47_F08_c050,47,kitchen,S47_F08,F08,A07,train,P04,kitchen/S47_F08/S47_F08_c050.mp4,phone_1080p,1280,720,29.826,175,5.867,1f7788b223c463298933aec49300131312edef1e729eaf73ef1dca5ba0b171fb,2026-07-28T17:20:12
S48_F01_c001,48,kitchen,S48_F01,F01,A09,train,P01,kitchen/S48_F01/S48_F01_c001.mp4,realsense_480p,640,480,15.0,117,7.8,7cccd064055595eebf630be6e16b67af574e0cb3a9cb5eaaeb2697c225837c08,
S48_F01_c002,48,kitchen,S48_F01,F01,A09,train,P01,kitchen/S48_F01/S48_F01_c002.mp4,realsense_480p,640,480,15.0,114,7.6,63b93c492d962c5c5965f1585361d44b5146445345240eeb31c69eb348c6f4b4,
S48_F01_c003,48,kitchen,S48_F01,F01,A09,train,P01,kitchen/S48_F01/S48_F01_c003.mp4,realsense_480p,640,480,15.0,112,7.467,7cee1a33e5a24eebf3e8b634ff93a4c339b1481e6cf8ce2f57b03532be4a5d32,
S48_F01_c004,48,kitchen,S48_F01,F01,A09,train,P01,kitchen/S48_F01/S48_F01_c004.mp4,realsense_480p,640,480,15.0,114,7.6,fd1266a99fbd9eaed8074c495462e6a283503618bc04e657c441b5b7f2b70520,
S48_F01_c005,48,kitchen,S48_F01,F01,A09,train,P01,kitchen/S48_F01/S48_F01_c005.mp4,realsense_480p,640,480,15.0,110,7.333,e40f61807fc71b060086d14a659df3650b3fc06c75672027008128bf3c216781,
S48_F01_c006,48,kitchen,S48_F01,F01,A09,train,P01,kitchen/S48_F01/S48_F01_c006.mp4,realsense_480p,640,480,15.0,119,7.933,e25b900f62f8fcd8fd62cee4d9903451626bfef4986f0c1f7ea0c03012b04d1e,
S48_F01_c007,48,kitchen,S48_F01,F01,A09,train,P01,kitchen/S48_F01/S48_F01_c007.mp4,realsense_480p,640,480,15.0,112,7.467,d2bdb75086d1b16091b7f5a7e2631e949a2e2faa289961493318c30d06f5c85e,
S48_F01_c008,48,kitchen,S48_F01,F01,A09,train,P01,kitchen/S48_F01/S48_F01_c008.mp4,realsense_480p,640,480,15.0,107,7.133,687e5ba5ae16517eeef7e08f52124fb1a4ad69bffa7085d07c28d0c4042f1b2d,
S48_F01_c009,48,kitchen,S48_F01,F01,A09,train,P01,kitchen/S48_F01/S48_F01_c009.mp4,realsense_480p,640,480,15.0,114,7.6,1b50f65dec461b0ecff997b895933b3fb966f13444cea9b1d73f38b307df6788,
S48_F01_c010,48,kitchen,S48_F01,F01,A09,train,P01,kitchen/S48_F01/S48_F01_c010.mp4,realsense_480p,640,480,15.0,113,7.533,40279bf6e944074bcb44f5daf7aa7a80c7686f80b4c05470fbab883524961e68,
S48_F01_c011,48,kitchen,S48_F01,F01,A09,train,P01,kitchen/S48_F01/S48_F01_c011.mp4,realsense_480p,640,480,15.0,116,7.733,91df5dca30660b9f1f8cd39cd9dee5638a090ddc209259a3b14d3adc8ac3f150,
S48_F01_c012,48,kitchen,S48_F01,F01,A09,train,P01,kitchen/S48_F01/S48_F01_c012.mp4,realsense_480p,640,480,15.0,117,7.8,f2164d286f1e34bb6b55445342e0e84615c566d3788ba95e92564664ad44bb99,
S48_F01_c013,48,kitchen,S48_F01,F01,A09,train,P01,kitchen/S48_F01/S48_F01_c013.mp4,realsense_480p,640,480,15.0,121,8.067,ac6a6c5814870bb1aa283b750b1ae18ee6e2151fe93f7d3c1417d4eee47486dc,
S48_F01_c014,48,kitchen,S48_F01,F01,A09,train,P01,kitchen/S48_F01/S48_F01_c014.mp4,realsense_480p,640,480,15.0,112,7.467,1b715eb328d9b79ebd5cc42024ea8d889bac438310a334b6e0556197e739b11b,
S48_F01_c015,48,kitchen,S48_F01,F01,A09,train,P01,kitchen/S48_F01/S48_F01_c015.mp4,realsense_480p,640,480,15.0,111,7.4,518692b762792a5313cb4b28179760b256f637e9c1d024ecd9f75f9a0326aef4,
S48_F01_c016,48,kitchen,S48_F01,F01,A09,train,P01,kitchen/S48_F01/S48_F01_c016.mp4,realsense_480p,640,480,15.0,117,7.8,13189fb007d8f6d5ceface248427a24fa254d44ef99f3aeee64d8038bb1b1d0e,
S48_F01_c017,48,kitchen,S48_F01,F01,A09,train,P01,kitchen/S48_F01/S48_F01_c017.mp4,realsense_480p,640,480,15.0,118,7.867,674deda597f60037612a85f21b485c25ba9bc5b6501c6db5417e7982dff03ca1,
S48_F01_c018,48,kitchen,S48_F01,F01,A09,train,P04,kitchen/S48_F01/S48_F01_c018.mp4,phone_1080p,1280,720,23.92,99,4.139,b47c6c0ae96cd950cccc82c5fb5ebf32bf37a97cb11283b11664503d869e2468,
S48_F01_c019,48,kitchen,S48_F01,F01,A09,train,P04,kitchen/S48_F01/S48_F01_c019.mp4,phone_1080p,1280,720,23.941,119,4.971,9640bb93090dd05f259b0ce5a4fd01758c9f154e81e74337f20266a486eb2fd5,
S48_F01_c020,48,kitchen,S48_F01,F01,A09,train,P04,kitchen/S48_F01/S48_F01_c020.mp4,phone_1080p,1280,720,23.875,95,3.979,732222c34f9706a998127f7123a7b69afc6e9a7145988f5197ba90efe4dd503a,
S48_F01_c021,48,kitchen,S48_F01,F01,A09,train,P04,kitchen/S48_F01/S48_F01_c021.mp4,phone_1080p,1280,720,23.991,114,4.752,cf254f76cf23017b0e112c112844ec590da94182055c8e46b99aa06668aec715,
S48_F01_c022,48,kitchen,S48_F01,F01,A09,train,P04,kitchen/S48_F01/S48_F01_c022.mp4,phone_1080p,1280,720,23.948,103,4.301,c5fb758011ed8c934b4662ad4ca05d6fb01d5fe937a5ad565a778fca63ec4da7,
S48_F01_c023,48,kitchen,S48_F01,F01,A09,train,P04,kitchen/S48_F01/S48_F01_c023.mp4,phone_1080p,1280,720,23.909,88,3.681,efd1b479c7cb1e4a3e4d0afb9f392ea8d85d38767c93d92170ed09e023c0a264,
S48_F01_c024,48,kitchen,S48_F01,F01,A09,train,P04,kitchen/S48_F01/S48_F01_c024.mp4,phone_1080p,1280,720,23.98,100,4.17,87b53dbff5f268334a865483fa82bc2d934b9addc861aa4c233ef668c6079484,
S48_F01_c025,48,kitchen,S48_F01,F01,A09,train,P04,kitchen/S48_F01/S48_F01_c025.mp4,phone_1080p,1280,720,23.986,105,4.378,6ca6f5080cdc9a8299fdaec11ad016c2f91adf84a4459095fd14e20ff7ebf266,
S48_F01_c026,48,kitchen,S48_F01,F01,A09,train,P04,kitchen/S48_F01/S48_F01_c026.mp4,phone_1080p,1280,720,23.887,109,4.563,5e92da7c94394d38df3363d3f821543586a012682197e3a43dc593cceb1a4129,
S48_F01_c027,48,kitchen,S48_F01,F01,A09,train,P02,kitchen/S48_F01/S48_F01_c027.mp4,phone_1080p,1280,720,30.0,169,5.633,46f094ccf3094c5a3174a92cd211dda0439152b5e0851f79e72c75e4053b66e2,
S48_F01_c028,48,kitchen,S48_F01,F01,A09,train,P02,kitchen/S48_F01/S48_F01_c028.mp4,phone_1080p,1280,720,30.0,174,5.8,12a9cd4f5e37f8e9e64ba33e2ba93d384c40040efcdd001753f3cde66d87cdc2,
S48_F01_c029,48,kitchen,S48_F01,F01,A09,train,P02,kitchen/S48_F01/S48_F01_c029.mp4,phone_1080p,1280,720,30.0,167,5.567,797061eb3017706727590781b17c95a2079e3ecc4e22a7ce92bd99e68dbb3a90,
S48_F01_c030,48,kitchen,S48_F01,F01,A09,train,P02,kitchen/S48_F01/S48_F01_c030.mp4,phone_1080p,1280,720,30.0,156,5.2,0a5a601257219925a5007e300ae17cc00efc8416500a07ed6bf3c4e5f29d1af6,
S48_F01_c031,48,kitchen,S48_F01,F01,A09,train,P02,kitchen/S48_F01/S48_F01_c031.mp4,phone_1080p,1280,720,30.0,179,5.967,3a14b8a3c5a51f92fe2475f83d3aeb9a16f5f6f98a1c45365fe9b359da34d9b9,
S48_F01_c032,48,kitchen,S48_F01,F01,A09,train,P02,kitchen/S48_F01/S48_F01_c032.mp4,phone_1080p,1280,720,30.0,178,5.933,82af4c80571be985e851f5bbfda2a269b6295323a3e9cf31f40b943227664cb7,
S48_F01_c033,48,kitchen,S48_F01,F01,A09,train,P02,kitchen/S48_F01/S48_F01_c033.mp4,phone_1080p,1280,720,30.058,169,5.622,70d8e8806edd6f2626a20722fabe292bc0c96246b7bfd558c1b867739cbb766f,
S48_F01_c034,48,kitchen,S48_F01,F01,A09,train,P02,kitchen/S48_F01/S48_F01_c034.mp4,phone_1080p,1280,720,30.059,167,5.556,89c13a586c13790fabc23e4ac8b2375a48213989ae67afb677a5249dcbb71dd0,
S48_F01_c035,48,kitchen,S48_F01,F01,A09,train,P02,kitchen/S48_F01/S48_F01_c035.mp4,phone_1080p,1280,720,30.005,170,5.666,332d7e7e505a316fcc2b21b84e9847f9e3954c59a44c56c86c82677eba633a73,
S48_F01_c036,48,kitchen,S48_F01,F01,A09,train,P02,kitchen/S48_F01/S48_F01_c036.mp4,phone_1080p,1280,720,30.059,167,5.556,87419cd7e3b3b3627e8e131968a07487b49d4140fe1c2ce08ec5a4afa4a6f1b4,
S48_F01_c037,48,kitchen,S48_F01,F01,A09,train,P02,kitchen/S48_F01/S48_F01_c037.mp4,phone_1080p,1280,720,30.058,169,5.623,978c0ac90ec360e22943d55d40c06c9fc70029bc97a9bc50a4f0439419c8d67b,
S48_F01_c038,48,kitchen,S48_F01,F01,A09,train,P02,kitchen/S48_F01/S48_F01_c038.mp4,phone_1080p,1280,720,30.058,167,5.556,c5d293b5199bd87df7a4505a8886bf180c025e57eb5734ebac70c8c6b314500a,
S48_F01_c039,48,kitchen,S48_F01,F01,A09,train,P06,kitchen/S48_F01/S48_F01_c039.mp4,phone_1080p,1024,576,30.0,98,3.267,56d30b1611f127fcc6a9e3109fa12b00715001d03cadeb3d016587e587ab95bd,
S48_F01_c040,48,kitchen,S48_F01,F01,A09,train,P06,kitchen/S48_F01/S48_F01_c040.mp4,phone_1080p,1024,576,30.0,90,3.0,8159410a9a080b1832390f9391e6d51cb5031d680c3ee49c2530cb2e8961d3f2,
S48_F01_c041,48,kitchen,S48_F01,F01,A09,train,P06,kitchen/S48_F01/S48_F01_c041.mp4,phone_1080p,1024,576,30.0,78,2.6,7b6d3ee55b9dff142847b0857e1ca88871be043547059cb2b5c26f38428f2d84,
S48_F01_c042,48,kitchen,S48_F01,F01,A09,train,P06,kitchen/S48_F01/S48_F01_c042.mp4,phone_1080p,1024,576,30.0,123,4.1,00494f8e89f1ee732fa87de37f4c98d1617655e526901b0b1753a26625b8c22a,
S48_F01_c043,48,kitchen,S48_F01,F01,A09,train,P06,kitchen/S48_F01/S48_F01_c043.mp4,phone_1080p,1024,576,30.0,90,3.0,e939426eef92106f1b699667071bdfc1eb238e1e0d0d020797a5d32d636b821b,
S48_F01_c044,48,kitchen,S48_F01,F01,A09,train,P06,kitchen/S48_F01/S48_F01_c044.mp4,phone_1080p,1024,576,30.0,143,4.767,1c84414d85a11d8c7f1f097844649e5702806277156be73bec7b80b64931ab3f,
S48_F01_c045,48,kitchen,S48_F01,F01,A09,train,P08,kitchen/S48_F01/S48_F01_c045.mp4,phone_1080p,1024,576,30.0,188,6.267,aa06b5b1ec19beb13320429bae971d036f8dd64a6fe2b2c1c07d422376b4ac20,
S48_F01_c046,48,kitchen,S48_F01,F01,A09,train,P08,kitchen/S48_F01/S48_F01_c046.mp4,phone_1080p,1024,576,30.0,188,6.267,9648286f67e8c9d17d1d22f0bd28a4419f1d45f0bda3677e8f6b56e8d4fa65af,
S48_F01_c047,48,kitchen,S48_F01,F01,A09,train,P08,kitchen/S48_F01/S48_F01_c047.mp4,phone_1080p,1024,576,30.0,171,5.7,9fc0070ff5fc6ca67ac68a2049f58f2ec80543cec795f2702e3d70296e906363,
S49_F01_c001,49,kitchen,S49_F01,F01,A10,train,P06,kitchen/S49_F01/S49_F01_c001.MOV,phone_4k,3840,2160,30.0,203,6.767,5f7b61708d6643bd5fde72b38fd74bdf939e4aedc68509e5f6935341db7e48c6,2026-07-28T16:25:50
S49_F01_c002,49,kitchen,S49_F01,F01,A10,train,P06,kitchen/S49_F01/S49_F01_c002.MOV,phone_4k,3840,2160,30.0,171,5.7,616f18e5d9cba57b97a713afc1b77925d7fee10e5a82135c72df8702ce72390c,2026-07-28T16:26:12
S49_F01_c003,49,kitchen,S49_F01,F01,A10,train,P06,kitchen/S49_F01/S49_F01_c003.MOV,phone_4k,3840,2160,29.992,191,6.368,80343a8464a33a37d3e262ea046bc39e1d71affadeb66378fcf471788b5ee1ad,2026-07-28T16:26:46
S49_F01_c004,49,kitchen,S49_F01,F01,A10,train,P06,kitchen/S49_F01/S49_F01_c004.MOV,phone_4k,3840,2160,29.992,188,6.268,64fa4e4ba03c9ca685df5da13ff34aef58c76bacf3df52f9dec711e60253018d,2026-07-28T16:27:00
S49_F01_c005,49,kitchen,S49_F01,F01,A10,train,P06,kitchen/S49_F01/S49_F01_c005.MOV,phone_4k,3840,2160,29.991,174,5.802,aed8dee0da23321d545411ca8beeb514fba82d1f0dbb909ec0efd47227ff2de5,2026-07-28T16:27:26
S49_F01_c006,49,kitchen,S49_F01,F01,A10,train,P06,kitchen/S49_F01/S49_F01_c006.MOV,phone_4k,3840,2160,29.992,186,6.202,5ba9687dc5ff602d8968da60dc05d80c265d844e8826933069c9b2b71e4a2259,2026-07-28T16:27:39
S49_F01_c007,49,kitchen,S49_F01,F01,A10,train,P06,kitchen/S49_F01/S49_F01_c007.MOV,phone_4k,3840,2160,30.0,159,5.3,56fdebc2cd0a72f4f809a61eccbc5b8c6be856cbca51f27a4b7cd7da7a286b9e,2026-07-28T16:27:54
S49_F01_c008,49,kitchen,S49_F01,F01,A10,train,P06,kitchen/S49_F01/S49_F01_c008.MOV,phone_4k,3840,2160,30.0,182,6.067,09c31d43787aafbd214bfc5492ff1b691bd471f96d7c68a0faf14fb0dc59c169,2026-07-28T16:28:08
S49_F01_c009,49,kitchen,S49_F01,F01,A10,train,P06,kitchen/S49_F01/S49_F01_c009.MOV,phone_4k,3840,2160,30.0,183,6.1,48e5b60c3a817d12147dcb18ee9b9cfdc4ea65b4f2708d76214cd3fbaf8f4042,2026-07-28T16:29:26
S49_F01_c010,49,kitchen,S49_F01,F01,A10,train,P06,kitchen/S49_F01/S49_F01_c010.MOV,phone_4k,3840,2160,60.0,371,6.183,05c5c7cb937cdc359ae6ede13427f190e33b6e27cffd00f132e488036cf3b4c0,2026-07-28T16:35:38
S49_F01_c011,49,kitchen,S49_F01,F01,A10,train,P06,kitchen/S49_F01/S49_F01_c011.MOV,phone_4k,3840,2160,59.966,354,5.903,11d51017e9b44ca027f453773d1d6109f2469cbfc33e8c543341de2c9c53dbe7,2026-07-28T16:36:56
S49_F01_c012,49,kitchen,S49_F01,F01,A10,train,P06,kitchen/S49_F01/S49_F01_c012.MOV,phone_4k,3840,2160,60.0,349,5.817,d36b43f7f91afb215eb5bbb2eed7711ccc7bb86718a4ff172d3f70a69d3f8e03,2026-07-28T16:37:10
S49_F01_c013,49,kitchen,S49_F01,F01,A10,train,P06,kitchen/S49_F01/S49_F01_c013.MOV,phone_4k,3840,2160,60.0,355,5.917,0d94291035ff25fc3ad406cef67b1b0b83ff3a056d75efc2a18328096806b639,2026-07-28T16:37:41
S49_F01_c014,49,kitchen,S49_F01,F01,A10,train,P06,kitchen/S49_F01/S49_F01_c014.MOV,phone_4k,3840,2160,60.0,358,5.967,638db585e9b0d9aae5fcb90b9e80676c90ee4e19b0b6cf2dda1bfb7f3b2455e8,2026-07-28T16:37:53
S49_F01_c015,49,kitchen,S49_F01,F01,A10,train,P06,kitchen/S49_F01/S49_F01_c015.MOV,phone_4k,3840,2160,60.0,350,5.833,c215ab246d9e2ecca4a092e5e4446f0d956e1a96e1b5222dc9251a759e203bd9,2026-07-28T16:38:11
S49_F01_c016,49,kitchen,S49_F01,F01,A10,train,P06,kitchen/S49_F01/S49_F01_c016.MOV,phone_4k,3840,2160,60.0,368,6.133,56ae080333400c4c3b16c6017af55dc0354281b4dfc73f143c44d3f23cf29948,2026-07-28T16:38:26
S49_F01_c017,49,kitchen,S49_F01,F01,A10,train,P02,kitchen/S49_F01/S49_F01_c017.mp4,phone_1080p,1280,720,29.618,175,5.908,f3583b7827d70f5303802eff0ea83acf2b1dcd3b5e684ea939b17fe723fe045e,2026-07-28T15:43:07
S49_F01_c018,49,kitchen,S49_F01,F01,A10,train,P02,kitchen/S49_F01/S49_F01_c018.mp4,realsense_480p,640,480,15.0,98,6.533,59dda3b0e9dbbc258ae9e9342eb0170deb979245e22d185797ad90ee7936b63a,2026-07-28T15:43:08
S49_F01_c019,49,kitchen,S49_F01,F01,A10,train,P02,kitchen/S49_F01/S49_F01_c019.mp4,phone_1080p,1280,720,30.058,179,5.955,0426e9d382e2a65e3eefb8eafa0e77786908046276dc09624ba544bda00b69f8,2026-07-28T15:43:35
S49_F01_c020,49,kitchen,S49_F01,F01,A10,train,P02,kitchen/S49_F01/S49_F01_c020.mp4,realsense_480p,640,480,15.0,89,5.933,50d8f0cf7045e7e1c72752b37b6be75ee75d2a795e54f976dd3f79e361d27095,2026-07-28T15:43:36
S49_F01_c021,49,kitchen,S49_F01,F01,A10,train,P02,kitchen/S49_F01/S49_F01_c021.mp4,phone_1080p,1280,720,30.058,179,5.955,98cc7f1b9627c7044a5b624cdafcddac67594c49f3c0490f22ba4fba2386ce21,2026-07-28T15:43:50
S49_F01_c022,49,kitchen,S49_F01,F01,A10,train,P02,kitchen/S49_F01/S49_F01_c022.mp4,realsense_480p,640,480,15.0,95,6.333,644308bc205a781a4e4f13c57c3d7ed38b86ff65164ab9ad524406e48ff508d7,2026-07-28T15:43:51
S49_F01_c023,49,kitchen,S49_F01,F01,A10,train,P02,kitchen/S49_F01/S49_F01_c023.mp4,phone_1080p,1280,720,29.833,174,5.833,b66a8d6cf1782e0c0fe2b05030348fbcedf61bce11266b358708caf8a733ec81,2026-07-28T15:44:03
S49_F01_c024,49,kitchen,S49_F01,F01,A10,train,P02,kitchen/S49_F01/S49_F01_c024.mp4,realsense_480p,640,480,15.0,101,6.733,43ad64690c5e4771025f86e7f8f5d7fa3b5a45723b3eae36db6765c2327ed94f,2026-07-28T15:44:04
S49_F01_c025,49,kitchen,S49_F01,F01,A10,train,P02,kitchen/S49_F01/S49_F01_c025.mp4,phone_1080p,1280,720,30.057,170,5.656,1ccbf688d5c85ecd9b39754787cf1a81950b1d6b8ae98e16b40b9bd6a6805ac3,2026-07-28T15:44:16
S49_F01_c026,49,kitchen,S49_F01,F01,A10,train,P02,kitchen/S49_F01/S49_F01_c026.mp4,realsense_480p,640,480,15.0,91,6.067,a302b8631ad62a1b0751a8e0725ea1da03cff546c3f57cc0a9d1dd4ef8243685,2026-07-28T15:44:51
S49_F01_c027,49,kitchen,S49_F01,F01,A10,train,P02,kitchen/S49_F01/S49_F01_c027.mp4,phone_1080p,1280,720,30.004,191,6.366,af6728355b7a6b73b2d4508bde67fa26dd2fcc529ff7872ef1c56aae8b140d18,2026-07-28T15:45:12
S49_F01_c028,49,kitchen,S49_F01,F01,A10,train,P02,kitchen/S49_F01/S49_F01_c028.mp4,realsense_480p,640,480,15.0,92,6.133,f846e3e777200cdabf98794fef7a9e109c7ff50a72cf0e751252da1e4a159387,2026-07-28T15:45:13
S49_F01_c029,49,kitchen,S49_F01,F01,A10,train,P01,kitchen/S49_F01/S49_F01_c029.mp4,phone_1080p,1280,720,30.004,170,5.666,8f3dda050a205734f536e65268be1d4674729aa6df95ffedf566cd592a55ca92,2026-07-28T15:45:50
S49_F01_c030,49,kitchen,S49_F01,F01,A10,train,P01,kitchen/S49_F01/S49_F01_c030.mp4,realsense_480p,640,480,15.0,88,5.867,a9d50a9fb2a9317cceec24a1d6f703ed8eba5bc677832082550395c983fe1e36,2026-07-28T15:45:51
S49_F01_c031,49,kitchen,S49_F01,F01,A10,train,P01,kitchen/S49_F01/S49_F01_c031.mp4,phone_1080p,1280,720,30.004,155,5.166,ec556c092846309ba93afe0db25a1c144d92bc60163ceb02feaba8d9595437de,2026-07-28T15:46:01
S49_F01_c032,49,kitchen,S49_F01,F01,A10,train,P01,kitchen/S49_F01/S49_F01_c032.mp4,realsense_480p,640,480,15.0,81,5.4,e8af12670708c0e2cd491e128363535c4069be41887aceaf597b29ff0f708757,2026-07-28T15:46:03
S49_F01_c033,49,kitchen,S49_F01,F01,A10,train,P01,kitchen/S49_F01/S49_F01_c033.mp4,phone_1080p,1280,720,29.7,166,5.589,3987656be4fb824593541863f69a1e9abc92577c2e0bf9cc3e50ca677db738c0,2026-07-28T15:46:15
S49_F01_c034,49,kitchen,S49_F01,F01,A10,train,P01,kitchen/S49_F01/S49_F01_c034.mp4,realsense_480p,640,480,15.0,91,6.067,e63b1afbfd5b535bf79e9cd65f55a0592d55109095d9bb658ac40c72de86f2ac,2026-07-28T15:46:16
S49_F01_c035,49,kitchen,S49_F01,F01,A10,train,P01,kitchen/S49_F01/S49_F01_c035.mp4,phone_1080p,1280,720,30.004,168,5.599,b8898bc6ec14cb0fcddb16dd89f7172c91292139516aa580a1206d1d10c9549e,2026-07-28T15:46:27
S49_F01_c036,49,kitchen,S49_F01,F01,A10,train,P01,kitchen/S49_F01/S49_F01_c036.mp4,realsense_480p,640,480,15.0,88,5.867,bd1cf08d1cf668202727c6ac7ecd42bbecc64de5a4f9a25b4285e18867022b9b,2026-07-28T15:46:28
S49_F01_c037,49,kitchen,S49_F01,F01,A10,train,P01,kitchen/S49_F01/S49_F01_c037.mp4,phone_1080p,1280,720,30.004,161,5.366,b847a3d3086a3be4ede9bdb6955f42052a977414c372d53a745342ca87f818fb,2026-07-28T15:46:55
S49_F01_c038,49,kitchen,S49_F01,F01,A10,train,P01,kitchen/S49_F01/S49_F01_c038.mp4,realsense_480p,640,480,15.0,88,5.867,7cf0b12325c2607f6726bf177d4786f2df6c952db0500789532a2480e37bd415,2026-07-28T15:46:56
S49_F01_c039,49,kitchen,S49_F01,F01,A10,train,P01,kitchen/S49_F01/S49_F01_c039.mp4,phone_1080p,1280,720,29.825,166,5.566,476e6c918ec7ddd7a8aae9594d93c1783d96159ea5137b2bfa836edceb0f9077,2026-07-28T15:47:06
S49_F01_c040,49,kitchen,S49_F01,F01,A10,train,P01,kitchen/S49_F01/S49_F01_c040.mp4,realsense_480p,640,480,15.0,86,5.733,0e3027ce77b20e22e6c5320d435298b96e85f3a1896289e12ad1a4657657ee8f,2026-07-28T15:47:07
S49_F01_c041,49,kitchen,S49_F01,F01,A10,train,P04,kitchen/S49_F01/S49_F01_c041.mp4,phone_1080p,1280,720,29.845,99,3.317,8233b58f8299db1cdcc6886eda74200614aac100f6c1fe8d01839b990acf1470,2026-07-28T17:20:50
S49_F01_c042,49,kitchen,S49_F01,F01,A10,train,P04,kitchen/S49_F01/S49_F01_c042.mp4,phone_1080p,1280,720,29.878,131,4.384,6cee69948afb3447894bd88543c4aa7be4140d9ee5d0a376e8bec017b52d0c4e,2026-07-28T17:20:57
S49_F01_c043,49,kitchen,S49_F01,F01,A10,train,P04,kitchen/S49_F01/S49_F01_c043.mp4,phone_1080p,1280,720,29.887,132,4.417,c91a2aa08f67bc9df146e2cbeaa82d4ba1aa7229a3e4b092ab36dbca7f6360ab,2026-07-28T17:21:06
S49_F01_c044,49,kitchen,S49_F01,F01,A10,train,P04,kitchen/S49_F01/S49_F01_c044.mp4,phone_1080p,1280,720,29.888,124,4.149,04993cbe40faa4c1863f71c049daf9d8321a6836c3c9e06a1e451b3b4c79921d,2026-07-28T17:22:03
S49_F01_c045,49,kitchen,S49_F01,F01,A10,train,P04,kitchen/S49_F01/S49_F01_c045.mp4,phone_1080p,1280,720,29.847,120,4.021,102f8d8fc92e5711d4553a23113e02d3721f487e87764fa42f8d68358613babb,2026-07-28T17:22:12
S49_F01_c046,49,kitchen,S49_F01,F01,A10,train,P04,kitchen/S49_F01/S49_F01_c046.mp4,phone_1080p,1280,720,29.918,121,4.044,c35c833ef728e7d12e0f418b8d9f773a33e2d6a40a4facfdc838c3f630c8f8bf,2026-07-28T17:22:20
S49_F01_c047,49,kitchen,S49_F01,F01,A10,train,P04,kitchen/S49_F01/S49_F01_c047.mp4,phone_1080p,1280,720,29.804,141,4.731,21bbc426452aa83fad71b665a69fdf9c7b94168e198d4eb26a6dd4288306b427,2026-07-28T17:22:28
S49_F01_c048,49,kitchen,S49_F01,F01,A10,train,P04,kitchen/S49_F01/S49_F01_c048.mp4,phone_1080p,1280,720,29.837,124,4.156,a43b720eb9c4b44c5dac78dfcb8201a6cb4dbe16594ab4f36e53f63af2be470d,2026-07-28T17:22:44
S49_F01_c049,49,kitchen,S49_F01,F01,A10,train,P04,kitchen/S49_F01/S49_F01_c049.mp4,phone_1080p,1280,720,29.876,138,4.619,3f5d4e47e1d9468379785824196d476c858a2a8bc54ac656cf9693143ea851c3,2026-07-28T17:22:53
S49_F01_c050,49,kitchen,S49_F01,F01,A10,train,P04,kitchen/S49_F01/S49_F01_c050.mp4,phone_1080p,1280,720,29.818,136,4.561,dcc83538ff7063f77aae1e5a0261e4a8ca36d6efe124216d91773f170ebcfb6d,2026-07-28T17:23:01
S49_F01_c051,49,kitchen,S49_F01,F01,A10,train,P04,kitchen/S49_F01/S49_F01_c051.mp4,phone_1080p,1280,720,29.918,165,5.515,3913826bf920a804ebe40a27f2f4f309f40a9e51aae9752fecce74f74ff21aba,2026-07-28T17:23:11
S49_F01_c052,49,kitchen,S49_F01,F01,A10,train,P04,kitchen/S49_F01/S49_F01_c052.mp4,phone_1080p,1280,720,29.79,123,4.129,cf737f8f66381b17815a5f088becb90c3c15c3e180d6792033f9a4a82f9badb9,2026-07-28T17:23:19
S50_F10_c001,50,kitchen,S50_F10,F10,A12,train,P06,kitchen/S50_F10/S50_F10_c001.MOV,phone_4k,3840,2160,60.0,365,6.083,b44a3e759078b996d0cfa88b51ceb1ff76eebd7d0c5d13c94059b35c5ed11b4f,2026-07-28T16:39:52
S50_F10_c002,50,kitchen,S50_F10,F10,A12,train,P06,kitchen/S50_F10/S50_F10_c002.MOV,phone_4k,3840,2160,60.0,376,6.267,9c42cf95285b585fbbc28d0882ed29ae2a3ee7a101af237c54ab260093123220,2026-07-28T16:40:08
S50_F10_c003,50,kitchen,S50_F10,F10,A12,train,P06,kitchen/S50_F10/S50_F10_c003.MOV,phone_4k,3840,2160,60.0,384,6.4,e201938053009575f4e53fea4522e64d8a770a6ce1d483516be4ee9c92b31d62,2026-07-28T16:40:30
S50_F10_c004,50,kitchen,S50_F10,F10,A12,train,P06,kitchen/S50_F10/S50_F10_c004.MOV,phone_4k,3840,2160,60.0,409,6.817,ed4839a8b10411d77b6a2ce9a660d780712369d631883a83742a68da6347a3a5,2026-07-28T16:40:53
S50_F10_c005,50,kitchen,S50_F10,F10,A12,train,P06,kitchen/S50_F10/S50_F10_c005.MOV,phone_4k,3840,2160,60.0,362,6.033,7348a5aa0b4ea3874bf96e5214c33a254fc53a50752e5902a3da293dec986bea,2026-07-28T16:41:05
S50_F10_c006,50,kitchen,S50_F10,F10,A12,train,P06,kitchen/S50_F10/S50_F10_c006.MOV,phone_4k,3840,2160,60.0,378,6.3,c885db5d0ba4318320efa23cc8f78bd8d448beed688ced554787e30a43d3e452,2026-07-28T16:41:17
S50_F10_c007,50,kitchen,S50_F10,F10,A12,train,P06,kitchen/S50_F10/S50_F10_c007.MOV,phone_4k,3840,2160,60.0,355,5.917,93ae2e940ef3242f67eebfd5510dd319c337f5a5255e39ae963760fa58a67a0c,2026-07-28T16:42:10
S50_F10_c008,50,kitchen,S50_F10,F10,A12,train,P06,kitchen/S50_F10/S50_F10_c008.MOV,phone_4k,3840,2160,59.967,361,6.02,a1148c550de9e00175f48e6f8c621305425fe6ddfba4c3c6ab4a80c0b837a039,2026-07-28T16:42:21
S50_F10_c009,50,kitchen,S50_F10,F10,A12,train,P06,kitchen/S50_F10/S50_F10_c009.MOV,phone_4k,3840,2160,60.0,372,6.2,35f3e3c63a50273379a193825666cffcb807b4e774c7e2d86574fa1eb76328d3,2026-07-28T16:42:36
S50_F10_c010,50,kitchen,S50_F10,F10,A12,train,P06,kitchen/S50_F10/S50_F10_c010.MOV,phone_4k,3840,2160,60.0,384,6.4,7d8a31dc9c8751797659338b2aaa79f18822f15952d3440d18434c2afc7e04d0,2026-07-28T16:43:59
S50_F10_c011,50,kitchen,S50_F10,F10,A12,train,P06,kitchen/S50_F10/S50_F10_c011.MOV,phone_4k,3840,2160,60.0,377,6.283,a48da16867e88d36f4328b8468156c3f698ed9d69e728955b7619716d843eae0,2026-07-28T16:44:11
S50_F10_c012,50,kitchen,S50_F10,F10,A12,train,P06,kitchen/S50_F10/S50_F10_c012.MOV,phone_4k,3840,2160,59.965,343,5.72,7fb9394550b75085ff84871befa9c7206d0e101e20d996be932f5630c4bd14cd,2026-07-28T16:44:22
S50_F10_c013,50,kitchen,S50_F10,F10,A12,train,P06,kitchen/S50_F10/S50_F10_c013.MOV,phone_4k,3840,2160,59.957,417,6.955,ddd1eb8ccf67ee3e9a8a184dd1d3e84ab20b42ebc5a6b50de42ec3e2300d15dc,2026-07-28T16:44:46
S50_F10_c014,50,kitchen,S50_F10,F10,A12,train,P01,kitchen/S50_F10/S50_F10_c014.mp4,phone_1080p,1280,720,30.056,175,5.823,11f1287bfd5b0c295fa76678548496de209a6860297703e5ad67ff80ef54374e,2026-07-28T15:48:43
S50_F10_c015,50,kitchen,S50_F10,F10,A12,train,P01,kitchen/S50_F10/S50_F10_c015.mp4,realsense_480p,640,480,15.0,90,6.0,7401d19ffbd125b782548763e2096f00022baa0244747730fc6ab39c0ac18294,2026-07-28T15:48:44
S50_F10_c016,50,kitchen,S50_F10,F10,A12,train,P01,kitchen/S50_F10/S50_F10_c016.mp4,phone_1080p,1280,720,30.008,169,5.632,5bed90801289aa8a1ec79fab41b18800e3eb8934e539f69cd8a7a49375dddf86,2026-07-28T15:49:25
S50_F10_c017,50,kitchen,S50_F10,F10,A12,train,P01,kitchen/S50_F10/S50_F10_c017.mp4,realsense_480p,640,480,15.0,92,6.133,6e2480910f194c5e9c3e26ae9edf1f39ad705f1c85b6d44d149aeed8072c2808,2026-07-28T15:49:26
S50_F10_c018,50,kitchen,S50_F10,F10,A12,train,P01,kitchen/S50_F10/S50_F10_c018.mp4,phone_1080p,1280,720,29.829,167,5.599,b533ce56c8bc34e56eb32916ffdbd96c1328ca1585f9cde8f382dfda8e3e1ceb,2026-07-28T15:51:23
S50_F10_c019,50,kitchen,S50_F10,F10,A12,train,P01,kitchen/S50_F10/S50_F10_c019.mp4,realsense_480p,640,480,15.0,57,3.8,53e51d1498823ff91985396ce354d10e0dffe9c30777604a09ede318481e0c49,2026-07-28T15:51:28
S50_F10_c020,50,kitchen,S50_F10,F10,A12,train,P01,kitchen/S50_F10/S50_F10_c020.mp4,phone_1080p,1280,720,30.008,170,5.665,dd215f47b1a3c9d147613939e0637f71b6a97be24c667af6673d4975f0f2323d,2026-07-28T15:52:07
S50_F10_c021,50,kitchen,S50_F10,F10,A12,train,P01,kitchen/S50_F10/S50_F10_c021.mp4,realsense_480p,640,480,15.0,93,6.2,907ad5e7b7f0efc9f838610a2e860457d5db7542b6230a7d85701437d754407a,2026-07-28T15:52:09
S50_F10_c022,50,kitchen,S50_F10,F10,A12,train,P01,kitchen/S50_F10/S50_F10_c022.mp4,phone_1080p,1280,720,30.058,176,5.855,d96e6fbd6b2a5e3095fecf25383e3bd2251260dd2927554fcf4dbb7aaf87b6d6,2026-07-28T15:52:21
S50_F10_c023,50,kitchen,S50_F10,F10,A12,train,P01,kitchen/S50_F10/S50_F10_c023.mp4,realsense_480p,640,480,15.0,98,6.533,833cd9e1c86175fe7565299ec28c734e74c8a142894536020f8db5e63325432a,2026-07-28T15:52:22
S50_F10_c024,50,kitchen,S50_F10,F10,A12,train,P01,kitchen/S50_F10/S50_F10_c024.mp4,phone_1080p,1280,720,30.008,170,5.665,c02039a07da442f3ff21b5a949d5059ce513f2fb87dcc1a715f73c683c90d4e8,2026-07-28T15:52:35
S50_F10_c025,50,kitchen,S50_F10,F10,A12,train,P01,kitchen/S50_F10/S50_F10_c025.mp4,realsense_480p,640,480,15.0,101,6.733,9eb78d7bc8a6f0ea4ad3ea01d9779cc2f7a7405d1357e4accce17da239bfbaa3,2026-07-28T15:52:37
S50_F10_c026,50,kitchen,S50_F10,F10,A12,train,P02,kitchen/S50_F10/S50_F10_c026.mp4,phone_1080p,1280,720,30.008,176,5.865,3d93e999b48edd3c0932f3dd65958c1c97af510a86400c0500389798b79d4fc6,2026-07-28T15:53:16
S50_F10_c027,50,kitchen,S50_F10,F10,A12,train,P02,kitchen/S50_F10/S50_F10_c027.mp4,realsense_480p,640,480,15.0,105,7.0,211502901b4d1bbaadbcb2118d1f3b4d88254f580e7c91c592e5bbba3fd43271,2026-07-28T15:53:17
S50_F10_c028,50,kitchen,S50_F10,F10,A12,train,P02,kitchen/S50_F10/S50_F10_c028.mp4,phone_1080p,1280,720,30.008,170,5.665,865e34f3592ade614f6730c2127a29c9fdfbf7be4b77531533b4a65d5b1bad1c,2026-07-28T15:53:30
S50_F10_c029,50,kitchen,S50_F10,F10,A12,train,P02,kitchen/S50_F10/S50_F10_c029.mp4,realsense_480p,640,480,15.0,95,6.333,d6807e133aa1b459e703fddc97d05144e37ba077d82626e2a296bcf4ffbe8727,2026-07-28T15:53:31
S50_F10_c030,50,kitchen,S50_F10,F10,A12,train,P02,kitchen/S50_F10/S50_F10_c030.mp4,phone_1080p,1280,720,30.008,185,6.165,9a2e2b7eb17fe2906a9fda34d0fb42077edc828869b50b86ae9337d842be247b,2026-07-28T15:53:48
S50_F10_c031,50,kitchen,S50_F10,F10,A12,train,P02,kitchen/S50_F10/S50_F10_c031.mp4,realsense_480p,640,480,15.0,96,6.4,a0d4c748710f89f9f5af0e06006dc6e9e63fe64851f4685be5802cbf4b9fbf67,2026-07-28T15:53:50
S50_F10_c032,50,kitchen,S50_F10,F10,A12,train,P02,kitchen/S50_F10/S50_F10_c032.mp4,phone_1080p,1280,720,30.008,178,5.932,2b9a58403b16314b350ebee89b9478cb0c27e579b2c41ae4f4480bd38bfa9877,2026-07-28T15:54:02
S50_F10_c033,50,kitchen,S50_F10,F10,A12,train,P02,kitchen/S50_F10/S50_F10_c033.mp4,realsense_480p,640,480,15.0,99,6.6,051188852be1682732b7b1d3da44d89cc2277e28df6b099301102c200fb0d493,2026-07-28T15:54:03
S50_F10_c034,50,kitchen,S50_F10,F10,A12,train,P02,kitchen/S50_F10/S50_F10_c034.mp4,phone_1080p,1280,720,30.057,170,5.656,8b39cefe9e15c77d227c69596fb833b56b85500d39ae6a43238620918befa4a8,2026-07-28T15:54:17
S50_F10_c035,50,kitchen,S50_F10,F10,A12,train,P02,kitchen/S50_F10/S50_F10_c035.mp4,realsense_480p,640,480,15.0,87,5.8,4d514c51ffb46a06102c7f25204429f8690121096d7240c827e9445d078c839b,2026-07-28T15:54:19
S50_F10_c036,50,kitchen,S50_F10,F10,A12,train,P02,kitchen/S50_F10/S50_F10_c036.mp4,phone_1080p,1280,720,30.004,171,5.699,a2dc2d320ebd9cd72cd3a56d91393e86b87925dac350929ba5b76ecd115b6dc6,2026-07-28T15:54:30
S50_F10_c037,50,kitchen,S50_F10,F10,A12,train,P02,kitchen/S50_F10/S50_F10_c037.mp4,realsense_480p,640,480,15.0,76,5.067,c7e162804e2c5caa6853124ef8ad1c34091f7b7b51cf4440c86c617d037de316,2026-07-28T15:54:32
S50_F10_c038,50,kitchen,S50_F10,F10,A12,train,P04,kitchen/S50_F10/S50_F10_c038.mp4,phone_1080p,1280,720,29.918,127,4.245,68a509dd07707c9ee3c7d108fefe64ad3352d35bfa6a746c57d3d537c4a8771b,2026-07-28T17:28:09
S50_F10_c039,50,kitchen,S50_F10,F10,A12,train,P04,kitchen/S50_F10/S50_F10_c039.mp4,phone_1080p,1280,720,29.796,135,4.531,de641d97c6bc6418bf41bbf328b12c97540e3f45cbaa08ee0f21cccb6f7b146c,2026-07-28T17:28:32
S50_F10_c040,50,kitchen,S50_F10,F10,A12,train,P04,kitchen/S50_F10/S50_F10_c040.mp4,phone_1080p,1280,720,29.918,132,4.412,1d04106c67b9ad0faba4db238d026c9fad17aac4be0e4a5c55c92dc21d5cd1b4,2026-07-28T17:28:44
S50_F10_c041,50,kitchen,S50_F10,F10,A12,train,P04,kitchen/S50_F10/S50_F10_c041.mp4,phone_1080p,1280,720,29.794,120,4.028,b201f6722da841c1bec95800f75620e22d07dca73635291dfbb8f7dabb67b6e0,2026-07-28T17:28:54
S50_F10_c042,50,kitchen,S50_F10,F10,A12,train,P04,kitchen/S50_F10/S50_F10_c042.mp4,phone_1080p,1280,720,29.918,154,5.147,fef1ea19e547d523e7b3729db6ca6b1ab93e178760917b94a2e1cf85e06aae88,2026-07-28T17:29:04
S50_F10_c043,50,kitchen,S50_F10,F10,A12,train,P04,kitchen/S50_F10/S50_F10_c043.mp4,phone_1080p,1280,720,29.918,119,3.978,dd12df28b582d00b01a518169d68aed8c8cd955a964dc0d5dba62211fd97a76b,2026-07-28T17:29:48
S50_F10_c044,50,kitchen,S50_F10,F10,A12,train,P04,kitchen/S50_F10/S50_F10_c044.mp4,phone_1080p,1280,720,29.885,138,4.618,5c6df379c0ba78153125b265ce578c44d5d690eb6869ebc0997adab32032c4b3,2026-07-28T17:29:59
S50_F10_c045,50,kitchen,S50_F10,F10,A12,train,P04,kitchen/S50_F10/S50_F10_c045.mp4,phone_1080p,1280,720,29.781,121,4.063,591c9b47993dfa2f80e025c2455de4ef95057dc9795ab26108ba145f5dba9ba6,2026-07-28T17:30:09
S50_F10_c046,50,kitchen,S50_F10,F10,A12,train,P04,kitchen/S50_F10/S50_F10_c046.mp4,phone_1080p,1280,720,29.891,173,5.788,080044bec93ce3aa28d57b9a505a07b91abbe454b1f48fda663cfad7899479a3,2026-07-28T17:30:19
S50_F10_c047,50,kitchen,S50_F10,F10,A12,train,P04,kitchen/S50_F10/S50_F10_c047.mp4,phone_1080p,1280,720,29.913,142,4.747,f4814e085c394198faae746ab78535101147b0bd3472ff4bb2016bccd6cfb201,2026-07-28T17:30:31
S50_F10_c048,50,kitchen,S50_F10,F10,A12,train,P04,kitchen/S50_F10/S50_F10_c048.mp4,phone_1080p,1280,720,29.918,130,4.345,311c2876e93c672111813c906f8e15d5cc445b5193f4f83c63c4bbed87fe17db,2026-07-28T17:30:40
S50_F10_c049,50,kitchen,S50_F10,F10,A12,train,P04,kitchen/S50_F10/S50_F10_c049.mp4,phone_1080p,1280,720,29.88,185,6.191,5c98c876f087c1bea29327ecc2c8164e34d9d0e275c8c3334d150432580026b6,2026-07-28T17:30:50
S51_F10_c001,51,kitchen,S51_F10,F10,A12,train,P06,kitchen/S51_F10/S51_F10_c001.MOV,phone_4k,3840,2160,59.966,356,5.937,5e64f13dd016553a85bc18ae434e31a45e182b1160999c6e73b98e88c3c77fef,2026-07-28T16:46:24
S51_F10_c002,51,kitchen,S51_F10,F10,A12,train,P06,kitchen/S51_F10/S51_F10_c002.MOV,phone_4k,3840,2160,60.0,361,6.017,13ef861bebc2589ccac652b3346855eba925084c86d59ba9f18573cc958f1dc8,2026-07-28T16:46:36
S51_F10_c003,51,kitchen,S51_F10,F10,A12,train,P06,kitchen/S51_F10/S51_F10_c003.MOV,phone_4k,3840,2160,60.0,383,6.383,fa67c879d500cde4789bf86d674624656a7fbc0d112e202b59276c60e69005c6,2026-07-28T16:46:48
S51_F10_c004,51,kitchen,S51_F10,F10,A12,train,P06,kitchen/S51_F10/S51_F10_c004.MOV,phone_4k,3840,2160,60.0,374,6.233,687f3807523d2aaa72d71168d4091548db27aba64fcc314809c2e5d6ccfaf4b3,2026-07-28T16:47:08
S51_F10_c005,51,kitchen,S51_F10,F10,A12,train,P06,kitchen/S51_F10/S51_F10_c005.MOV,phone_4k,3840,2160,59.966,357,5.953,468f78f150677fa2eb2758bf53c63906c4444744b05d68c66cfa335abb0caf4b,2026-07-28T16:47:21
S51_F10_c006,51,kitchen,S51_F10,F10,A12,train,P06,kitchen/S51_F10/S51_F10_c006.MOV,phone_4k,3840,2160,60.0,376,6.267,ea28d855793c4adece0190bfb0fe39129e4371e225aea57236a0e30d1982af8e,2026-07-28T16:47:32
S51_F10_c007,51,kitchen,S51_F10,F10,A12,train,P06,kitchen/S51_F10/S51_F10_c007.MOV,phone_4k,3840,2160,59.967,364,6.07,72f102b043b2ed463a80d74473b1141c643f024a8b7d1acf3a3b53f0e90569eb,2026-07-28T16:48:18
S51_F10_c008,51,kitchen,S51_F10,F10,A12,train,P06,kitchen/S51_F10/S51_F10_c008.MOV,phone_4k,3840,2160,60.0,368,6.133,1fb4283fb9873741eb14d92e92fd5c20b574004e663033068c63bd0799d025d8,2026-07-28T16:48:29
S51_F10_c009,51,kitchen,S51_F10,F10,A12,train,P06,kitchen/S51_F10/S51_F10_c009.MOV,phone_4k,3840,2160,60.0,371,6.183,4b6353a2d09a10227a2c7ecd232c3527c77feb56d21293ad3f1c3bc375b75828,2026-07-28T16:48:41
S51_F10_c010,51,kitchen,S51_F10,F10,A12,train,P06,kitchen/S51_F10/S51_F10_c010.MOV,phone_4k,3840,2160,60.0,359,5.983,46e4331eeb577a409de1fff027185fc08a8976c8b61d11c4cb4a956177da45a7,2026-07-28T16:49:07
S51_F10_c011,51,kitchen,S51_F10,F10,A12,train,P06,kitchen/S51_F10/S51_F10_c011.MOV,phone_4k,3840,2160,60.0,359,5.983,c410f926cf7bee6c5be7792f74b43146f586581af06f0351635f160066a3b537,2026-07-28T16:49:21
S51_F10_c012,51,kitchen,S51_F10,F10,A12,train,P06,kitchen/S51_F10/S51_F10_c012.MOV,phone_4k,3840,2160,60.0,389,6.483,d58feaa988edeaaf591fbeed53ffa41bd6d6b8c5500364e6b75ab452cecb6471,2026-07-28T16:49:33
S51_F10_c013,51,kitchen,S51_F10,F10,A12,train,P02,kitchen/S51_F10/S51_F10_c013.mp4,phone_1080p,1280,720,30.058,169,5.623,5fc3ba8868b0dd90fc34b7d278764243d0148849f4e973db016f03633981aef3,2026-07-28T15:55:14
S51_F10_c014,51,kitchen,S51_F10,F10,A12,train,P02,kitchen/S51_F10/S51_F10_c014.mp4,realsense_480p,640,480,15.0,87,5.8,e13106f3980953a504c93950ae241c6007fae67f21515df15cc7fb83d116fd68,2026-07-28T15:55:16
S51_F10_c015,51,kitchen,S51_F10,F10,A12,train,P02,kitchen/S51_F10/S51_F10_c015.mp4,phone_1080p,1280,720,30.008,184,6.132,8814df153fb1ce403908f4e50be273db5b7575fceadf880ccd22d46c14f74a6f,2026-07-28T15:55:29
S51_F10_c016,51,kitchen,S51_F10,F10,A12,train,P02,kitchen/S51_F10/S51_F10_c016.mp4,realsense_480p,640,480,15.0,105,7.0,bc96d991c952eb120d0f0ed49c5a460dcb794171c7a6274c56e89e00a76da8a8,2026-07-28T15:55:30
S51_F10_c017,51,kitchen,S51_F10,F10,A12,train,P02,kitchen/S51_F10/S51_F10_c017.mp4,phone_1080p,1280,720,30.008,174,5.799,9ae2cf8ff8e520a5812e0384dfa40b2c8ab0402ee84e35ee0466ba05f6c702c2,2026-07-28T15:55:50
S51_F10_c018,51,kitchen,S51_F10,F10,A12,train,P02,kitchen/S51_F10/S51_F10_c018.mp4,realsense_480p,640,480,15.0,90,6.0,13f5278f8de8ff32333d5f6e442d8f345a774eb82084e53942224cb72b993a10,2026-07-28T15:55:52
S51_F10_c019,51,kitchen,S51_F10,F10,A12,train,P02,kitchen/S51_F10/S51_F10_c019.mp4,phone_1080p,1280,720,30.009,179,5.965,e8af03b670bce5c8a7ffba2bbe655fc294454618e7d6be270902515c21e8a2ee,2026-07-28T15:56:01
S51_F10_c020,51,kitchen,S51_F10,F10,A12,train,P02,kitchen/S51_F10/S51_F10_c020.mp4,realsense_480p,640,480,15.0,87,5.8,a7e66374c89fd2d81a53452e08e80ab19fd997b7ce9329d7a42aa58f9924aa3e,2026-07-28T15:56:02
S51_F10_c021,51,kitchen,S51_F10,F10,A12,train,P02,kitchen/S51_F10/S51_F10_c021.mp4,phone_1080p,1280,720,30.004,175,5.833,e20a89efafd7b1114c87e4601f2de1e6ede51fa954bbdea2c5875d2d87c4aca3,2026-07-28T15:56:19
S51_F10_c022,51,kitchen,S51_F10,F10,A12,train,P02,kitchen/S51_F10/S51_F10_c022.mp4,realsense_480p,640,480,15.0,86,5.733,020ae4f8db85b2252f55821419a25d226b82f7b62d3f369330aeba58e3808e90,2026-07-28T15:56:21
S51_F10_c023,51,kitchen,S51_F10,F10,A12,train,P02,kitchen/S51_F10/S51_F10_c023.mp4,phone_1080p,1280,720,30.004,170,5.666,6cc953a2f67ebbfd375b13d962fef6fa0e3d57f26c8a77eb3668666810300fcb,2026-07-28T15:56:30
S51_F10_c024,51,kitchen,S51_F10,F10,A12,train,P02,kitchen/S51_F10/S51_F10_c024.mp4,realsense_480p,640,480,15.0,95,6.333,8139179640275afe35f6c36f18c213ceefd53eb75fa5a7d5fca7bd69bb032d14,2026-07-28T15:56:31
S51_F10_c025,51,kitchen,S51_F10,F10,A12,train,P01,kitchen/S51_F10/S51_F10_c025.mp4,phone_1080p,1280,720,30.004,170,5.666,100c702448c0deac00585734a9427da9acdb03239b833af6c4abe11a2a66df6c,2026-07-28T15:57:22
S51_F10_c026,51,kitchen,S51_F10,F10,A12,train,P01,kitchen/S51_F10/S51_F10_c026.mp4,realsense_480p,640,480,15.0,87,5.8,046b42d3809b223e24be7dcd73b171757df8dedc076f2fc4c796fb0c0ecf6ad3,2026-07-28T15:57:24
S51_F10_c027,51,kitchen,S51_F10,F10,A12,train,P01,kitchen/S51_F10/S51_F10_c027.mp4,phone_1080p,1280,720,30.004,172,5.733,1c31fb6ac61fb4e5180a5da60c520f72e17afdedede4692ae12b04766d2995c4,2026-07-28T15:57:34
S51_F10_c028,51,kitchen,S51_F10,F10,A12,train,P01,kitchen/S51_F10/S51_F10_c028.mp4,realsense_480p,640,480,15.0,90,6.0,c832a585e8ad46e1f6ec19707a9c006159db9fe2bd41ab81deaaad02a5f41c7a,2026-07-28T15:57:36
S51_F10_c029,51,kitchen,S51_F10,F10,A12,train,P01,kitchen/S51_F10/S51_F10_c029.mp4,phone_1080p,1280,720,30.004,174,5.799,a0e7e336ec6b4c112d05124a90ba757777e10cd17d51d040db8cd77bdcda1fcf,2026-07-28T15:57:50
S51_F10_c030,51,kitchen,S51_F10,F10,A12,train,P01,kitchen/S51_F10/S51_F10_c030.mp4,realsense_480p,640,480,15.0,83,5.533,bf87a1e012160941cd9ff94e62aa52e6792a14776e05dafd340a90356c31885d,2026-07-28T15:57:52
S51_F10_c031,51,kitchen,S51_F10,F10,A12,train,P01,kitchen/S51_F10/S51_F10_c031.mp4,phone_1080p,1280,720,30.004,170,5.666,21c3be9be1f465db223be5fb2582d2eb50d0ed84950363956e17e4b7b1efef8a,2026-07-28T15:58:01
S51_F10_c032,51,kitchen,S51_F10,F10,A12,train,P01,kitchen/S51_F10/S51_F10_c032.mp4,realsense_480p,640,480,15.0,91,6.067,fb755bdb4c77145e099fa1c52c30a884e1d416a406f95216fcbbcd58c7e91aec,2026-07-28T15:58:02
S51_F10_c033,51,kitchen,S51_F10,F10,A12,train,P01,kitchen/S51_F10/S51_F10_c033.mp4,phone_1080p,1280,720,30.004,169,5.633,e53ad701d6db6e6c4f9b8be231539d6f6e2fa15cc861ee17c15c3c86f13dde2e,2026-07-28T15:58:36
S51_F10_c034,51,kitchen,S51_F10,F10,A12,train,P01,kitchen/S51_F10/S51_F10_c034.mp4,realsense_480p,640,480,15.0,94,6.267,8228a7ee7ba4c124abc47ac08f174452eeeee958ec838bc43f81507417b835e4,2026-07-28T15:58:37
S51_F10_c035,51,kitchen,S51_F10,F10,A12,train,P01,kitchen/S51_F10/S51_F10_c035.mp4,phone_1080p,1280,720,30.004,171,5.699,bb0b91195a82af2696df4790ca742466910812774b0f357bb2159eb10cacb5e1,2026-07-28T15:58:47
S51_F10_c036,51,kitchen,S51_F10,F10,A12,train,P01,kitchen/S51_F10/S51_F10_c036.mp4,realsense_480p,640,480,15.0,94,6.267,5aec65f952e2702c06a03a78ab30ad99f868ae9cdb40461f4faa8ff9797db6a9,2026-07-28T15:58:48
S51_F10_c037,51,kitchen,S51_F10,F10,A12,train,P04,kitchen/S51_F10/S51_F10_c037.mp4,phone_1080p,1280,720,29.859,121,4.052,7a3099c84d49fa536dca3e1d124bf8934d1047e2b17fed9e7e8286b8ecc20c0b,2026-07-28T17:32:09
S51_F10_c038,51,kitchen,S51_F10,F10,A12,train,P04,kitchen/S51_F10/S51_F10_c038.mp4,phone_1080p,1280,720,29.824,134,4.493,72838f3ef965a2a573bd968f1ddbd74f08777e6f148e04f7255dac6cf5e48682,2026-07-28T17:32:42
S51_F10_c039,51,kitchen,S51_F10,F10,A12,train,P04,kitchen/S51_F10/S51_F10_c039.mp4,phone_1080p,1280,720,29.906,127,4.247,098c3b71e2b9cb59ed5d7e470b3a3f7f30455393672efdc316dbb2faddc4b789,2026-07-28T17:32:50
S51_F10_c040,51,kitchen,S51_F10,F10,A12,train,P04,kitchen/S51_F10/S51_F10_c040.mp4,phone_1080p,1280,720,29.918,127,4.245,e422771e240f26780d9d6d02851dd0fb85bda2d0d9f1214b2a4f3107e1d2e693,2026-07-28T17:32:59
S51_F10_c041,51,kitchen,S51_F10,F10,A12,train,P04,kitchen/S51_F10/S51_F10_c041.mp4,phone_1080p,1280,720,29.772,78,2.62,7cd40c41c79a309c83fb26ed3c37233577318a98add6840ee28d7645dbd59ce9,2026-07-28T17:33:07
S51_F10_c042,51,kitchen,S51_F10,F10,A12,train,P04,kitchen/S51_F10/S51_F10_c042.mp4,phone_1080p,1280,720,29.918,126,4.212,492adef1f47218be49e225a617fd4b72388e4b9fae6f3538c0e7248ebaca6697,2026-07-28T17:33:48
S51_F10_c043,51,kitchen,S51_F10,F10,A12,train,P04,kitchen/S51_F10/S51_F10_c043.mp4,phone_1080p,1280,720,29.918,99,3.309,2080425b9e14feff4551d62e4e560daf7c8fffb5b5ca8bfb3eae8327faffa603,2026-07-28T17:33:57
S51_F10_c044,51,kitchen,S51_F10,F10,A12,train,P04,kitchen/S51_F10/S51_F10_c044.mp4,phone_1080p,1280,720,29.771,122,4.098,aedd28ec66a0b43fcb2cfbfae5858771760077b61896f1c5ed4ab97bbec6ddcf,2026-07-28T17:34:04
S51_F10_c045,51,kitchen,S51_F10,F10,A12,train,P04,kitchen/S51_F10/S51_F10_c045.mp4,phone_1080p,1280,720,29.863,120,4.018,c5a58959a3325396380322996d66148833881bc1cb963e53edd29c471da276dd,2026-07-28T17:34:13
S51_F10_c046,51,kitchen,S51_F10,F10,A12,train,P04,kitchen/S51_F10/S51_F10_c046.mp4,phone_1080p,1280,720,29.699,91,3.064,4447ab6789d92d5a6195ab97ae4eef4f13bc0b30466d36d1829fa524e0c58f92,2026-07-28T17:34:22
S51_F10_c047,51,kitchen,S51_F10,F10,A12,train,P04,kitchen/S51_F10/S51_F10_c047.mp4,phone_1080p,1280,720,29.847,92,3.082,2e1d3d703b6f5fdc6cb5395fe2a7694182f7c570bd276ca3e1c554bb78ac3913,2026-07-28T17:34:29
S52_F01_c001,52,kitchen,S52_F01,F01,A01,train,P06,kitchen/S52_F01/S52_F01_c001.MOV,phone_4k,3840,2160,59.96,450,7.505,cbff809d799021d3719ca7f8d654de98d3fb327987653f3841a11923f144424b,2026-07-27T12:26:50
S52_F01_c002,52,kitchen,S52_F01,F01,A01,train,P06,kitchen/S52_F01/S52_F01_c002.MOV,phone_4k,3840,2160,59.967,365,6.087,6fcce96180d159b620e3386e84352350d95f51ed836b088b43848c6ccbb8b9d0,2026-07-27T12:27:02
S52_F01_c003,52,kitchen,S52_F01,F01,A01,train,P06,kitchen/S52_F01/S52_F01_c003.MOV,phone_4k,3840,2160,60.0,377,6.283,7525f01c61dd188838cc2c51f28ec5b42918991b6cde78ec23b9663c6dd45854,2026-07-27T12:27:35
S52_F01_c004,52,kitchen,S52_F01,F01,A01,train,P06,kitchen/S52_F01/S52_F01_c004.MOV,phone_4k,3840,2160,60.0,381,6.35,5a95a33f4494bf0538bbf56aafc372036a744205daea33514defa41ed2fd8b02,2026-07-27T12:27:44
S52_F01_c005,52,kitchen,S52_F01,F01,A01,train,P07,kitchen/S52_F01/S52_F01_c005.MOV,phone_4k,3840,2160,29.991,174,5.802,06e35794895237a3616f36e8f49fded54c834d65f12427ec5d979f371c41c151,2026-07-27T12:28:35
S52_F01_c006,52,kitchen,S52_F01,F01,A01,train,P07,kitchen/S52_F01/S52_F01_c006.MOV,phone_4k,3840,2160,29.991,164,5.468,5064242d737ee9bf919c4ba75a54c367e6c69349699e3d94072e5501825b701e,2026-07-27T12:28:45
S52_F01_c007,52,kitchen,S52_F01,F01,A01,train,P07,kitchen/S52_F01/S52_F01_c007.MOV,phone_4k,3840,2160,30.0,188,6.267,2b96a73be10f9f50756087b71d2340db287d8423f85d94d48e0e5d6747c9a85a,2026-07-27T12:28:56
S52_F01_c008,52,kitchen,S52_F01,F01,A01,train,P07,kitchen/S52_F01/S52_F01_c008.MOV,phone_4k,3840,2160,30.0,177,5.9,d61d8af89873f5d2c960e09d814570808c43388964ebc526edd3a341a4a8cbc9,2026-07-27T12:29:05
S52_F01_c009,52,kitchen,S52_F01,F01,A01,train,P06,kitchen/S52_F01/S52_F01_c009.MOV,phone_4k,3840,2160,30.0,183,6.1,f897fa43e44a9a1155d39b702f8f037046dce9d5f721d38ba64e610c69c1ad45,2026-07-27T12:29:50
S52_F01_c010,52,kitchen,S52_F01,F01,A01,train,P06,kitchen/S52_F01/S52_F01_c010.MOV,phone_4k,3840,2160,30.0,186,6.2,778ee632ae08ed75028600f84de6cbd9c9e4499fb81cb1cd94fa1096d2aaf0c3,2026-07-27T12:29:59
S52_F01_c011,52,kitchen,S52_F01,F01,A01,train,P04,kitchen/S52_F01/S52_F01_c011.mp4,phone_1080p,1280,720,23.764,50,2.104,a4a62c0aedc15990ffd3ce5d673170c5ffc94c28cc32d605c08cd7da43d985bb,2026-07-27T15:07:24
S52_F01_c012,52,kitchen,S52_F01,F01,A01,train,P04,kitchen/S52_F01/S52_F01_c012.mp4,phone_1080p,1280,720,23.666,51,2.155,56dd5e921d84aca6a480773c0ba9fa9087e032f93e0bba643bac7723f7ceceb4,2026-07-27T15:07:30
S52_F01_c013,52,kitchen,S52_F01,F01,A01,train,P04,kitchen/S52_F01/S52_F01_c013.mp4,phone_1080p,1280,720,23.938,77,3.217,39251871cfb2c70a686bb7402cd8a6db62a6ed02a9c653eee97f690da236ff10,2026-07-27T15:08:20
S52_F01_c014,52,kitchen,S52_F01,F01,A01,train,P04,kitchen/S52_F01/S52_F01_c014.mp4,phone_1080p,1280,720,23.983,69,2.877,db696b86c4778e959a39311eae2113590af45863e0da89b200c650e95c4f8271,2026-07-27T15:08:26
S52_F01_c015,52,kitchen,S52_F01,F01,A01,train,P04,kitchen/S52_F01/S52_F01_c015.mp4,phone_1080p,1280,720,23.983,101,4.211,6bb8605d05eabb39d1abb48c015b7782f178c511ed467fbcb032aa7fe544290a,2026-07-27T15:08:40
S52_F01_c016,52,kitchen,S52_F01,F01,A01,train,P04,kitchen/S52_F01/S52_F01_c016.mp4,phone_1080p,1280,720,23.866,84,3.52,974b437a9fdbd3d0dfe6d7d29b6741111dc8e13d58d2b4af855f4f7bd8f7ced7,2026-07-27T15:08:48
S52_F01_c017,52,kitchen,S52_F01,F01,A01,train,P04,kitchen/S52_F01/S52_F01_c017.mp4,phone_1080p,1280,720,24.03,85,3.537,123c71517b564be57a8ae9822de01dff36735f7e0c9beeaf7e2e58c9c5cb6c91,2026-07-27T15:09:50
S52_F01_c018,52,kitchen,S52_F01,F01,A01,train,P04,kitchen/S52_F01/S52_F01_c018.mp4,phone_1080p,1280,720,24.011,75,3.124,be01505b9240a6018d6f425ba1b4f07c3b8c00a5d8b309f6d720ebf7fad6893e,2026-07-27T15:10:20
S52_F01_c019,52,kitchen,S52_F01,F01,A01,train,P04,kitchen/S52_F01/S52_F01_c019.mp4,phone_1080p,1280,720,29.856,84,2.814,9a3dad084c1df4e7db4d7704816ef43c8ec0b87bac75823c52d318fbb433db24,2026-07-27T15:11:05
S52_F01_c020,52,kitchen,S52_F01,F01,A01,train,P04,kitchen/S52_F01/S52_F01_c020.mp4,phone_1080p,1280,720,29.871,77,2.578,1e1ba261470cf5e4a53b80433b6d87437fac0327b3680813c6040110459045df,2026-07-27T15:11:11
S52_F01_c021,52,kitchen,S52_F01,F01,A01,train,P02,kitchen/S52_F01/S52_F01_c021.mp4,phone_1080p,1280,720,30.008,174,5.799,f979bbb745d8fc651f5e7573f887c8d4f427b35612bdb322c4fa5002326b9580,2026-07-28T16:06:23
S52_F01_c022,52,kitchen,S52_F01,F01,A01,train,P02,kitchen/S52_F01/S52_F01_c022.mp4,realsense_480p,640,480,15.0,95,6.333,41b13b514945eff61210be222cc1f33127435b83b32781264c756b7ed2e2b298,2026-07-28T16:06:24
S52_F01_c023,52,kitchen,S52_F01,F01,A01,train,P02,kitchen/S52_F01/S52_F01_c023.mp4,phone_1080p,1280,720,29.655,170,5.733,99aa755816c4bb369f6ea20650a76e3dd5f7e833357d44430e8ecc1d688ba725,2026-07-28T16:06:33
S52_F01_c024,52,kitchen,S52_F01,F01,A01,train,P02,kitchen/S52_F01/S52_F01_c024.mp4,realsense_480p,640,480,15.0,107,7.133,a8deedf2ca5097537a1ccb1ce91a8109df5428a12abcd8d11389c06e9d138e06,2026-07-28T16:06:34
S52_F01_c025,52,kitchen,S52_F01,F01,A01,train,P02,kitchen/S52_F01/S52_F01_c025.mp4,phone_1080p,1280,720,30.004,179,5.966,18ae919d43dc5bfc01fc1a30062b131e2cbc7a2592cb5bd739c563b3a27fae9c,2026-07-28T16:06:47
S52_F01_c026,52,kitchen,S52_F01,F01,A01,train,P02,kitchen/S52_F01/S52_F01_c026.mp4,realsense_480p,640,480,15.0,93,6.2,0c62bb3c9a983e4c7676dc591cdb4d9e6c049b47e6117c812e9d8ab5b38ddbcb,2026-07-28T16:06:48
S52_F01_c027,52,kitchen,S52_F01,F01,A01,train,P02,kitchen/S52_F01/S52_F01_c027.mp4,phone_1080p,1280,720,30.004,170,5.666,d03b95c5ae954a17ef3241da1272471b237a7b97760d9696a887f87f68ebed65,2026-07-28T16:06:57
S52_F01_c028,52,kitchen,S52_F01,F01,A01,train,P02,kitchen/S52_F01/S52_F01_c028.mp4,realsense_480p,640,480,15.0,89,5.933,fc6659de70fb21e0ff54ab4f639382080f98de71a9875e3208673810802df03b,2026-07-28T16:06:58
S52_F01_c029,52,kitchen,S52_F01,F01,A01,train,P02,kitchen/S52_F01/S52_F01_c029.mp4,phone_1080p,1280,720,29.832,173,5.799,2fdaf26b11f2b08f8cd9abe6863daf9eb7e095badc51a67270c7251d1068ba1f,2026-07-28T16:07:08
S52_F01_c030,52,kitchen,S52_F01,F01,A01,train,P02,kitchen/S52_F01/S52_F01_c030.mp4,realsense_480p,640,480,15.0,90,6.0,344329d5fab805b2f01bd721d2b136ae7ebca8451e3a2629ddd6fd30751d5180,2026-07-28T16:07:09
S52_F01_c031,52,kitchen,S52_F01,F01,A01,train,P02,kitchen/S52_F01/S52_F01_c031.mp4,phone_1080p,1280,720,30.004,172,5.733,3f17d7d4f79f947e391c73eec1a748635d1df6483a043584011eba0a08fd6690,2026-07-28T16:07:15
S52_F01_c032,52,kitchen,S52_F01,F01,A01,train,P02,kitchen/S52_F01/S52_F01_c032.mp4,realsense_480p,640,480,15.0,100,6.667,318eb80d38c676e397167449061f09e087502185bcfe70f7fdcf68f6e9fb1dc6,2026-07-28T16:07:18
S52_F01_c033,52,kitchen,S52_F01,F01,A01,train,P01,kitchen/S52_F01/S52_F01_c033.mp4,phone_1080p,1280,720,30.037,244,8.123,3d8f87db38800913f2e47c57992d164901800fd0e1067f42940adf48728df0d4,2026-07-27T20:10:41
S52_F01_c034,52,kitchen,S52_F01,F01,A01,train,P02,kitchen/S52_F01/S52_F01_c034.mp4,phone_1080p,1280,720,30.036,213,7.091,0d6e25926da533a1cf273000d039b41623675792b03412ba84608f7a0079403b,2026-07-27T20:10:59
S52_F01_c035,52,kitchen,S52_F01,F01,A01,train,P03,kitchen/S52_F01/S52_F01_c035.mp4,phone_1080p,1280,720,30.037,206,6.858,49a33d5eaa9b8cd54552a61a7aae80df1fc411632a9500a9b8ad04dd434f95fc,2026-07-27T20:12:46
S52_F01_c036,52,kitchen,S52_F01,F01,A01,train,P04,kitchen/S52_F01/S52_F01_c036.mp4,phone_1080p,1280,720,30.036,180,5.993,95b60eb646cedab060e6b29e0834be07aa2df4af544afdd4d56ae14492a7e0f4,2026-07-27T20:13:02
S52_F01_c037,52,kitchen,S52_F01,F01,A01,train,P05,kitchen/S52_F01/S52_F01_c037.mp4,phone_1080p,1280,720,30.036,195,6.492,482d358aea7084ccfb0a181c26e37cf74727ca9fb28c3d39ec3f266e38ff1019,2026-07-27T20:14:14
S52_F01_c038,52,kitchen,S52_F01,F01,A01,train,P06,kitchen/S52_F01/S52_F01_c038.mp4,phone_1080p,1280,720,30.036,194,6.459,242c4a2d75300dfc993599613e5f6b0084eefa296a4ca5f1c88d0dfb728a4319,2026-07-27T20:14:27
S52_F01_c039,52,kitchen,S52_F01,F01,A01,train,P07,kitchen/S52_F01/S52_F01_c039.mp4,phone_1080p,1280,720,30.037,202,6.725,667fc7398559d69d50bc3107ec50bdb35864b3331c18c32e3f7bf62659e79d91,2026-07-27T20:16:24
S52_F01_c040,52,kitchen,S52_F01,F01,A01,train,P08,kitchen/S52_F01/S52_F01_c040.mp4,phone_1080p,1280,720,30.036,197,6.559,7b2c5dc50f120db4c5c1ac2bb5bc3b6bf793cc386bbf842e79874520ce0b0c6a,2026-07-27T20:16:55
S52_F01_c041,52,kitchen,S52_F01,F01,A01,train,P09,kitchen/S52_F01/S52_F01_c041.mp4,phone_1080p,1280,720,30.037,206,6.858,bb77a44a656f24476b3ab4cbf58274fcbcf1e401bb57e393f8bf38ea5668252a,2026-07-27T20:18:39
S52_F01_c042,52,kitchen,S52_F01,F01,A01,train,P10,kitchen/S52_F01/S52_F01_c042.mp4,phone_1080p,1280,720,30.036,197,6.559,20db2780a9d1441366a3649f5dc7cb1e812a6f56cc580875408fe556fc9514e6,2026-07-27T20:18:53
S53_F02_c001,53,kitchen,S53_F02,F02,A02/A03,test,P07,kitchen/S53_F02/S53_F02_c001.MOV,phone_4k,3840,2160,29.989,141,4.702,2a4ebbab9a7f4353c3dde3140d769b6dd9bdb46b37506a367d710e902ffb818a,2026-07-27T12:50:58
S53_F02_c002,53,kitchen,S53_F02,F02,A02/A03,test,P07,kitchen/S53_F02/S53_F02_c002.MOV,phone_4k,3840,2160,30.0,170,5.667,da2c69537ccf1ba9805de8751ee949eee74b519c5d19186c36b0c04b1830f782,2026-07-27T12:51:16
S53_F02_c003,53,kitchen,S53_F02,F02,A02/A03,test,P07,kitchen/S53_F02/S53_F02_c003.MOV,phone_4k,3840,2160,29.991,163,5.435,bed2e81bf404ab9007ef47237c825345702fb84530dccbefc0306669fa288e93,2026-07-27T12:51:36
S53_F02_c004,53,kitchen,S53_F02,F02,A02/A03,test,P07,kitchen/S53_F02/S53_F02_c004.MOV,phone_4k,3840,2160,29.991,169,5.635,cb8f377aa5960092a5e91654468322b67611af75b8c5de4a36e445b79fcb2150,2026-07-27T12:52:06
S53_F02_c005,53,kitchen,S53_F02,F02,A02/A03,test,P07,kitchen/S53_F02/S53_F02_c005.MOV,phone_4k,3840,2160,30.0,174,5.8,67f67034f8670c4f6593f292fd07cc1d683a1b0905788a4626f7e88260adafea,2026-07-27T12:53:16
S53_F02_c006,53,kitchen,S53_F02,F02,A02/A03,test,P07,kitchen/S53_F02/S53_F02_c006.MOV,phone_4k,3840,2160,29.992,180,6.002,a1eae5de0cacc529cc0a1c4a9fe87f840b2e908250bcdc361425ad69cefbc5c5,2026-07-27T12:53:41
S53_F02_c007,53,kitchen,S53_F02,F02,A02/A03,test,P07,kitchen/S53_F02/S53_F02_c007.MOV,phone_4k,3840,2160,30.0,160,5.333,1a80e1fc7a8bc4aed3602f3d140f77001ed0a666141dae149a8d3d3d6c2bbf4a,2026-07-27T12:54:02
S53_F02_c008,53,kitchen,S53_F02,F02,A02/A03,test,P07,kitchen/S53_F02/S53_F02_c008.MOV,phone_4k,3840,2160,29.991,176,5.868,9891f0d11108b87814409830543ddda9d29b4557cdb2416d674dd2273137a122,2026-07-27T12:54:22
S53_F02_c009,53,kitchen,S53_F02,F02,A02/A03,test,P07,kitchen/S53_F02/S53_F02_c009.MOV,phone_4k,3840,2160,30.0,182,6.067,0cff3eb0a7392dfac6ff2d4f2fa032d223e1f01756ae5d389833c94afb3a2748,2026-07-27T12:55:04
S53_F02_c010,53,kitchen,S53_F02,F02,A02/A03,test,P07,kitchen/S53_F02/S53_F02_c010.MOV,phone_4k,3840,2160,30.0,161,5.367,461f369987e748c2fbec0e25c21bf3039f4b4d648ea2b4243dd21dc618ffc753,2026-07-27T12:55:29
S53_F02_c011,53,kitchen,S53_F02,F02,A02/A03,test,P04,kitchen/S53_F02/S53_F02_c011.mp4,phone_1080p,1280,720,29.839,171,5.731,e728071be978e7cbffd187ea3e0cb41fa693cef7d9b44716833a3c9cb9a4feb1,2026-07-27T16:05:20
S53_F02_c012,53,kitchen,S53_F02,F02,A02/A03,test,P04,kitchen/S53_F02/S53_F02_c012.mp4,phone_1080p,1280,720,29.775,120,4.03,358742d24713fe76a45ad4b573d3971050b63d3a353c0014f32d5a6a11a40b8b,2026-07-27T16:05:55
S53_F02_c013,53,kitchen,S53_F02,F02,A02/A03,test,P04,kitchen/S53_F02/S53_F02_c013.mp4,phone_1080p,1280,720,29.918,118,3.944,bbf9cc9c3fe48d0bd1acba1eb5ce20ccc297f7cefe2f694f02ec4281ec403730,2026-07-27T16:10:59
S53_F02_c014,53,kitchen,S53_F02,F02,A02/A03,test,P04,kitchen/S53_F02/S53_F02_c014.mp4,phone_1080p,1280,720,29.763,138,4.637,e6681732f0e4aaf8819c25b9ab453681805bea6693f8789116845df58b845145,2026-07-27T16:11:07
S53_F02_c015,53,kitchen,S53_F02,F02,A02/A03,test,P04,kitchen/S53_F02/S53_F02_c015.mp4,phone_1080p,1280,720,29.899,161,5.385,5dbbdaf2c35767cbc0227503f7d34d26361ca9d266604f734b41f737639fd574,2026-07-27T16:11:15
S53_F02_c016,53,kitchen,S53_F02,F02,A02/A03,test,P04,kitchen/S53_F02/S53_F02_c016.mp4,phone_1080p,1280,720,29.717,109,3.668,9f5a2e4c2f9e53b696dfef15e1a5d3a0c388215f2a1553fc07af6b0faeccfd3f,2026-07-27T16:11:32
S53_F02_c017,53,kitchen,S53_F02,F02,A02/A03,test,P04,kitchen/S53_F02/S53_F02_c017.mp4,phone_1080p,1280,720,29.837,125,4.189,4758570cdb6b0f49632ca1083646230291bb554a34037ddd0bbbdb383747aa0c,2026-07-27T16:12:25
S53_F02_c018,53,kitchen,S53_F02,F02,A02/A03,test,P04,kitchen/S53_F02/S53_F02_c018.mp4,phone_1080p,1280,720,29.91,134,4.48,c86ad58316dda6e46b399bec2092e5dee5e203c38f8a3a3a669251e9af03ce55,2026-07-27T16:12:39
S53_F02_c019,53,kitchen,S53_F02,F02,A02/A03,test,P04,kitchen/S53_F02/S53_F02_c019.mp4,phone_1080p,1280,720,29.909,115,3.845,0601208b0a3514b4f950bd6258ba34b58b44de7af51bce83569b1c7e8a281525,2026-07-27T16:12:47
S53_F02_c020,53,kitchen,S53_F02,F02,A02/A03,test,P01,kitchen/S53_F02/S53_F02_c020.mp4,phone_1080p,1280,720,30.008,211,7.031,772102ff7299989f4440682d249fe06f924025b94e0a67a5db12ee5f9e226f96,2026-07-27T20:26:59
S53_F02_c021,53,kitchen,S53_F02,F02,A02/A03,test,P01,kitchen/S53_F02/S53_F02_c021.mp4,phone_1080p,1280,720,30.008,212,7.065,2c653bc394539ffc5366a3242499eb1192f4c0cc96ee6978e44b9ba710fb18d4,2026-07-27T20:28:16
S53_F02_c022,53,kitchen,S53_F02,F02,A02/A03,test,P01,kitchen/S53_F02/S53_F02_c022.mp4,phone_1080p,1280,720,30.008,191,6.365,7708e25a8328e6406839ff0f88e61b5ed021e287c3b9c9bdbe1edeeea1d2e695,2026-07-27T20:30:14
S53_F02_c023,53,kitchen,S53_F02,F02,A02/A03,test,P01,kitchen/S53_F02/S53_F02_c023.mp4,phone_1080p,1280,720,30.008,176,5.865,2f55923ecc28218320b7c0c7f90aad79e007ec8d3b433953bf631c5f2a1695ac,2026-07-27T20:30:33
S53_F02_c024,53,kitchen,S53_F02,F02,A02/A03,test,P01,kitchen/S53_F02/S53_F02_c024.mp4,phone_1080p,1280,720,30.008,193,6.432,d1509bc73cdd9bd4bb8ab9a0356d6358bca9d612f31e5eccaf4c7b129d3f5c2c,2026-07-27T20:30:58
S53_F02_c025,53,kitchen,S53_F02,F02,A02/A03,test,P01,kitchen/S53_F02/S53_F02_c025.mp4,phone_1080p,1280,720,30.008,187,6.232,decf2d40f66bfc841a62bec3db2a5948a64626919e7b79a5adc8fe783d8ae772,2026-07-27T20:32:16
S53_F02_c026,53,kitchen,S53_F02,F02,A02/A03,test,P01,kitchen/S53_F02/S53_F02_c026.mp4,phone_1080p,1280,720,30.008,183,6.098,61a05cd59bf83f6c46cd9139a817a15fc2ce824b09d1d6f75fd7286f63e17815,2026-07-27T20:32:36
S53_F02_c027,53,kitchen,S53_F02,F02,A02/A03,test,P02,kitchen/S53_F02/S53_F02_c027.mp4,phone_1080p,1280,720,30.057,171,5.689,7bbcb2443d7df0dc0f528ca2ea6e5867a81d0ead3f3a5ed245d56e896eac40e5,2026-07-28T16:10:04
S53_F02_c028,53,kitchen,S53_F02,F02,A02/A03,test,P02,kitchen/S53_F02/S53_F02_c028.mp4,realsense_480p,640,480,15.0,46,3.067,cece9a7fea1da626eec4a2206fcdc21226fb3a01323d8ef631c2f061b2e1df87,2026-07-28T16:10:05
S53_F02_c029,53,kitchen,S53_F02,F02,A02/A03,test,P02,kitchen/S53_F02/S53_F02_c029.mp4,phone_1080p,1280,720,30.056,173,5.756,7e30d17c00532f2c8a157d539b93013cd139dceeb0e958c157005c61359341e5,2026-07-28T16:10:16
S53_F02_c030,53,kitchen,S53_F02,F02,A02/A03,test,P02,kitchen/S53_F02/S53_F02_c030.mp4,realsense_480p,640,480,15.0,96,6.4,4adf6c609f44b242d4557a064c30dc87239d192577f2b3468d93b7259b8fdf47,2026-07-28T16:10:17
S53_F02_c031,53,kitchen,S53_F02,F02,A02/A03,test,P02,kitchen/S53_F02/S53_F02_c031.mp4,phone_1080p,1280,720,30.057,170,5.656,c16dc81470ddd3a8d0ccb8dbd13c67ecf97481e94d7656658c84dbfe0e9f0589,2026-07-28T16:10:28
S53_F02_c032,53,kitchen,S53_F02,F02,A02/A03,test,P02,kitchen/S53_F02/S53_F02_c032.mp4,realsense_480p,640,480,15.0,96,6.4,e288d28eefd28dc182e96b6ce3948eb0f182b5a34feb1b6da77ded400c2ac765,2026-07-28T16:10:29
S53_F02_c033,53,kitchen,S53_F02,F02,A02/A03,test,P02,kitchen/S53_F02/S53_F02_c033.mp4,phone_1080p,1280,720,30.058,168,5.589,675ead08d6cb0925e376a0bae41dac1d378cad0206dd4d4039fade3ba250d896,2026-07-28T16:10:52
S53_F02_c034,53,kitchen,S53_F02,F02,A02/A03,test,P02,kitchen/S53_F02/S53_F02_c034.mp4,realsense_480p,640,480,15.0,92,6.133,da6bde016e6a006c2963382155ae356786673d6fdb261ef30f8776db021ba30d,2026-07-28T16:10:53
S53_F02_c035,53,kitchen,S53_F02,F02,A02/A03,test,P02,kitchen/S53_F02/S53_F02_c035.mp4,phone_1080p,1280,720,30.004,173,5.766,78841f99134c26617a3eae0ed19fd851d71006da9dace5eb61b3fd9ea77a42eb,2026-07-28T16:11:04
S53_F02_c036,53,kitchen,S53_F02,F02,A02/A03,test,P02,kitchen/S53_F02/S53_F02_c036.mp4,realsense_480p,640,480,15.0,113,7.533,3a1e90625fc4bdc0d2da7740af1ce4d603af90e86479c4f2e9e6354c4b17eb3d,2026-07-28T16:11:05
S53_F02_c037,53,kitchen,S53_F02,F02,A02/A03,test,P01,kitchen/S53_F02/S53_F02_c037.mp4,phone_1080p,1280,720,30.037,208,6.925,5e30b8eec12730d652e1dc9fa8ef023751549fdfc9db437610cc3f4f6e6c7fc5,2026-07-27T20:22:09
S53_F02_c038,53,kitchen,S53_F02,F02,A02/A03,test,P01,kitchen/S53_F02/S53_F02_c038.mp4,phone_1080p,1280,720,30.037,192,6.392,9ea0461f9928f5f51504a62ab14fe3b2191af0ee9c8978c0de692d83b670e0fa,2026-07-27T20:23:07
S53_F02_c039,53,kitchen,S53_F02,F02,A02/A03,test,P01,kitchen/S53_F02/S53_F02_c039.mp4,phone_1080p,1280,720,30.037,208,6.925,bcae0071672b27361f246970e69011d2d86cdf945005778d624ca4d190a8fc09,2026-07-27T20:25:19
S54_F02_c001,54,kitchen,S54_F02,F02,A02/A03,test,P06,kitchen/S54_F02/S54_F02_c001.MOV,phone_4k,3840,2160,30.0,202,6.733,955501e9d93469ecb423c1c84aa6bdb873a2282b55021adf076578014a0f719f,2026-07-27T12:36:20
S54_F02_c002,54,kitchen,S54_F02,F02,A02/A03,test,P06,kitchen/S54_F02/S54_F02_c002.MOV,phone_4k,3840,2160,29.992,180,6.002,b507dbb0154fcdf23595e76d7146d6f699822e56b1d7c81a190067895617fff1,2026-07-27T12:36:35
S54_F02_c003,54,kitchen,S54_F02,F02,A02/A03,test,P06,kitchen/S54_F02/S54_F02_c003.MOV,phone_4k,3840,2160,29.992,186,6.202,288dc8bfcb149dad5cc66d3845c214b475267fac1ef0b05ce1c8f19d4a646f78,2026-07-27T12:36:53
S54_F02_c004,54,kitchen,S54_F02,F02,A02/A03,test,P06,kitchen/S54_F02/S54_F02_c004.MOV,phone_4k,3840,2160,30.0,223,7.433,15d7ff9ee33670c5dfcf4870b997972b64cc6133ab849ece7ae7db2e4d259e8e,2026-07-27T12:37:35
S54_F02_c005,54,kitchen,S54_F02,F02,A02/A03,test,P06,kitchen/S54_F02/S54_F02_c005.MOV,phone_4k,3840,2160,29.992,186,6.202,ae63d45fbbfc8a3b12b02891deedc422c71da99f163458e546331562944ebdfd,2026-07-27T12:39:46
S54_F02_c006,54,kitchen,S54_F02,F02,A02/A03,test,P06,kitchen/S54_F02/S54_F02_c006.MOV,phone_4k,3840,2160,30.0,177,5.9,7c33feccfdd8b0e5d5a0d97cc7d388cc6b9ca56d07e825bd22bf39e22b1e79f4,2026-07-27T12:40:38
S54_F02_c007,54,kitchen,S54_F02,F02,A02/A03,test,P06,kitchen/S54_F02/S54_F02_c007.MOV,phone_4k,3840,2160,30.0,203,6.767,91b9e99c2f32cb69513b80b7f70af1a98df82c1453541266d02b5ccfa84a4643,2026-07-27T12:47:50
S54_F02_c008,54,kitchen,S54_F02,F02,A02/A03,test,P06,kitchen/S54_F02/S54_F02_c008.MOV,phone_4k,3840,2160,29.992,194,6.468,273122de9b5ca1182fe8e11f386a502a0d21104cb02efa251a2998a47a28ab5d,2026-07-27T12:48:09
S54_F02_c009,54,kitchen,S54_F02,F02,A02/A03,test,P04,kitchen/S54_F02/S54_F02_c009.mp4,phone_1080p,1280,720,23.957,103,4.299,89fa2398e489d2c029c2b13ad987bc7a45832cfb85a0fc2ff7a12165890481be,2026-07-27T15:20:17
S54_F02_c010,54,kitchen,S54_F02,F02,A02/A03,test,P04,kitchen/S54_F02/S54_F02_c010.mp4,phone_1080p,1280,720,23.934,68,2.841,8c1249b2d0241b46cfac837248037225268dc6cab7c1a446dc9d9de46ed5f6cb,2026-07-27T15:20:56
S54_F02_c011,54,kitchen,S54_F02,F02,A02/A03,test,P04,kitchen/S54_F02/S54_F02_c011.mp4,phone_1080p,1280,720,23.944,60,2.506,04f297b4c1acb3dd079fc55ea53fea7eb8dedcc44da4687bbfbeda6dc11835ea,2026-07-27T15:21:04
S54_F02_c012,54,kitchen,S54_F02,F02,A02/A03,test,P04,kitchen/S54_F02/S54_F02_c012.mp4,phone_1080p,1280,720,23.787,67,2.817,a6e7c6e61b0602d5e6801c105dd1926c6c3b0d0c8827a94e74527f8d6720a45b,2026-07-27T15:21:48
S54_F02_c013,54,kitchen,S54_F02,F02,A02/A03,test,P04,kitchen/S54_F02/S54_F02_c013.mp4,phone_1080p,1280,720,23.844,72,3.02,08610331770b4988c88cc1c18b2a714768481c0a8462905cdb1ce85074603ff2,2026-07-27T15:21:54
S54_F02_c014,54,kitchen,S54_F02,F02,A02/A03,test,P04,kitchen/S54_F02/S54_F02_c014.mp4,phone_1080p,1280,720,23.96,81,3.381,db12160913f411b53b901b934b81d79cd8dea5c0804140f62f404fbd45ef130f,2026-07-27T15:22:01
S54_F02_c015,54,kitchen,S54_F02,F02,A02/A03,test,P04,kitchen/S54_F02/S54_F02_c015.mp4,phone_1080p,1280,720,24.018,85,3.539,48aeb24051309d183ccab88e2820f1e73bf33e13ee4162d7f7ecdedbbf6a6e95,2026-07-27T15:22:22
S54_F02_c016,54,kitchen,S54_F02,F02,A02/A03,test,P04,kitchen/S54_F02/S54_F02_c016.mp4,phone_1080p,1280,720,23.68,64,2.703,8b6c594d13e830d5dd878e8cec1566035452165aaf72a03d420018f305400067,2026-07-27T15:22:30
S54_F02_c017,54,kitchen,S54_F02,F02,A02/A03,test,P01,kitchen/S54_F02/S54_F02_c017.mp4,phone_1080p,1280,720,29.833,171,5.732,dd9894ec8fb6181788c2e369591dffd8aebab594229919a752648df4a806c755,2026-07-27T20:33:38
S54_F02_c018,54,kitchen,S54_F02,F02,A02/A03,test,P01,kitchen/S54_F02/S54_F02_c018.mp4,phone_1080p,1280,720,30.007,185,6.165,2b1943ed71f07cd0d8aef485b896067ed87710b3b371ccb8373dd6b9cdcf25cc,2026-07-27T20:34:00
S54_F02_c019,54,kitchen,S54_F02,F02,A02/A03,test,P01,kitchen/S54_F02/S54_F02_c019.mp4,phone_1080p,1280,720,30.008,173,5.765,2bcea5caa9e55cd3b16147c4c538d2b376cd4d550314e62b8e5e2f75a287aa39,2026-07-27T20:34:21
S54_F02_c020,54,kitchen,S54_F02,F02,A02/A03,test,P01,kitchen/S54_F02/S54_F02_c020.mp4,phone_1080p,1280,720,30.008,173,5.765,d7da9896c0b2c6e08f4b7df6f62fff7cda67f5f49c6a4a371891fbfdbbee0c74,2026-07-27T20:34:39
S54_F02_c021,54,kitchen,S54_F02,F02,A02/A03,test,P01,kitchen/S54_F02/S54_F02_c021.mp4,phone_1080p,1280,720,30.008,204,6.798,3b8419305b1dce0005eb8d046a79003ce8dd1d1c73801eceafdd6a555ae658d2,2026-07-27T20:34:56
S54_F02_c022,54,kitchen,S54_F02,F02,A02/A03,test,P01,kitchen/S54_F02/S54_F02_c022.mp4,phone_1080p,1280,720,30.008,181,6.032,95af45159073faf272516792cf6f2bb802d30fed504baa637c8c402b01b148e0,2026-07-27T20:35:30
S54_F02_c023,54,kitchen,S54_F02,F02,A02/A03,test,P01,kitchen/S54_F02/S54_F02_c023.mp4,phone_1080p,1280,720,30.008,186,6.198,617f2c23bbbc2709afe995cfc42de2cdb20e7ead4a5287cbf6c3b78537391732,2026-07-27T20:36:10
S54_F02_c024,54,kitchen,S54_F02,F02,A02/A03,test,P01,kitchen/S54_F02/S54_F02_c024.mp4,phone_1080p,1280,720,30.008,180,5.998,17f358de2870750fca04126a56b6f7015846eb880bb47fd23c52380098128248,2026-07-27T20:37:01
S54_F02_c025,54,kitchen,S54_F02,F02,A02/A03,test,P01,kitchen/S54_F02/S54_F02_c025.mp4,phone_1080p,1280,720,30.008,192,6.398,9205e1a2ba4209c266e6891295cef580f401310abf0881ebb0169a318773783a,2026-07-27T20:37:54
S54_F02_c026,54,kitchen,S54_F02,F02,A02/A03,test,P01,kitchen/S54_F02/S54_F02_c026.mp4,phone_1080p,1280,720,30.008,181,6.032,f36ec35beb84445cf16f4ce3d161877d8ed536d37be6dca4edab1474a62b941a,2026-07-27T20:38:18
S54_F02_c027,54,kitchen,S54_F02,F02,A02/A03,test,P02,kitchen/S54_F02/S54_F02_c027.mp4,phone_1080p,1280,720,30.007,167,5.565,396c220de63993ca502bc623c163e46913ddc51b69321d74a64444415222311a,2026-07-28T16:15:33
S54_F02_c028,54,kitchen,S54_F02,F02,A02/A03,test,P02,kitchen/S54_F02/S54_F02_c028.mp4,phone_1080p,1280,720,30.063,170,5.655,1f99ecbc0056ec5a9d18a931d2e935085e52841856b3facd0014402e6c173fbb,2026-07-28T16:15:42
S54_F02_c029,54,kitchen,S54_F02,F02,A02/A03,test,P02,kitchen/S54_F02/S54_F02_c029.mp4,phone_1080p,1280,720,30.008,164,5.465,946aecb9f9641d405d2f3d0d88f593b0311589148156fae1978def1c1400bba0,2026-07-28T16:15:53
S54_F02_c030,54,kitchen,S54_F02,F02,A02/A03,test,P02,kitchen/S54_F02/S54_F02_c030.mp4,phone_1080p,1280,720,29.886,173,5.789,6c28907b87b3343cca64cf32bb7a5f4d5539f1b8e9f6888e5a756fbc0b7aeb80,2026-07-28T16:16:11
S54_F02_c031,54,kitchen,S54_F02,F02,A02/A03,test,P02,kitchen/S54_F02/S54_F02_c031.mp4,phone_1080p,1280,720,30.004,168,5.599,6b1699800c262925fb4555e9ecbae59b3051cfc973027d1833c0b5bb349c12d8,2026-07-28T16:16:21
S54_F02_c032,54,kitchen,S54_F02,F02,A02/A03,test,P02,kitchen/S54_F02/S54_F02_c032.mp4,phone_1080p,1280,720,30.004,170,5.666,307ff43fe734a9254d5a44348d7341d2aea8d696260fb9d23ac3a1fcc6870bf9,2026-07-28T16:16:31
S54_F02_c033,54,kitchen,S54_F02,F02,A02/A03,test,P02,kitchen/S54_F02/S54_F02_c033.mp4,realsense_480p,640,480,15.0,95,6.333,e6b7f5eea4caec762178365ed17cedc97ab6a83dd5f697dab2a5aa879a0f58d8,
S54_F02_c034,54,kitchen,S54_F02,F02,A02/A03,test,P02,kitchen/S54_F02/S54_F02_c034.mp4,realsense_480p,640,480,15.0,90,6.0,5f438cf7846d84fae7173a619ad310ebb1fa309c919570196a30f444f19427e6,
S54_F02_c035,54,kitchen,S54_F02,F02,A02/A03,test,P02,kitchen/S54_F02/S54_F02_c035.mp4,realsense_480p,640,480,15.0,88,5.867,e0febf5c143cb1fec4cac7cbe9dd46042e06edbc36c8327ac845c4abb6183a08,
S54_F02_c036,54,kitchen,S54_F02,F02,A02/A03,test,P02,kitchen/S54_F02/S54_F02_c036.mp4,realsense_480p,640,480,15.0,92,6.133,c3f8a40d2a9027b775be95170e5ad255a584e4687dfb6fefc79670bbfda1af2d,
S54_F02_c037,54,kitchen,S54_F02,F02,A02/A03,test,P02,kitchen/S54_F02/S54_F02_c037.mp4,realsense_480p,640,480,15.0,90,6.0,a975f308ae6cc68d8d221caef6ef605b2bddf993e45576f954420621636e3e6f,
S54_F02_c038,54,kitchen,S54_F02,F02,A02/A03,test,P02,kitchen/S54_F02/S54_F02_c038.mp4,realsense_480p,640,480,15.0,84,5.6,fc032b861ad6a876e250e139342f9d4bba9509d802df76980ddb5d73e9ffb844,
S55_F03_c001,55,kitchen,S55_F03,F03,A13,test,P06,kitchen/S55_F03/S55_F03_c001.MOV,phone_4k,3840,2160,30.0,221,7.367,f3a86a909f0f73f3206ac4dbf9c9cd45169d1b2cd9e279b830b87a376ca7b4c2,2026-07-27T13:19:22
S55_F03_c002,55,kitchen,S55_F03,F03,A13,test,P06,kitchen/S55_F03/S55_F03_c002.MOV,phone_4k,3840,2160,30.0,172,5.733,96f941ced7e03a3a8a955a72340881a1f354de571bc093773a7714f72a35ee53,2026-07-27T13:19:37
S55_F03_c003,55,kitchen,S55_F03,F03,A13,test,P06,kitchen/S55_F03/S55_F03_c003.MOV,phone_4k,3840,2160,29.991,173,5.768,f0889fbc5a4cd87cc666c5b1f4037818e1dc82c3709440aedb20a5a1f8daf7dd,2026-07-27T13:19:50
S55_F03_c004,55,kitchen,S55_F03,F03,A13,test,P06,kitchen/S55_F03/S55_F03_c004.MOV,phone_4k,3840,2160,29.992,180,6.002,f96b52fbbb2f67f512be7751ba5260222583d5c4d7e564ac564dcbb3769d98f1,2026-07-27T13:20:02
S55_F03_c005,55,kitchen,S55_F03,F03,A13,test,P06,kitchen/S55_F03/S55_F03_c005.MOV,phone_4k,3840,2160,29.992,189,6.302,782cb265516128fd2a5cd0289df293f2caafeeeda89a77d5d74c2a5903e44738,2026-07-27T13:21:31
S55_F03_c006,55,kitchen,S55_F03,F03,A13,test,P06,kitchen/S55_F03/S55_F03_c006.MOV,phone_4k,3840,2160,29.992,177,5.902,6ceb99663047e536edf6043a5a5a81bb4c03f5b35515299549c1c1d49a9e5d0f,2026-07-27T13:21:44
S55_F03_c007,55,kitchen,S55_F03,F03,A13,test,P06,kitchen/S55_F03/S55_F03_c007.MOV,phone_4k,3840,2160,30.0,157,5.233,ca8555d2f234543546598d4eed51fd882c7279cca5a3d05d6f6a4ece3ec0adee,2026-07-27T13:21:58
S55_F03_c008,55,kitchen,S55_F03,F03,A13,test,P06,kitchen/S55_F03/S55_F03_c008.MOV,phone_4k,3840,2160,30.0,167,5.567,de52b2cbd107625d9ffe83ac3fec3032030212d47889aa2bd05e5b3fbb7bfc4d,2026-07-27T13:22:22
S55_F03_c009,55,kitchen,S55_F03,F03,A13,test,P06,kitchen/S55_F03/S55_F03_c009.MOV,phone_4k,3840,2160,29.991,173,5.768,728c145bbf542d712671b79724f93c33c7dd297557ca5f2ce9807940f1e1c0b0,2026-07-27T13:22:54
S55_F03_c010,55,kitchen,S55_F03,F03,A13,test,P06,kitchen/S55_F03/S55_F03_c010.MOV,phone_4k,3840,2160,29.992,187,6.235,16012caec19177e7ab96f2f75f5c272b791f41f5ef2494b8a846c32ca790e7c3,2026-07-27T13:23:06
S55_F03_c011,55,kitchen,S55_F03,F03,A13,test,P04,kitchen/S55_F03/S55_F03_c011.mp4,phone_1080p,1280,720,29.744,142,4.774,19e39111286a96b6fc7df5d706ebc9143c84f2e37c196619570c0ae49b646b1a,2026-07-27T16:14:41
S55_F03_c012,55,kitchen,S55_F03,F03,A13,test,P04,kitchen/S55_F03/S55_F03_c012.mp4,phone_1080p,1280,720,29.88,153,5.12,fa6a7dac675eb17d8efbfe0e6417698052a71d1f6272f3d7e384d6a3b0d9d5ea,2026-07-27T16:15:21
S55_F03_c013,55,kitchen,S55_F03,F03,A13,test,P04,kitchen/S55_F03/S55_F03_c013.mp4,phone_1080p,1280,720,29.771,129,4.333,52f235fc57a41a81ef9995f8a4753bbd0bb236ca16eb6adbd984e1baaaf5185e,2026-07-27T16:16:29
S55_F03_c014,55,kitchen,S55_F03,F03,A13,test,P04,kitchen/S55_F03/S55_F03_c014.mp4,phone_1080p,1280,720,29.807,157,5.267,5711f1b4e87ff60bd87da8c2104c9719b720b618c1e82e16714595583d2b5249,2026-07-27T16:16:38
S55_F03_c015,55,kitchen,S55_F03,F03,A13,test,P04,kitchen/S55_F03/S55_F03_c015.mp4,phone_1080p,1280,720,29.771,167,5.609,4a017f7f171a6bfbbe7636c10ef45edfbe541558232d6ced9c5a9c6113271ca8,2026-07-27T16:16:49
S55_F03_c016,55,kitchen,S55_F03,F03,A13,test,P04,kitchen/S55_F03/S55_F03_c016.mp4,phone_1080p,1280,720,29.947,154,5.142,564d66e632467bb71adf8ee00815a11023db2c4f9f2b989be260aa8f479b591b,2026-07-27T16:16:59
S55_F03_c017,55,kitchen,S55_F03,F03,A13,test,P04,kitchen/S55_F03/S55_F03_c017.mp4,phone_1080p,1280,720,29.835,131,4.391,45d6b40a333cc9e49b88593637fbc5be990c74427b9ad478e110fcb342837d18,2026-07-27T16:17:15
S55_F03_c018,55,kitchen,S55_F03,F03,A13,test,P04,kitchen/S55_F03/S55_F03_c018.mp4,phone_1080p,1280,720,29.767,121,4.065,38eed00bb4578b54da893f479b0597cef00a72acc9c5c45ec408c8b53a4db6a6,2026-07-27T16:17:25
S55_F03_c019,55,kitchen,S55_F03,F03,A13,test,P04,kitchen/S55_F03/S55_F03_c019.mp4,phone_1080p,1280,720,29.895,122,4.081,e08938eedd7cd27a7ba438c7a5f891dd86587657a2358dc079556f8813106f2a,2026-07-27T16:17:33
S55_F03_c020,55,kitchen,S55_F03,F03,A13,test,P04,kitchen/S55_F03/S55_F03_c020.mp4,phone_1080p,1280,720,29.916,138,4.613,8fbcd55fce3c2e57323a666c81e279d3e60475745b59d0e808539d7d5784d4c6,2026-07-27T16:17:42
S55_F03_c021,55,kitchen,S55_F03,F03,A13,test,P01,kitchen/S55_F03/S55_F03_c021.mp4,phone_1080p,1280,720,30.008,195,6.498,3ef3d51b39bc02137350dbcad76f94e06c46c3bd4c3f9a6293e036e6255a08d6,2026-07-27T20:39:11
S55_F03_c022,55,kitchen,S55_F03,F03,A13,test,P01,kitchen/S55_F03/S55_F03_c022.mp4,phone_1080p,1280,720,30.008,191,6.365,f566fe0560d623714fd221900a7bb3d8c6e272e6641aa9de677c047aea9e0baa,2026-07-27T20:39:32
S55_F03_c023,55,kitchen,S55_F03,F03,A13,test,P01,kitchen/S55_F03/S55_F03_c023.mp4,phone_1080p,1280,720,30.007,193,6.432,8b4b67c5ff0034024b8b783822f68b912bb68a2112c95d05d9370d1ebb286e46,2026-07-27T20:39:49
S55_F03_c024,55,kitchen,S55_F03,F03,A13,test,P01,kitchen/S55_F03/S55_F03_c024.mp4,phone_1080p,1280,720,30.008,178,5.932,c6510a5710e4f7bf432e5909485c2fafdc4f5f80eb7335e5e931fc7ae3907d30,2026-07-27T20:40:19
S55_F03_c025,55,kitchen,S55_F03,F03,A13,test,P01,kitchen/S55_F03/S55_F03_c025.mp4,phone_1080p,1280,720,30.006,177,5.899,9c3b3691952ff9247fd5bf2290240ce1b7360c0b71d3b76071cb78effbb3d457,2026-07-27T20:41:02
S55_F03_c026,55,kitchen,S55_F03,F03,A13,test,P01,kitchen/S55_F03/S55_F03_c026.mp4,phone_1080p,1280,720,30.008,174,5.798,341796553e28b780aed94d9a6b4448572b1f97b6f87895915e228663cc50b01f,2026-07-27T20:42:11
S55_F03_c027,55,kitchen,S55_F03,F03,A13,test,P01,kitchen/S55_F03/S55_F03_c027.mp4,phone_1080p,1280,720,30.008,167,5.565,79cecf18728dbfe238be1d2aa9be8892e392311ad7c5e30192afa5c0d74b30de,2026-07-27T20:42:31
S55_F03_c028,55,kitchen,S55_F03,F03,A13,test,P01,kitchen/S55_F03/S55_F03_c028.mp4,phone_1080p,1280,720,30.008,192,6.398,de63e4ddd5757362260775098ac2a30dfaa0699dde3fc950d9daaf97977769f1,2026-07-27T20:43:00
S55_F03_c029,55,kitchen,S55_F03,F03,A13,test,P01,kitchen/S55_F03/S55_F03_c029.mp4,phone_1080p,1280,720,30.008,190,6.332,fea29f77493b5b1bdc89385c99fbafc8a1cd70c4e209adf4f42882e58063a3c0,2026-07-27T20:44:15
S55_F03_c030,55,kitchen,S55_F03,F03,A13,test,P01,kitchen/S55_F03/S55_F03_c030.mp4,phone_1080p,1280,720,30.008,182,6.065,676879b4ad34af31848cf7b95ff9cbdf105904d133f96454dc815ac5c51fce2e,2026-07-27T20:44:34
S55_F03_c031,55,kitchen,S55_F03,F03,A13,test,P02,kitchen/S55_F03/S55_F03_c031.mp4,phone_1080p,1280,720,30.059,163,5.423,9aaa4e5dceba13a2bfd82e8574a1307133bf8d852526900288cba7d1ff48586a,2026-07-28T16:17:15
S55_F03_c032,55,kitchen,S55_F03,F03,A13,test,P02,kitchen/S55_F03/S55_F03_c032.mp4,phone_1080p,1280,720,30.004,168,5.599,cd51ff5ceffab0e1c0f5f54a0ce77f69713c4674402f4762d80d6e4565877a0c,2026-07-28T16:17:25
S55_F03_c033,55,kitchen,S55_F03,F03,A13,test,P02,kitchen/S55_F03/S55_F03_c033.mp4,phone_1080p,1280,720,30.06,162,5.389,81617a1ba8b24a2bf9431d5241f2e3e40e4b557cee04aeecc1897af6890d3ea0,2026-07-28T16:17:37
S55_F03_c034,55,kitchen,S55_F03,F03,A13,test,P02,kitchen/S55_F03/S55_F03_c034.mp4,phone_1080p,1280,720,29.828,169,5.666,d05ab667f59f6ad7864d14276eee10aaf08fffdf3fd6f36904ae3b015a39f6cf,2026-07-28T16:17:47
S55_F03_c035,55,kitchen,S55_F03,F03,A13,test,P02,kitchen/S55_F03/S55_F03_c035.mp4,phone_1080p,1280,720,30.004,173,5.766,d916749215d540c5dd86b9da51f6279f25ffb0de51ffd30d876a97b4d6a17955,2026-07-28T16:18:02
S55_F03_c036,55,kitchen,S55_F03,F03,A13,test,P02,kitchen/S55_F03/S55_F03_c036.mp4,phone_1080p,1280,720,30.004,171,5.699,67918e0388d667b3c0602c16043856257a197414d363c6518a672c5f437b6f98,2026-07-28T16:18:13
S55_F03_c037,55,kitchen,S55_F03,F03,A13,test,P02,kitchen/S55_F03/S55_F03_c037.mp4,realsense_480p,640,480,15.0,81,5.4,d363e4863fe56e551cde40e50ef8496951c4cff0f962756da11ada689c232de4,
S55_F03_c038,55,kitchen,S55_F03,F03,A13,test,P02,kitchen/S55_F03/S55_F03_c038.mp4,realsense_480p,640,480,15.0,92,6.133,0a84855e2528d99a7a4b958777e27f3d3ed882182333464552afaa460b251dc6,
S55_F03_c039,55,kitchen,S55_F03,F03,A13,test,P02,kitchen/S55_F03/S55_F03_c039.mp4,realsense_480p,640,480,15.0,90,6.0,7908bf0f95a3e45bcf6e848b30b516d4e37fbab3020ee8284b8ff3175dae94de,
S55_F03_c040,55,kitchen,S55_F03,F03,A13,test,P02,kitchen/S55_F03/S55_F03_c040.mp4,realsense_480p,640,480,15.0,82,5.467,55d377290b5b1368cb3117dcb541e6c5133f36debcd81b9729308f1c4ab79342,
S55_F03_c041,55,kitchen,S55_F03,F03,A13,test,P02,kitchen/S55_F03/S55_F03_c041.mp4,realsense_480p,640,480,15.0,89,5.933,3db0333798ed55532216af0239c94dbe51cd06635a4817992d1878d1dde42841,
S55_F03_c042,55,kitchen,S55_F03,F03,A13,test,P02,kitchen/S55_F03/S55_F03_c042.mp4,realsense_480p,640,480,15.0,89,5.933,d348613f571846d8d33c16a12d9d2a3d1d9a2c6f77e9312acfe047a7e9ea3a6b,
S56_F04_c001,56,kitchen,S56_F04,F04,A05,test,P06,kitchen/S56_F04/S56_F04_c001.MOV,phone_4k,3840,2160,30.0,191,6.367,1bf7508cf5702da7dcfdbae078f53a7cc5260d8b83d2b264b3e37b3c3f4c9ca5,2026-07-27T11:19:23
S56_F04_c002,56,kitchen,S56_F04,F04,A05,test,P06,kitchen/S56_F04/S56_F04_c002.MOV,phone_4k,3840,2160,30.0,185,6.167,6a62e219b274627b96b260f6e0ab8fd4125b8845e5390fc6a77eee47e6648ffc,2026-07-27T11:19:33
S56_F04_c003,56,kitchen,S56_F04,F04,A05,test,P06,kitchen/S56_F04/S56_F04_c003.MOV,phone_4k,3840,2160,29.986,216,7.203,3056c8151c8a24c82e65f0b66c244c54894f6dc101868649e8290482ea8663c3,2026-07-27T11:19:49
S56_F04_c004,56,kitchen,S56_F04,F04,A05,test,P06,kitchen/S56_F04/S56_F04_c004.MOV,phone_4k,3840,2160,29.986,215,7.17,efc8244a682d5492041f13434d8fb41b777ee294bb06a5878ebd77f5400bc24a,2026-07-27T11:20:00
S56_F04_c005,56,kitchen,S56_F04,F04,A05,test,P06,kitchen/S56_F04/S56_F04_c005.MOV,phone_4k,3840,2160,29.992,188,6.268,5dc5ad916d9d2f5e3064f06031c0311f20acdfd74cfc5d67c9187121df2bafd0,2026-07-27T11:20:28
S56_F04_c006,56,kitchen,S56_F04,F04,A05,test,P06,kitchen/S56_F04/S56_F04_c006.MOV,phone_4k,3840,2160,29.992,184,6.135,7f5bffea3461e95a6a9b27e30f8ee91fc873fa299aa744cf73c8d32402c9d0be,2026-07-27T11:20:38
S56_F04_c007,56,kitchen,S56_F04,F04,A05,test,P06,kitchen/S56_F04/S56_F04_c007.MOV,phone_4k,3840,2160,30.0,181,6.033,e64e761773a10fc6191778fd2047728d4eb276391db1cb64dec51025903399d8,2026-07-27T11:21:15
S56_F04_c008,56,kitchen,S56_F04,F04,A05,test,P06,kitchen/S56_F04/S56_F04_c008.MOV,phone_4k,3840,2160,30.0,193,6.433,d778bcecbeb605c7e3bc1ce64b8a45a19643bd6cfe4b826020ae899fb2f42df3,2026-07-27T11:21:24
S56_F04_c009,56,kitchen,S56_F04,F04,A05,test,P07,kitchen/S56_F04/S56_F04_c009.MOV,phone_4k,3840,2160,30.0,170,5.667,aa8aba8ac85a4428700580fed88938a4d70bfb0704a215ba0843b4832c3fd002,2026-07-27T11:21:49
S56_F04_c010,56,kitchen,S56_F04,F04,A05,test,P07,kitchen/S56_F04/S56_F04_c010.MOV,phone_4k,3840,2160,30.0,165,5.5,ef71eb8e99c8be4c068e34fd6802acf6ad672ac0e562818eb7df4d7ab5dbf779,2026-07-27T11:21:57
S56_F04_c011,56,kitchen,S56_F04,F04,A05,test,P07,kitchen/S56_F04/S56_F04_c011.MOV,phone_4k,3840,2160,29.991,165,5.502,2aff917df3be7fc519b1749a10f9912f27462734a04f0e8da084b43cd52eb095,2026-07-27T11:22:13
S56_F04_c012,56,kitchen,S56_F04,F04,A05,test,P07,kitchen/S56_F04/S56_F04_c012.MOV,phone_4k,3840,2160,29.991,164,5.468,eb8d11e47d1a1ff1d73e0a1c314a6946160b160591579147b4d883024be168e2,2026-07-27T11:22:20
S56_F04_c013,56,kitchen,S56_F04,F04,A05,test,P07,kitchen/S56_F04/S56_F04_c013.MOV,phone_4k,3840,2160,29.992,178,5.935,dd9e8c09d1e5d4d17bed99e8b6f17f459cda527d4d43597db475fe7796894baf,2026-07-27T11:22:46
S56_F04_c014,56,kitchen,S56_F04,F04,A05,test,P07,kitchen/S56_F04/S56_F04_c014.MOV,phone_4k,3840,2160,29.991,171,5.702,f362378a630d77da7688009f2a991a29735bc81ef79e746038a372a7ce6d5c43,2026-07-27T11:22:54
S56_F04_c015,56,kitchen,S56_F04,F04,A05,test,P07,kitchen/S56_F04/S56_F04_c015.MOV,phone_4k,3840,2160,30.0,191,6.367,70b8a5ffb824eaa245603cb3ba08db1b29143d8520dc9ec2ca6d0dd38a6e9250,2026-07-27T11:23:08
S56_F04_c016,56,kitchen,S56_F04,F04,A05,test,P07,kitchen/S56_F04/S56_F04_c016.MOV,phone_4k,3840,2160,30.0,166,5.533,d6556eb94966a93c8e6e58534b96c7a477f94af0462ca63ea8cee6bd63789496,2026-07-27T11:23:17
S56_F04_c017,56,kitchen,S56_F04,F04,A05,test,P04,kitchen/S56_F04/S56_F04_c017.mp4,phone_1080p,1280,720,29.861,135,4.521,ce4434518403d91f5acb76e683a9599dde788f24cf85ced38116a7d773b55634,2026-07-27T15:32:59
S56_F04_c018,56,kitchen,S56_F04,F04,A05,test,P04,kitchen/S56_F04/S56_F04_c018.mp4,phone_1080p,1280,720,29.817,133,4.461,07a50915ba9e9b26eaae752f3364964292b24182930009fd99ebdbae6d5f6563,2026-07-27T15:33:07
S56_F04_c019,56,kitchen,S56_F04,F04,A05,test,P04,kitchen/S56_F04/S56_F04_c019.mp4,phone_1080p,1280,720,29.867,192,6.428,c081355eaa43cc2a3248a574d293cc85b51ff60540631cb6b57e4443a7a0ff77,2026-07-27T15:33:29
S56_F04_c020,56,kitchen,S56_F04,F04,A05,test,P04,kitchen/S56_F04/S56_F04_c020.mp4,phone_1080p,1280,720,29.717,141,4.745,d61580c641af8f8fe52bf022a3662642ece69e80b692fb6f31cce3c94f603d79,2026-07-27T15:33:39
S56_F04_c021,56,kitchen,S56_F04,F04,A05,test,P04,kitchen/S56_F04/S56_F04_c021.mp4,phone_1080p,1280,720,29.918,183,6.117,dde4d8c7ec172d2a8c8b981a79ea61002dcc47a22bce125162b9cb5675dc5357,2026-07-27T15:34:20
S56_F04_c022,56,kitchen,S56_F04,F04,A05,test,P04,kitchen/S56_F04/S56_F04_c022.mp4,phone_1080p,1280,720,29.83,162,5.431,13ff006ca3a0eaaa6cbd4c0c3b1cb39c9947e8911db7d7a530f3f34ea89dc4e9,2026-07-27T15:34:30
S56_F04_c023,56,kitchen,S56_F04,F04,A05,test,P04,kitchen/S56_F04/S56_F04_c023.mp4,phone_1080p,1280,720,29.786,80,2.686,14f3a28f783965b729d787dcf8f6fafd8aa8cdde171d408ae01d379880d98c26,2026-07-27T15:34:41
S56_F04_c024,56,kitchen,S56_F04,F04,A05,test,P04,kitchen/S56_F04/S56_F04_c024.mp4,phone_1080p,1280,720,29.918,175,5.849,2ed23f345e99942098febc0b8efef6aa67c53ab1e05e03dbb9337c0c3fc0e55c,2026-07-27T15:34:47
S56_F04_c025,56,kitchen,S56_F04,F04,A05,test,P01,kitchen/S56_F04/S56_F04_c025.mp4,phone_1080p,1280,720,30.008,185,6.165,a39a28d4eec6a9cd9b6484cf52180bf06e47c89d1c6b53d9db8ed3a62a442162,2026-07-27T20:45:04
S56_F04_c026,56,kitchen,S56_F04,F04,A05,test,P01,kitchen/S56_F04/S56_F04_c026.mp4,phone_1080p,1280,720,30.007,180,5.999,4dfaaaafe2f42cf1a277ecdcccc3c117965456ca20438d3bb654eebcabfac76a,2026-07-27T20:45:19
S56_F04_c027,56,kitchen,S56_F04,F04,A05,test,P01,kitchen/S56_F04/S56_F04_c027.mp4,phone_1080p,1280,720,30.008,183,6.098,0657cf50de827c631815c98b2121d58ef59c26ecb08f53a85364f4fa150fa770,2026-07-27T20:45:39
S56_F04_c028,56,kitchen,S56_F04,F04,A05,test,P01,kitchen/S56_F04/S56_F04_c028.mp4,phone_1080p,1280,720,30.008,185,6.165,25a86d2c8637f2c8356cc1566eb0f2eb8b8cc31db91fd8a2e9a3b08d491f0bb7,2026-07-27T20:45:53
S56_F04_c029,56,kitchen,S56_F04,F04,A05,test,P01,kitchen/S56_F04/S56_F04_c029.mp4,phone_1080p,1280,720,30.003,158,5.266,8146536a64697a4fb45fc5fa10ad85213b068d518045dbf370e8c741c9029b25,2026-07-27T20:46:14
S56_F04_c030,56,kitchen,S56_F04,F04,A05,test,P01,kitchen/S56_F04/S56_F04_c030.mp4,phone_1080p,1280,720,30.008,179,5.965,53237098587ef0ad1f823ccd2d91e9f52ec31a664a38340722777601ed4e8719,2026-07-27T20:46:26
S56_F04_c031,56,kitchen,S56_F04,F04,A05,test,P01,kitchen/S56_F04/S56_F04_c031.mp4,phone_1080p,1280,720,30.008,186,6.198,7092c8a0e39718e9e95118deaa2feba2994f13e4c14c6fecc52833b85d2ee55d,2026-07-27T20:47:04
S56_F04_c032,56,kitchen,S56_F04,F04,A05,test,P01,kitchen/S56_F04/S56_F04_c032.mp4,phone_1080p,1280,720,30.008,191,6.365,4cbe438825cd67adf7c76726c9f0988e301cbcc3f24c969eb1a6cc8a55750e25,2026-07-27T20:48:12
S56_F04_c033,56,kitchen,S56_F04,F04,A05,test,P01,kitchen/S56_F04/S56_F04_c033.mp4,phone_1080p,1280,720,30.008,180,5.998,aaf3a60d0e3d518bc78c6b1dd922bee76b52e39e9146a9dae7a037a098f2336b,2026-07-27T20:48:33
S56_F04_c034,56,kitchen,S56_F04,F04,A05,test,P01,kitchen/S56_F04/S56_F04_c034.mp4,phone_1080p,1280,720,30.007,181,6.032,0587b64ecad92909a7f6556100b9a1d3b361843eeb5c9bde5284d1ccacf331a7,2026-07-27T20:48:44
S57_F05_c001,57,kitchen,S57_F05,F05,A06,test,P01,kitchen/S57_F05/S57_F05_c001.mp4,realsense_480p,640,480,15.0,119,7.933,1c4b89fede5d7146a5e078f1739dafc2ea389dd3ce2828d368c2709dbdc6d2f9,2026-06-02T20:27:57
S57_F05_c002,57,kitchen,S57_F05,F05,A06,test,P01,kitchen/S57_F05/S57_F05_c002.mp4,realsense_480p,640,480,15.0,120,8.0,726362adc6a8dc0ddebc2e05aab52d57922ed7d27eea8601309ccacff9af0e86,2026-06-02T20:28:15
S57_F05_c003,57,kitchen,S57_F05,F05,A06,test,P01,kitchen/S57_F05/S57_F05_c003.mp4,realsense_480p,640,480,15.0,118,7.867,d13e9e95c984b8757993aa415838dad793f4254ee0cdd80fe91a5203af37c5cc,2026-06-02T20:28:39
S57_F05_c004,57,kitchen,S57_F05,F05,A06,test,P01,kitchen/S57_F05/S57_F05_c004.mp4,realsense_480p,640,480,15.0,120,8.0,dedd0cc775045a12511460a67b655660aab1b12f5cf38f923a05ced1fe0f4289,2026-06-02T20:28:51
S57_F05_c005,57,kitchen,S57_F05,F05,A06,test,P01,kitchen/S57_F05/S57_F05_c005.mp4,realsense_480p,640,480,15.0,120,8.0,eb8a04ffa8dc3355b124816e4961c713b1119e97339f433643fa689a544148ce,2026-06-02T20:29:14
S57_F05_c006,57,kitchen,S57_F05,F05,A06,test,P01,kitchen/S57_F05/S57_F05_c006.mp4,realsense_480p,640,480,15.0,116,7.733,37adfa36104770d7fdf81169350046123d4a527860ca16a317a82fca2dc09ef8,2026-06-02T20:29:26
S57_F05_c007,57,kitchen,S57_F05,F05,A06,test,P01,kitchen/S57_F05/S57_F05_c007.mp4,realsense_480p,640,480,15.0,118,7.867,bfe4564a0e73ef702bdddec6f15a893a10ae02c00219a6636f7e3ecded4cb8fd,2026-06-02T20:29:42
S57_F05_c008,57,kitchen,S57_F05,F05,A06,test,P01,kitchen/S57_F05/S57_F05_c008.mp4,realsense_480p,640,480,15.0,114,7.6,67780501152b207d1e4caff6ad4ad69129e1c2b2e84d334e194200841b8f10fb,2026-06-02T20:29:55
S57_F05_c009,57,kitchen,S57_F05,F05,A06,test,P01,kitchen/S57_F05/S57_F05_c009.mp4,realsense_480p,640,480,15.0,118,7.867,1a24df3ff44fa2ce8d6cd503c6b4d1257ffa889f7be9a974baf4f56b366d4d7d,2026-06-02T20:30:56
S57_F05_c010,57,kitchen,S57_F05,F05,A06,test,P01,kitchen/S57_F05/S57_F05_c010.mp4,realsense_480p,640,480,15.0,118,7.867,9684dda60be2250931a17c9a020a8c9b3d90552fbabd66a5d5e3690e91abfda5,2026-06-02T20:31:08
S57_F05_c011,57,kitchen,S57_F05,F05,A06,test,P01,kitchen/S57_F05/S57_F05_c011.mp4,realsense_480p,640,480,15.0,116,7.733,25d2955a96e15b648f4a6f08f6061e2265b362fb771949ae558b60867fd773da,2026-06-02T20:31:28
S57_F05_c012,57,kitchen,S57_F05,F05,A06,test,P01,kitchen/S57_F05/S57_F05_c012.mp4,realsense_480p,640,480,15.0,117,7.8,177cf17bca26fb8105148c6750fdccc92ff3615c3600bcce9bcee788da9bd9e3,2026-06-02T20:31:41
S57_F05_c013,57,kitchen,S57_F05,F05,A06,test,P01,kitchen/S57_F05/S57_F05_c013.mp4,realsense_480p,640,480,15.0,117,7.8,136170a79b736c142c4b580c431bfb1f27e1c6f046ae2180c95bcc463a162f2f,2026-06-02T20:32:18
S57_F05_c014,57,kitchen,S57_F05,F05,A06,test,P01,kitchen/S57_F05/S57_F05_c014.mp4,realsense_480p,640,480,15.0,115,7.667,e8e4fa0787524d3c209d56512cfe8c61fb7acd5b60ba79b2c654ee794aadbeb1,2026-06-02T20:32:30
S57_F05_c015,57,kitchen,S57_F05,F05,A06,test,P01,kitchen/S57_F05/S57_F05_c015.mp4,realsense_480p,640,480,15.0,120,8.0,90a99b619809f0588d17f711fc7b8d70e21fcd0af9d92cf2dbab9d0e50b6c4fe,2026-06-02T20:32:55
S57_F05_c016,57,kitchen,S57_F05,F05,A06,test,P01,kitchen/S57_F05/S57_F05_c016.mp4,realsense_480p,640,480,15.0,118,7.867,8e0e58b69cbc5a657926c1ccf394bfae182d383805665f71cf02a67ecf991121,2026-06-02T20:33:07
S57_F05_c017,57,kitchen,S57_F05,F05,A06,test,P02,kitchen/S57_F05/S57_F05_c017.mp4,phone_1080p,1280,720,30.0,172,5.733,4d7f7ae74b68c189ef17a77829c402618a116f1c519f520976bef9c31e0a53ef,2026-07-06T15:32:48
S57_F05_c018,57,kitchen,S57_F05,F05,A06,test,P02,kitchen/S57_F05/S57_F05_c018.mp4,phone_1080p,1280,720,30.0,167,5.567,7b3a6840628aa7ccd80b6dea737089f4df54d512cfabe1007094e8f7f36b36e0,2026-07-06T15:33:05
S57_F05_c019,57,kitchen,S57_F05,F05,A06,test,P02,kitchen/S57_F05/S57_F05_c019.mp4,phone_1080p,1280,720,30.0,206,6.867,e1c2c1bd5682a3559b986a6ea56df310a2ca658ecc43c35119e88e500e2b68eb,2026-07-06T15:33:24
S57_F05_c020,57,kitchen,S57_F05,F05,A06,test,P02,kitchen/S57_F05/S57_F05_c020.mp4,phone_1080p,1280,720,30.0,169,5.633,93640a9f9951ba23546f787ea29f2d2500c09246214c1dbbed2100dc68dd2ef5,2026-07-06T15:33:53
S57_F05_c021,57,kitchen,S57_F05,F05,A06,test,P02,kitchen/S57_F05/S57_F05_c021.mp4,phone_1080p,1280,720,30.0,172,5.733,445c3bda62d6f79f1040cc3aee4ec1a5987111b0eeb5f480439f6c6a125b7adf,2026-07-06T15:34:07
S57_F05_c022,57,kitchen,S57_F05,F05,A06,test,P02,kitchen/S57_F05/S57_F05_c022.mp4,phone_1080p,1280,720,30.0,170,5.667,ea0e8fa0bd286bc4bef561f108cec0836f2e78ea7ff7c6499630d44d4c745451,2026-07-06T15:34:21
S57_F05_c023,57,kitchen,S57_F05,F05,A06,test,P02,kitchen/S57_F05/S57_F05_c023.mp4,phone_1080p,1280,720,30.0,170,5.667,2a78b57e9c7ea3b7c5929bb6f715cfa7fd42ee66b0b1df4ddacc82ac513f2d92,2026-07-06T15:34:48
S57_F05_c024,57,kitchen,S57_F05,F05,A06,test,P02,kitchen/S57_F05/S57_F05_c024.mp4,phone_1080p,1280,720,30.0,165,5.5,28eded1a0194e332e5ef78e4a051efb0e51644209ecd3d1e3ca9d1ce413b3907,2026-07-06T15:35:00
S57_F05_c025,57,kitchen,S57_F05,F05,A06,test,P02,kitchen/S57_F05/S57_F05_c025.mp4,phone_1080p,1280,720,30.0,177,5.9,9bcfc6b12c7089226ae535a046e314723a5b77c58e03921f2b28e9ef50075792,2026-07-06T15:35:45
S57_F05_c026,57,kitchen,S57_F05,F05,A06,test,P02,kitchen/S57_F05/S57_F05_c026.mp4,phone_1080p,1280,720,30.0,171,5.7,c6f4080bba74bb22f1ae811bfdf6d5b057f79a34fb87574c2d5491b9f9c5556d,2026-07-06T15:36:00
S57_F05_c027,57,kitchen,S57_F05,F05,A06,test,P02,kitchen/S57_F05/S57_F05_c027.mp4,phone_1080p,1280,720,30.0,169,5.633,80095530c5a3b19e3d9366a04dab6768d1742c346a055cff14f13893682d9eb8,2026-07-06T15:36:21
S57_F05_c028,57,kitchen,S57_F05,F05,A06,test,P02,kitchen/S57_F05/S57_F05_c028.mp4,phone_1080p,1280,720,30.0,168,5.6,2f21f5faada4ec5a37007f8040bf77671aba35a131bf71cdc882a9e630b2167c,2026-07-06T15:36:44
S58_F06_c001,58,kitchen,S58_F06,F06,A11,test,P06,kitchen/S58_F06/S58_F06_c001.MOV,phone_4k,3840,2160,29.991,169,5.635,52ce5325e8badf60907f3288890b1fa07f3e2868256d6ca1fb6e53cab5de0925,2026-07-27T13:30:56
S58_F06_c002,58,kitchen,S58_F06,F06,A11,test,P06,kitchen/S58_F06/S58_F06_c002.MOV,phone_4k,3840,2160,30.0,179,5.967,1152ed1169c1c4267486432abc5e3e759a90638a770c06242ceb2bb177a2ac2d,2026-07-27T13:31:31
S58_F06_c003,58,kitchen,S58_F06,F06,A11,test,P06,kitchen/S58_F06/S58_F06_c003.MOV,phone_4k,3840,2160,29.992,178,5.935,d1f31faabf230276913799ec5406f2bf4d9ab34de57767fa16cb33020f94d470,2026-07-27T13:31:47
S58_F06_c004,58,kitchen,S58_F06,F06,A11,test,P06,kitchen/S58_F06/S58_F06_c004.MOV,phone_4k,3840,2160,29.992,185,6.168,557b8190a3273c60736cfffb7c079660bd39318cc1eb876c7eb0d94deef0483a,2026-07-27T13:32:29
S58_F06_c005,58,kitchen,S58_F06,F06,A11,test,P06,kitchen/S58_F06/S58_F06_c005.MOV,phone_4k,3840,2160,30.0,186,6.2,5c038d221fedd9093fd748204696d72ca66da26ac887cf5b41c8846a13871eb2,2026-07-27T13:32:41
S58_F06_c006,58,kitchen,S58_F06,F06,A11,test,P06,kitchen/S58_F06/S58_F06_c006.MOV,phone_4k,3840,2160,29.991,166,5.535,46615ada14d845bd4f5874556103382e5c164182cfa148135246d87824df794d,2026-07-27T13:32:55
S58_F06_c007,58,kitchen,S58_F06,F06,A11,test,P06,kitchen/S58_F06/S58_F06_c007.MOV,phone_4k,3840,2160,29.991,172,5.735,8e72b1fe0578a006bfc9e1b630ec57659919a082cc72013bcfc3370f64a41a10,2026-07-27T13:33:35
S58_F06_c008,58,kitchen,S58_F06,F06,A11,test,P06,kitchen/S58_F06/S58_F06_c008.MOV,phone_4k,3840,2160,30.0,167,5.567,b9b77e1a1daa91e6da98718a091cd9095036392f5bea0592b8ad61e64f986968,2026-07-27T13:34:11
S58_F06_c009,58,kitchen,S58_F06,F06,A11,test,P06,kitchen/S58_F06/S58_F06_c009.MOV,phone_4k,3840,2160,29.992,191,6.368,fbdc9b0d5763144b6010d5a70579cfd98722974d3e209638b4fd1b50ab00aedc,2026-07-27T13:34:34
S58_F06_c010,58,kitchen,S58_F06,F06,A11,test,P06,kitchen/S58_F06/S58_F06_c010.MOV,phone_4k,3840,2160,29.992,185,6.168,9f51daf86b32cfdc66aadf238b9c64dc67c877dadfb8dd1c7891dd196f4f092d,2026-07-27T13:34:53
S58_F06_c011,58,kitchen,S58_F06,F06,A11,test,P04,kitchen/S58_F06/S58_F06_c011.mp4,phone_1080p,1280,720,29.82,127,4.259,2e03d2443afbc0cc438c02875f5be927d19b5d5798248da5f884181ad5498266,2026-07-27T16:18:22
S58_F06_c012,58,kitchen,S58_F06,F06,A11,test,P04,kitchen/S58_F06/S58_F06_c012.mp4,phone_1080p,1280,720,29.745,114,3.833,4e235db04a2665337046e30b577d9c80a0c525c5d14dd8fb4f094e680e15053c,2026-07-27T16:18:30
S58_F06_c013,58,kitchen,S58_F06,F06,A11,test,P04,kitchen/S58_F06/S58_F06_c013.mp4,phone_1080p,1280,720,29.918,167,5.582,03f26fafc5b8e11ab0fae439efceb380de356b1aa75f01f592955ba1ce85e1a0,2026-07-27T16:18:38
S58_F06_c014,58,kitchen,S58_F06,F06,A11,test,P04,kitchen/S58_F06/S58_F06_c014.mp4,phone_1080p,1280,720,29.871,157,5.256,388bdb7811255c0b992e1f9f9c2da15a5d414928d57eacc5ca415b4336f27054,2026-07-27T16:18:48
S58_F06_c015,58,kitchen,S58_F06,F06,A11,test,P04,kitchen/S58_F06/S58_F06_c015.mp4,phone_1080p,1280,720,29.918,138,4.613,bc503d3b4e8186b3e0a6d6193f4bc3c0d30bfb55632c682013a8146ebde33664,2026-07-27T16:18:57
S58_F06_c016,58,kitchen,S58_F06,F06,A11,test,P04,kitchen/S58_F06/S58_F06_c016.mp4,phone_1080p,1280,720,29.907,142,4.748,0894e4b6015dab33a1f9a2b44fd64be607200bc506957b5a8ce06444260e7357,2026-07-27T16:19:06
S58_F06_c017,58,kitchen,S58_F06,F06,A11,test,P04,kitchen/S58_F06/S58_F06_c017.mp4,phone_1080p,1280,720,29.918,174,5.816,51f5c453a4c94eb1d0974bc18f9757526ce18a985efcc7c707b9dfac6c428533,2026-07-27T16:19:16
S58_F06_c018,58,kitchen,S58_F06,F06,A11,test,P04,kitchen/S58_F06/S58_F06_c018.mp4,phone_1080p,1280,720,29.877,171,5.723,02df63fe5dac2113cd082991901f9faea39c9f8b889b6047c0845c43f61d77a5,2026-07-27T16:19:27
S58_F06_c019,58,kitchen,S58_F06,F06,A11,test,P04,kitchen/S58_F06/S58_F06_c019.mp4,phone_1080p,1280,720,29.899,157,5.251,ef184fb1e12692b0259e4352bd3ab149f961743b9c77c0d42fae691bbcf571fa,2026-07-27T16:19:38
S58_F06_c020,58,kitchen,S58_F06,F06,A11,test,P02,kitchen/S58_F06/S58_F06_c020.mp4,phone_1080p,1280,720,29.618,175,5.908,f3583b7827d70f5303802eff0ea83acf2b1dcd3b5e684ea939b17fe723fe045e,2026-07-28T15:43:07
S58_F06_c021,58,kitchen,S58_F06,F06,A11,test,P02,kitchen/S58_F06/S58_F06_c021.mp4,realsense_480p,640,480,15.0,98,6.533,59dda3b0e9dbbc258ae9e9342eb0170deb979245e22d185797ad90ee7936b63a,2026-07-28T15:43:08
S58_F06_c022,58,kitchen,S58_F06,F06,A11,test,P02,kitchen/S58_F06/S58_F06_c022.mp4,phone_1080p,1280,720,30.058,179,5.955,0426e9d382e2a65e3eefb8eafa0e77786908046276dc09624ba544bda00b69f8,2026-07-28T15:43:35
S58_F06_c023,58,kitchen,S58_F06,F06,A11,test,P02,kitchen/S58_F06/S58_F06_c023.mp4,realsense_480p,640,480,15.0,89,5.933,50d8f0cf7045e7e1c72752b37b6be75ee75d2a795e54f976dd3f79e361d27095,2026-07-28T15:43:36
S58_F06_c024,58,kitchen,S58_F06,F06,A11,test,P02,kitchen/S58_F06/S58_F06_c024.mp4,phone_1080p,1280,720,30.058,179,5.955,98cc7f1b9627c7044a5b624cdafcddac67594c49f3c0490f22ba4fba2386ce21,2026-07-28T15:43:50
S58_F06_c025,58,kitchen,S58_F06,F06,A11,test,P02,kitchen/S58_F06/S58_F06_c025.mp4,realsense_480p,640,480,15.0,95,6.333,644308bc205a781a4e4f13c57c3d7ed38b86ff65164ab9ad524406e48ff508d7,2026-07-28T15:43:51
S58_F06_c026,58,kitchen,S58_F06,F06,A11,test,P02,kitchen/S58_F06/S58_F06_c026.mp4,phone_1080p,1280,720,29.833,174,5.833,b66a8d6cf1782e0c0fe2b05030348fbcedf61bce11266b358708caf8a733ec81,2026-07-28T15:44:03
S58_F06_c027,58,kitchen,S58_F06,F06,A11,test,P02,kitchen/S58_F06/S58_F06_c027.mp4,realsense_480p,640,480,15.0,101,6.733,43ad64690c5e4771025f86e7f8f5d7fa3b5a45723b3eae36db6765c2327ed94f,2026-07-28T15:44:04
S58_F06_c028,58,kitchen,S58_F06,F06,A11,test,P02,kitchen/S58_F06/S58_F06_c028.mp4,phone_1080p,1280,720,30.057,170,5.656,1ccbf688d5c85ecd9b39754787cf1a81950b1d6b8ae98e16b40b9bd6a6805ac3,2026-07-28T15:44:16
S58_F06_c029,58,kitchen,S58_F06,F06,A11,test,P02,kitchen/S58_F06/S58_F06_c029.mp4,realsense_480p,640,480,15.0,91,6.067,a302b8631ad62a1b0751a8e0725ea1da03cff546c3f57cc0a9d1dd4ef8243685,2026-07-28T15:44:51
S58_F06_c030,58,kitchen,S58_F06,F06,A11,test,P02,kitchen/S58_F06/S58_F06_c030.mp4,phone_1080p,1280,720,30.004,191,6.366,af6728355b7a6b73b2d4508bde67fa26dd2fcc529ff7872ef1c56aae8b140d18,2026-07-28T15:45:12
S58_F06_c031,58,kitchen,S58_F06,F06,A11,test,P02,kitchen/S58_F06/S58_F06_c031.mp4,realsense_480p,640,480,15.0,92,6.133,f846e3e777200cdabf98794fef7a9e109c7ff50a72cf0e751252da1e4a159387,2026-07-28T15:45:13
S58_F06_c032,58,kitchen,S58_F06,F06,A11,test,P01,kitchen/S58_F06/S58_F06_c032.mp4,phone_1080p,1280,720,30.004,170,5.666,8f3dda050a205734f536e65268be1d4674729aa6df95ffedf566cd592a55ca92,2026-07-28T15:45:50
S58_F06_c033,58,kitchen,S58_F06,F06,A11,test,P01,kitchen/S58_F06/S58_F06_c033.mp4,realsense_480p,640,480,15.0,88,5.867,a9d50a9fb2a9317cceec24a1d6f703ed8eba5bc677832082550395c983fe1e36,2026-07-28T15:45:51
S58_F06_c034,58,kitchen,S58_F06,F06,A11,test,P01,kitchen/S58_F06/S58_F06_c034.mp4,phone_1080p,1280,720,30.004,155,5.166,ec556c092846309ba93afe0db25a1c144d92bc60163ceb02feaba8d9595437de,2026-07-28T15:46:01
S58_F06_c035,58,kitchen,S58_F06,F06,A11,test,P01,kitchen/S58_F06/S58_F06_c035.mp4,realsense_480p,640,480,15.0,81,5.4,e8af12670708c0e2cd491e128363535c4069be41887aceaf597b29ff0f708757,2026-07-28T15:46:03
S58_F06_c036,58,kitchen,S58_F06,F06,A11,test,P01,kitchen/S58_F06/S58_F06_c036.mp4,phone_1080p,1280,720,29.7,166,5.589,3987656be4fb824593541863f69a1e9abc92577c2e0bf9cc3e50ca677db738c0,2026-07-28T15:46:15
S58_F06_c037,58,kitchen,S58_F06,F06,A11,test,P01,kitchen/S58_F06/S58_F06_c037.mp4,realsense_480p,640,480,15.0,91,6.067,e63b1afbfd5b535bf79e9cd65f55a0592d55109095d9bb658ac40c72de86f2ac,2026-07-28T15:46:16
S58_F06_c038,58,kitchen,S58_F06,F06,A11,test,P01,kitchen/S58_F06/S58_F06_c038.mp4,phone_1080p,1280,720,30.004,168,5.599,b8898bc6ec14cb0fcddb16dd89f7172c91292139516aa580a1206d1d10c9549e,2026-07-28T15:46:27
S58_F06_c039,58,kitchen,S58_F06,F06,A11,test,P01,kitchen/S58_F06/S58_F06_c039.mp4,realsense_480p,640,480,15.0,88,5.867,bd1cf08d1cf668202727c6ac7ecd42bbecc64de5a4f9a25b4285e18867022b9b,2026-07-28T15:46:28
S58_F06_c040,58,kitchen,S58_F06,F06,A11,test,P01,kitchen/S58_F06/S58_F06_c040.mp4,phone_1080p,1280,720,30.004,161,5.366,b847a3d3086a3be4ede9bdb6955f42052a977414c372d53a745342ca87f818fb,2026-07-28T15:46:55
S58_F06_c041,58,kitchen,S58_F06,F06,A11,test,P01,kitchen/S58_F06/S58_F06_c041.mp4,realsense_480p,640,480,15.0,88,5.867,7cf0b12325c2607f6726bf177d4786f2df6c952db0500789532a2480e37bd415,2026-07-28T15:46:56
S58_F06_c042,58,kitchen,S58_F06,F06,A11,test,P01,kitchen/S58_F06/S58_F06_c042.mp4,phone_1080p,1280,720,29.825,166,5.566,476e6c918ec7ddd7a8aae9594d93c1783d96159ea5137b2bfa836edceb0f9077,2026-07-28T15:47:06
S58_F06_c043,58,kitchen,S58_F06,F06,A11,test,P01,kitchen/S58_F06/S58_F06_c043.mp4,realsense_480p,640,480,15.0,86,5.733,0e3027ce77b20e22e6c5320d435298b96e85f3a1896289e12ad1a4657657ee8f,2026-07-28T15:47:07
S59_F07_c001,59,kitchen,S59_F07,F07,A08,test,P06,kitchen/S59_F07/S59_F07_c001.MOV,phone_4k,3840,2160,30.0,172,5.733,2e1588d2c0784b43e3f2bc13160329b36d30ec22406bce328eec36ba2ca70b8b,2026-07-27T13:36:13
S59_F07_c002,59,kitchen,S59_F07,F07,A08,test,P06,kitchen/S59_F07/S59_F07_c002.MOV,phone_4k,3840,2160,30.0,195,6.5,51a948428d29d13e85d1177d6ba49c0bfb9f93f2c4fdc4cc14cfdfb8ed595043,2026-07-27T13:36:36
S59_F07_c003,59,kitchen,S59_F07,F07,A08,test,P06,kitchen/S59_F07/S59_F07_c003.MOV,phone_4k,3840,2160,29.991,173,5.768,e40991ec35ef616dc91790349859f887d4a9cdfa075c9a57345df2e5b80b702e,2026-07-27T13:36:49
S59_F07_c004,59,kitchen,S59_F07,F07,A08,test,P06,kitchen/S59_F07/S59_F07_c004.MOV,phone_4k,3840,2160,29.992,183,6.102,4ac11d2056bac2bf12c60f2bef6ac59eda248d1a024c9b657ed20ff04c8bebee,2026-07-27T13:36:59
S59_F07_c005,59,kitchen,S59_F07,F07,A08,test,P06,kitchen/S59_F07/S59_F07_c005.MOV,phone_4k,3840,2160,29.992,188,6.268,2edf96454ff57ec5ba6f72e6d964e118e8364522409b00bf98c7353ac1c5f9ab,2026-07-27T13:37:42
S59_F07_c006,59,kitchen,S59_F07,F07,A08,test,P06,kitchen/S59_F07/S59_F07_c006.MOV,phone_4k,3840,2160,29.992,189,6.302,7998e9dea14c1dbf185d70733160bec47a6e7b0cb55dc48e057cf2277272b264,2026-07-27T13:37:51
S59_F07_c007,59,kitchen,S59_F07,F07,A08,test,P06,kitchen/S59_F07/S59_F07_c007.MOV,phone_4k,3840,2160,30.0,183,6.1,4dde01cfd48f13c3bc3533f0785247a58bff9a82ad375a4ba829e362c4233c4c,2026-07-27T13:38:00
S59_F07_c008,59,kitchen,S59_F07,F07,A08,test,P06,kitchen/S59_F07/S59_F07_c008.MOV,phone_4k,3840,2160,30.0,191,6.367,635ebf7d80a9e3878bdda5fd5d2e814d65ba184680d505d58f72b49415694d40,2026-07-27T13:38:14
S59_F07_c009,59,kitchen,S59_F07,F07,A08,test,P06,kitchen/S59_F07/S59_F07_c009.MOV,phone_4k,3840,2160,30.0,178,5.933,c6dbf93de93065c641af9b76b137830dd2d9ee2930f3d442643eaff0b0a2ac8b,2026-07-27T13:39:05
S59_F07_c010,59,kitchen,S59_F07,F07,A08,test,P06,kitchen/S59_F07/S59_F07_c010.MOV,phone_4k,3840,2160,30.0,177,5.9,e48106c4bfd598785cc9271244eb00c4ce91158ff0c3ce0d4fdbf22a8acc4425,2026-07-27T13:39:15
S59_F07_c011,59,kitchen,S59_F07,F07,A08,test,P04,kitchen/S59_F07/S59_F07_c011.mp4,phone_1080p,1280,720,29.812,97,3.254,bae2a887e62332f3f3e258969113dcbf3d61aab4dcb09882aa95506a39e0536a,2026-07-27T15:40:13
S59_F07_c012,59,kitchen,S59_F07,F07,A08,test,P04,kitchen/S59_F07/S59_F07_c012.mp4,phone_1080p,1280,720,29.834,108,3.62,7ccc927b398b5b6d50985f18bbacdce9c047ccb20cd08c8c39cbf6175b04f3c2,2026-07-27T15:40:20
S59_F07_c013,59,kitchen,S59_F07,F07,A08,test,P04,kitchen/S59_F07/S59_F07_c013.mp4,phone_1080p,1280,720,29.918,166,5.549,2edde7bcbe9abdb7f6f54749008f7487caa6dfa182ba210bea420e54079d6793,2026-07-27T15:40:51
S59_F07_c014,59,kitchen,S59_F07,F07,A08,test,P04,kitchen/S59_F07/S59_F07_c014.mp4,phone_1080p,1280,720,29.845,124,4.155,5ff38940217fefdee39f938866e7a5a5a8a4516d7a108ad6249217cc75b5957a,2026-07-27T15:41:01
S59_F07_c015,59,kitchen,S59_F07,F07,A08,test,P04,kitchen/S59_F07/S59_F07_c015.mp4,phone_1080p,1280,720,29.896,168,5.619,1871e6b47e0851de0176d47d57ac39b08d4a6e0b31c5a4875c21e7cc49de3146,2026-07-27T15:41:10
S59_F07_c016,59,kitchen,S59_F07,F07,A08,test,P04,kitchen/S59_F07/S59_F07_c016.mp4,phone_1080p,1280,720,29.902,185,6.187,f6f63886ef6875009e92c64c585ea7e2e052213171d938ed6ef6f0a5ee3f1543,2026-07-27T15:41:21
S59_F07_c017,59,kitchen,S59_F07,F07,A08,test,P04,kitchen/S59_F07/S59_F07_c017.mp4,phone_1080p,1280,720,29.789,142,4.767,92f76315f8b8bca56bab098e2b8a836b2634ce8c338c13a360072283f7608703,2026-07-27T15:44:21
S59_F07_c018,59,kitchen,S59_F07,F07,A08,test,P04,kitchen/S59_F07/S59_F07_c018.mp4,phone_1080p,1280,720,29.918,136,4.546,868a5440a4682aed9133e4a1ef187e84c075ac8f43bd235aad740fa728f1a486,2026-07-27T15:45:44
S59_F07_c019,59,kitchen,S59_F07,F07,A08,test,P04,kitchen/S59_F07/S59_F07_c019.mp4,phone_1080p,1280,720,29.914,139,4.647,030b1c3b95abf476923992d6af165226db3bd94f3f0b7c2e2ab22ff150e2248c,2026-07-27T15:45:53
S59_F07_c020,59,kitchen,S59_F07,F07,A08,test,P04,kitchen/S59_F07/S59_F07_c020.mp4,phone_1080p,1280,720,29.918,192,6.418,8a3478a118491371f6fea2d364e0475914e80dd340c75d26deceeb002403a226,2026-07-27T15:46:01
S59_F07_c021,59,kitchen,S59_F07,F07,A08,test,P02,kitchen/S59_F07/S59_F07_c021.mp4,phone_1080p,1280,720,30.058,168,5.589,5724d4d41d0a5078d40d838066a62a47ae86c7668cbe98573dfff7d6ba8ee3a9,2026-07-28T16:19:21
S59_F07_c022,59,kitchen,S59_F07,F07,A08,test,P02,kitchen/S59_F07/S59_F07_c022.mp4,phone_1080p,1280,720,30.057,170,5.656,3178c1afa40c3b18fc9947fa554f0d86ccc638f08f62160cb568ea45fd9e39ac,2026-07-28T16:19:30
S59_F07_c023,59,kitchen,S59_F07,F07,A08,test,P02,kitchen/S59_F07/S59_F07_c023.mp4,phone_1080p,1280,720,30.058,167,5.556,9a8d7ed5cc23609c00970a803481985e9f9dff27f4b18226272e6efd0adac61c,2026-07-28T16:19:40
S59_F07_c024,59,kitchen,S59_F07,F07,A08,test,P02,kitchen/S59_F07/S59_F07_c024.mp4,phone_1080p,1280,720,30.004,176,5.866,669d197989047ad5eb4d9f3ff8d3b0c70f1a96da860031e23c4832bcc50c8faa,2026-07-28T16:19:47
S59_F07_c025,59,kitchen,S59_F07,F07,A08,test,P02,kitchen/S59_F07/S59_F07_c025.mp4,phone_1080p,1280,720,30.004,165,5.499,dbc3de99d66f4996bd18a906559f30b54111d9e18314279c7e7af3dfb682e632,2026-07-28T16:20:02
S59_F07_c026,59,kitchen,S59_F07,F07,A08,test,P02,kitchen/S59_F07/S59_F07_c026.mp4,phone_1080p,1280,720,30.004,168,5.599,e7b01e504902b1699077ea6192582b962e86e57568d69ec4ac4ea539b237cd7e,2026-07-28T16:20:10
S59_F07_c027,59,kitchen,S59_F07,F07,A08,test,P02,kitchen/S59_F07/S59_F07_c027.mp4,realsense_480p,640,480,15.0,90,6.0,a01a4e8b201f919bb2001bcbfeee1a4b515f0219ef679f4cc5968825692fea44,
S59_F07_c028,59,kitchen,S59_F07,F07,A08,test,P02,kitchen/S59_F07/S59_F07_c028.mp4,realsense_480p,640,480,15.0,87,5.8,5267e8a866fa55ff27454f68007cad553374423a160969e49f598a8e1aaef77f,
S59_F07_c029,59,kitchen,S59_F07,F07,A08,test,P02,kitchen/S59_F07/S59_F07_c029.mp4,realsense_480p,640,480,15.0,85,5.667,78b26ad2706ec990eaa84e36f00fdca3bd4c8d1de494e7fd10d02726699ec552,
S59_F07_c030,59,kitchen,S59_F07,F07,A08,test,P02,kitchen/S59_F07/S59_F07_c030.mp4,realsense_480p,640,480,15.0,101,6.733,1808cafa785dfbe107e2d949114f88406612005218cc66a2defbe165b9aef4d6,
S59_F07_c031,59,kitchen,S59_F07,F07,A08,test,P02,kitchen/S59_F07/S59_F07_c031.mp4,realsense_480p,640,480,15.0,93,6.2,a4f040e90dc3c98c4510c9f47081c3538794683ca8eedb50d52c0c786a6bbc03,
S59_F07_c032,59,kitchen,S59_F07,F07,A08,test,P02,kitchen/S59_F07/S59_F07_c032.mp4,realsense_480p,640,480,15.0,91,6.067,50d03b1580185cf37c28b0e3c3cec2e8ac34f877470b0fa1e68fc1c422886648,
S59_F07_c033,59,kitchen,S59_F07,F07,A08,test,P01,kitchen/S59_F07/S59_F07_c033.mp4,phone_1080p,1280,720,30.037,185,6.159,6c63935299685b80a997afc37c4d0f573f017b88cba29c957ff5a3b927269336,2026-07-27T22:26:07
S59_F07_c034,59,kitchen,S59_F07,F07,A08,test,P01,kitchen/S59_F07/S59_F07_c034.mp4,phone_1080p,1280,720,30.037,172,5.726,7058fa473d3f6f39573344fbbe7f494a00852924d10bc18299519391a427f9a4,2026-07-27T22:26:50
S59_F07_c035,59,kitchen,S59_F07,F07,A08,test,P01,kitchen/S59_F07/S59_F07_c035.mp4,phone_1080p,1280,720,30.036,182,6.059,7b83370efac47787896d51555dd78251a31fc53bbaf96a6a116d4f2ab169b10d,2026-07-27T22:27:07
S59_F07_c036,59,kitchen,S59_F07,F07,A08,test,P01,kitchen/S59_F07/S59_F07_c036.mp4,phone_1080p,1280,720,30.037,182,6.059,a3908580a9e3a6a991aba14b2a4eb30c5c415423ac54dc6199758f0dcca08ec6,2026-07-27T22:27:16
S59_F07_c037,59,kitchen,S59_F07,F07,A08,test,P01,kitchen/S59_F07/S59_F07_c037.mp4,phone_1080p,1280,720,30.036,177,5.893,25df4e17208613f1f3bcd98e9db99908b919483385b036cf1de94bd4cb572dab,2026-07-27T22:27:30
S59_F07_c038,59,kitchen,S59_F07,F07,A08,test,P01,kitchen/S59_F07/S59_F07_c038.mp4,phone_1080p,1280,720,30.036,169,5.626,403444bca73fd4a54510556328e982853ebe27d7df5290ea133dfa97488b2b11,2026-07-27T22:27:40
S59_F07_c039,59,kitchen,S59_F07,F07,A08,test,P01,kitchen/S59_F07/S59_F07_c039.mp4,phone_1080p,1280,720,30.037,177,5.893,eddbba0aaa50bf0f7b44dcb90ebeb8aa26ae20664168afadb91c7dbd57d58f00,2026-07-27T22:27:54
S59_F07_c040,59,kitchen,S59_F07,F07,A08,test,P01,kitchen/S59_F07/S59_F07_c040.mp4,phone_1080p,1280,720,30.037,187,6.226,8ce939672ee90e4eeef8fc8dc4b930b52928f348646baf1dd7d208f9597c936c,2026-07-27T22:28:03
S59_F07_c041,59,kitchen,S59_F07,F07,A08,test,P01,kitchen/S59_F07/S59_F07_c041.mp4,phone_1080p,1280,720,30.037,182,6.059,6ebdf6fe9df262ceef532df2641112296a1e62facd59e802914aed0fa0015496,2026-07-27T22:28:34
S59_F07_c042,59,kitchen,S59_F07,F07,A08,test,P01,kitchen/S59_F07/S59_F07_c042.mp4,phone_1080p,1280,720,30.037,172,5.726,768d48abdb92cc4a08914d9ea841e62bf02f0a87e03f2b6bb4ff77469390ce2b,2026-07-27T22:28:42
S60_F08_c001,60,kitchen,S60_F08,F08,A07,test,P06,kitchen/S60_F08/S60_F08_c001.MOV,phone_4k,3840,2160,30.0,182,6.067,49e432fdd1cfcf91475c0b78bda2cdbdb7144614c37104b9bd5a1d0634d0fd3a,2026-07-27T13:41:22
S60_F08_c002,60,kitchen,S60_F08,F08,A07,test,P06,kitchen/S60_F08/S60_F08_c002.MOV,phone_4k,3840,2160,29.986,212,7.07,27027eb60ab09e881acd70c096536e89c0fcb1bea3f5d7634ca4dbae43c8c37e,2026-07-27T13:41:38
S60_F08_c003,60,kitchen,S60_F08,F08,A07,test,P06,kitchen/S60_F08/S60_F08_c003.MOV,phone_4k,3840,2160,29.992,188,6.268,0b7b03343c03933338c44ef433d818ddfaef8475e373adb2229095712b932f25,2026-07-27T13:41:51
S60_F08_c004,60,kitchen,S60_F08,F08,A07,test,P06,kitchen/S60_F08/S60_F08_c004.MOV,phone_4k,3840,2160,29.991,176,5.868,81735b2b5c8b1c52a86cf75d0ae14e1861558321d89352f9616202d37724b435,2026-07-27T13:42:13
S60_F08_c005,60,kitchen,S60_F08,F08,A07,test,P06,kitchen/S60_F08/S60_F08_c005.MOV,phone_4k,3840,2160,29.991,175,5.835,ba988ee4454c919b41a1c7b75259695d580b858623528471b612298e245f918d,2026-07-27T13:42:26
S60_F08_c006,60,kitchen,S60_F08,F08,A07,test,P06,kitchen/S60_F08/S60_F08_c006.MOV,phone_4k,3840,2160,30.0,184,6.133,c6c0337353102968a75177bc4bee5572a137713d671b86575c6bc5f56a4a82fa,2026-07-27T13:42:35
S60_F08_c007,60,kitchen,S60_F08,F08,A07,test,P06,kitchen/S60_F08/S60_F08_c007.MOV,phone_4k,3840,2160,30.0,190,6.333,78b556ec1831cdea7ce35c079108cfc663349680d9ab1242616ea76a5242d019,2026-07-27T13:42:48
S60_F08_c008,60,kitchen,S60_F08,F08,A07,test,P06,kitchen/S60_F08/S60_F08_c008.MOV,phone_4k,3840,2160,29.992,188,6.268,8122933c984c5cd80b1da1a25c89e3fa0a1843da441724d51c9aa7a889fe0e1e,2026-07-27T13:43:59
S60_F08_c009,60,kitchen,S60_F08,F08,A07,test,P06,kitchen/S60_F08/S60_F08_c009.MOV,phone_4k,3840,2160,29.992,190,6.335,7e14942608a44b7cae7af689ff41d18b7475cae3ef6bf498a760741902a48130,2026-07-27T13:44:08
S60_F08_c010,60,kitchen,S60_F08,F08,A07,test,P04,kitchen/S60_F08/S60_F08_c010.mp4,phone_1080p,1280,720,29.866,117,3.918,714c419d99a86fb9fd8957adb971c42aa337e2fceb5238b31bcdd17ea9d38aeb,2026-07-27T15:12:02
S60_F08_c011,60,kitchen,S60_F08,F08,A07,test,P04,kitchen/S60_F08/S60_F08_c011.mp4,phone_1080p,1280,720,29.73,108,3.633,ea1659ef6460e6baa19f32be622ce3a3b3327bf35c1aca84d516949f7ad56756,2026-07-27T15:12:10
S60_F08_c012,60,kitchen,S60_F08,F08,A07,test,P04,kitchen/S60_F08/S60_F08_c012.mp4,phone_1080p,1280,720,29.918,119,3.978,c6cc0dfc53087780b0156302684049771cc7ab57f4e92a13f24490296c346177,2026-07-27T15:12:55
S60_F08_c013,60,kitchen,S60_F08,F08,A07,test,P04,kitchen/S60_F08/S60_F08_c013.mp4,phone_1080p,1280,720,29.918,142,4.746,be76aa836fa565c8c096f9b2b42ebefc33fca3f95ea645a0b2634ae3a1e2264b,2026-07-27T15:13:03
S60_F08_c014,60,kitchen,S60_F08,F08,A07,test,P04,kitchen/S60_F08/S60_F08_c014.mp4,phone_1080p,1280,720,29.918,136,4.546,bedb563c01da499a03ed07231e0de49c4ea6fe4c85c81c3ece3dcb95acefd4ad,2026-07-27T15:14:29
S60_F08_c015,60,kitchen,S60_F08,F08,A07,test,P04,kitchen/S60_F08/S60_F08_c015.mp4,phone_1080p,1280,720,29.811,109,3.656,c31874545cb84ccdfc4f8b5543165cdff1596c9f056abb3f05951b4c9e8efa0c,2026-07-27T15:14:37
S60_F08_c016,60,kitchen,S60_F08,F08,A07,test,P04,kitchen/S60_F08/S60_F08_c016.mp4,phone_1080p,1280,720,29.8,134,4.497,dc2cbab6fab801fe59bee33d02353bc5badb11d79ae2750c65b769fb2737b2c4,2026-07-27T15:14:59
S60_F08_c017,60,kitchen,S60_F08,F08,A07,test,P04,kitchen/S60_F08/S60_F08_c017.mp4,phone_1080p,1280,720,29.756,126,4.234,d2b53b894aca1b71e485a7e31ecc50969daceee78141c922e0dab4b90dee8ca2,2026-07-27T15:15:07
S60_F08_c018,60,kitchen,S60_F08,F08,A07,test,P04,kitchen/S60_F08/S60_F08_c018.mp4,phone_1080p,1280,720,29.754,126,4.235,f3c3b281a7ffae206967500450bf001d2efaf57c4c581cc892aa53abcfd6751f,2026-07-27T15:15:17
S60_F08_c019,60,kitchen,S60_F08,F08,A07,test,P04,kitchen/S60_F08/S60_F08_c019.mp4,phone_1080p,1280,720,29.905,116,3.879,930fc81412fad87350329f344f72ea4549f605bf89ffd0479c6587f37cc1d251,2026-07-27T15:15:25
S60_F08_c020,60,kitchen,S60_F08,F08,A07,test,P02,kitchen/S60_F08/S60_F08_c020.mp4,phone_1080p,1280,720,30.008,170,5.665,3b825446c13d72653892b0f0c62a5b8e8628fc4b8dd1df019bbb65c6250f927f,2026-07-28T16:24:22
S60_F08_c021,60,kitchen,S60_F08,F08,A07,test,P02,kitchen/S60_F08/S60_F08_c021.mp4,phone_1080p,1280,720,30.007,168,5.599,4333132a06fa9e4d246e147080408333e15328c42368597f3f914ec7041c706f,2026-07-28T16:24:30
S60_F08_c022,60,kitchen,S60_F08,F08,A07,test,P02,kitchen/S60_F08/S60_F08_c022.mp4,phone_1080p,1280,720,30.007,168,5.599,03821e0d81d7a601ce9429d80a6d9ba6fbf6f0160527d1f0ba3b7ba7243a52b0,2026-07-28T16:24:40
S60_F08_c023,60,kitchen,S60_F08,F08,A07,test,P02,kitchen/S60_F08/S60_F08_c023.mp4,phone_1080p,1280,720,30.008,165,5.499,96b87d93f337119640f8aaebe78536e79c057281c8244b0e944429e9d833e2e1,2026-07-28T16:24:48
S60_F08_c024,60,kitchen,S60_F08,F08,A07,test,P02,kitchen/S60_F08/S60_F08_c024.mp4,phone_1080p,1280,720,29.824,163,5.465,572911e5c116b6c2c20742ca6bd63f5ec404fad1def46cd3b4dce7cf1fb35586,2026-07-28T16:24:59
S60_F08_c025,60,kitchen,S60_F08,F08,A07,test,P02,kitchen/S60_F08/S60_F08_c025.mp4,phone_1080p,1280,720,29.83,167,5.598,864e5e0ea9f0703463e31c189bcc99e4e4424dd499c071f66aaa6dd69cfd7f17,2026-07-28T16:25:06
S60_F08_c026,60,kitchen,S60_F08,F08,A07,test,P02,kitchen/S60_F08/S60_F08_c026.mp4,realsense_480p,640,480,15.0,86,5.733,cc1b9b51cd2560ea065ffd132c2f4c1be7f34903def2bbebac2e3a67ab761f4f,
S60_F08_c027,60,kitchen,S60_F08,F08,A07,test,P02,kitchen/S60_F08/S60_F08_c027.mp4,realsense_480p,640,480,15.0,72,4.8,f960b88d743abfc1ed2795279d18657bb12cd1651c81686277c7e20c119660c7,
S60_F08_c028,60,kitchen,S60_F08,F08,A07,test,P02,kitchen/S60_F08/S60_F08_c028.mp4,realsense_480p,640,480,15.0,87,5.8,7c33ba643568b2160ca5ec25a0f106cda3bb5580e472fe0444a8cc9b69743bd1,
S60_F08_c029,60,kitchen,S60_F08,F08,A07,test,P02,kitchen/S60_F08/S60_F08_c029.mp4,realsense_480p,640,480,15.0,89,5.933,65df717e0ead29486af2468b1948f7481f9c25438d498f222f8a78651c5ae098,
S60_F08_c030,60,kitchen,S60_F08,F08,A07,test,P02,kitchen/S60_F08/S60_F08_c030.mp4,realsense_480p,640,480,15.0,111,7.4,30aa7dc307d5a6b0e8eb80fc66b415d7464eac5ba7c2a804b714db971ecdac2c,
S60_F08_c031,60,kitchen,S60_F08,F08,A07,test,P02,kitchen/S60_F08/S60_F08_c031.mp4,realsense_480p,640,480,15.0,83,5.533,04e97b09943b3f7acac3a02f4bcbbcffd5497049484adc7e28ac4ab5cbb162a7,
S60_F08_c032,60,kitchen,S60_F08,F08,A07,test,P01,kitchen/S60_F08/S60_F08_c032.mp4,phone_1080p,1280,720,30.037,176,5.86,aad5f613c39d4b7bc8d4cf044b892396d78192ad796d3679ff7be426619bf9f2,2026-07-27T22:29:12
S60_F08_c033,60,kitchen,S60_F08,F08,A07,test,P01,kitchen/S60_F08/S60_F08_c033.mp4,phone_1080p,1280,720,30.037,173,5.76,25c3072ab2a94aa1856419bd84456bfbea3840fed16b4ace5a3687d45857fbb7,2026-07-27T22:29:27
S60_F08_c034,60,kitchen,S60_F08,F08,A07,test,P01,kitchen/S60_F08/S60_F08_c034.mp4,phone_1080p,1280,720,30.037,180,5.993,9fdb67827f6aa57511af8b1511af584f01b33cdf869a2f8ea0e4bfe9c7894e9d,2026-07-27T22:29:41
S60_F08_c035,60,kitchen,S60_F08,F08,A07,test,P01,kitchen/S60_F08/S60_F08_c035.mp4,phone_1080p,1280,720,30.037,171,5.693,47b4208bab16817415fc70451329a0f99281236387268dc3befe06cccd7b9eb8,2026-07-27T22:29:55
S60_F08_c036,60,kitchen,S60_F08,F08,A07,test,P01,kitchen/S60_F08/S60_F08_c036.mp4,phone_1080p,1280,720,30.037,185,6.159,da08a4f60b48d099d3727f608afa5c3e16e55b87faba1e63fa3ae221124e7363,2026-07-27T22:32:31
S60_F08_c037,60,kitchen,S60_F08,F08,A07,test,P01,kitchen/S60_F08/S60_F08_c037.mp4,phone_1080p,1280,720,30.037,209,6.958,c5e0dce5ac4d1b8194c0d9e63cd1901806a4cc027dcd4dbb8a6f68e1bbe77be2,2026-07-27T22:32:40
S60_F08_c038,60,kitchen,S60_F08,F08,A07,test,P01,kitchen/S60_F08/S60_F08_c038.mp4,phone_1080p,1280,720,30.037,171,5.693,22501afcec2ec7fc05026cab0632895c79489fa0bc318574ac8c503048cd6518,2026-07-27T22:33:16
S60_F08_c039,60,kitchen,S60_F08,F08,A07,test,P01,kitchen/S60_F08/S60_F08_c039.mp4,phone_1080p,1280,720,30.037,175,5.826,9a1ffb19d747775746403e1fc4bcbc7b8417e687637da675cbe7a94468f1e7e1,2026-07-27T22:33:24
S60_F08_c040,60,kitchen,S60_F08,F08,A07,test,P01,kitchen/S60_F08/S60_F08_c040.mp4,phone_1080p,1280,720,30.036,182,6.059,d536b8e02cb3b7f689107dede148fc1591ba1023963efa7aa6fd96b2a9fd7232,2026-07-27T22:34:03
S60_F08_c041,60,kitchen,S60_F08,F08,A07,test,P01,kitchen/S60_F08/S60_F08_c041.mp4,phone_1080p,1280,720,30.036,181,6.026,3df46909257f4b3ceb278fcb3f977439741b9f511a5ba13fbe5324bfd40a97c1,2026-07-27T22:34:12
S61_F01_c001,61,kitchen,S61_F01,F01,A10,test,P07,kitchen/S61_F01/S61_F01_c001.MOV,phone_4k,3840,2160,29.991,171,5.702,bc130ec262aee85561cdc49d3c01f4bcffd7fa28ae932c8ad6b66fe9af8fcfdb,2026-07-27T13:47:37
S61_F01_c002,61,kitchen,S61_F01,F01,A10,test,P07,kitchen/S61_F01/S61_F01_c002.MOV,phone_4k,3840,2160,30.0,165,5.5,964aff82861b8dff245ae8404f7d6f013b5eb2fa8000428ae065026a724642ac,2026-07-27T13:47:49
S61_F01_c003,61,kitchen,S61_F01,F01,A10,test,P07,kitchen/S61_F01/S61_F01_c003.MOV,phone_4k,3840,2160,29.993,204,6.802,199bf918583afe6af629ad8a71a3471c1511de8c2bee948534428362d1ab21a4,2026-07-27T13:48:05
S61_F01_c004,61,kitchen,S61_F01,F01,A10,test,P07,kitchen/S61_F01/S61_F01_c004.MOV,phone_4k,3840,2160,29.992,185,6.168,9ee22bdeed0350477cdd31c4901b2c2579775cbef4cd8c28ebf1e3b175581e24,2026-07-27T13:48:34
S61_F01_c005,61,kitchen,S61_F01,F01,A10,test,P07,kitchen/S61_F01/S61_F01_c005.MOV,phone_4k,3840,2160,30.0,169,5.633,3421be746b3f94972ed0df9e7ac4ac82ee1f26a7af3dbb3cd672c2db8408b13a,2026-07-27T13:49:53
S61_F01_c006,61,kitchen,S61_F01,F01,A10,test,P07,kitchen/S61_F01/S61_F01_c006.MOV,phone_4k,3840,2160,29.991,173,5.768,6f53e02c3a59a6846b5287ea4848dec36f4813f865188ca1d9c7efe48a33f9ef,2026-07-27T13:50:19
S61_F01_c007,61,kitchen,S61_F01,F01,A10,test,P07,kitchen/S61_F01/S61_F01_c007.MOV,phone_4k,3840,2160,29.991,165,5.502,1b9b369d3b2a3256eca8e9dc5137d92b015171f43d4b91e56c203ea9ef9b1742,2026-07-27T14:14:22
S61_F01_c008,61,kitchen,S61_F01,F01,A10,test,P07,kitchen/S61_F01/S61_F01_c008.MOV,phone_4k,3840,2160,29.991,163,5.435,6227811d2200a8132090c94251a7b993a0ba8971c551f80aa9c3e8e6d3a65760,2026-07-27T14:14:32
S61_F01_c009,61,kitchen,S61_F01,F01,A10,test,P07,kitchen/S61_F01/S61_F01_c009.MOV,phone_4k,3840,2160,30.0,178,5.933,32f172a9f042967b68a0f87506a3b8e5c2e1f19ecc7b7693b1d34911b65e3146,2026-07-27T14:14:46
S61_F01_c010,61,kitchen,S61_F01,F01,A10,test,P07,kitchen/S61_F01/S61_F01_c010.MOV,phone_4k,3840,2160,30.0,167,5.567,bf450866cc352e5830161574ca284eac48b87002e15098257e986eebf25ea49d,2026-07-27T14:14:56
S61_F01_c011,61,kitchen,S61_F01,F01,A10,test,P04,kitchen/S61_F01/S61_F01_c011.mp4,phone_1080p,1280,720,29.853,139,4.656,cc7fb6af84450edc3f7899c3dd5eb350224282a4ee23300db71b8f9fb9095e94,2026-07-27T16:21:27
S61_F01_c012,61,kitchen,S61_F01,F01,A10,test,P04,kitchen/S61_F01/S61_F01_c012.mp4,phone_1080p,1280,720,29.858,143,4.789,2dd4fecf7d40d88abe25d735a959cc159e9d3a7fc193166dc22fb07d138a9450,2026-07-27T16:21:53
S61_F01_c013,61,kitchen,S61_F01,F01,A10,test,P04,kitchen/S61_F01/S61_F01_c013.mp4,phone_1080p,1280,720,29.871,167,5.591,9dfe43adfff513f8a71bae6a275e1d3f77c977846da24ca919f7a7f746b760a3,2026-07-27T16:22:02
S61_F01_c014,61,kitchen,S61_F01,F01,A10,test,P04,kitchen/S61_F01/S61_F01_c014.mp4,phone_1080p,1280,720,29.848,125,4.188,911c47007bbb5e9b0c294f7f2e7ddffb9e3ee8d5015edc6c42065a4643573d7d,2026-07-27T16:22:13
S61_F01_c015,61,kitchen,S61_F01,F01,A10,test,P04,kitchen/S61_F01/S61_F01_c015.mp4,phone_1080p,1280,720,29.918,158,5.281,e5c50e4702ea8c4f3f876c7a649b01fb59007da34174f91e3d98d09de42b276c,2026-07-27T16:22:23
S61_F01_c016,61,kitchen,S61_F01,F01,A10,test,P04,kitchen/S61_F01/S61_F01_c016.mp4,phone_1080p,1280,720,29.884,180,6.023,fa4bd9909e33877ffcb6583354b54e261b0dc810c4386c1527259e84f2af3c3a,2026-07-27T16:22:34
S61_F01_c017,61,kitchen,S61_F01,F01,A10,test,P04,kitchen/S61_F01/S61_F01_c017.mp4,phone_1080p,1280,720,29.833,143,4.793,56910c99e55eb439f59097a04f6112b607c0e8268d877a07b1efad6fbe0e7087,2026-07-27T16:22:50
S61_F01_c018,61,kitchen,S61_F01,F01,A10,test,P04,kitchen/S61_F01/S61_F01_c018.mp4,phone_1080p,1280,720,29.918,159,5.315,00195f782986d18efdfc35516a63c188587594d996d61e80dbd1581941adba8c,2026-07-27T16:23:00
S61_F01_c019,61,kitchen,S61_F01,F01,A10,test,P04,kitchen/S61_F01/S61_F01_c019.mp4,phone_1080p,1280,720,29.845,142,4.758,d053fbafec3cfdd891a34ab82ced341ceb476b6678b88080889eebd1ee383e99,2026-07-27T16:23:12
S61_F01_c020,61,kitchen,S61_F01,F01,A10,test,P04,kitchen/S61_F01/S61_F01_c020.mp4,phone_1080p,1280,720,29.911,140,4.681,06ad8578f33714cf4c983b0b0baded5008bac406c488462a295d21a428049972,2026-07-27T16:23:22
S61_F01_c021,61,kitchen,S61_F01,F01,A10,test,P02,kitchen/S61_F01/S61_F01_c021.mp4,phone_1080p,1280,720,30.004,178,5.933,79e17e0efe36d7f0aa0a5bc31a030253f5560148d86db4c70b0f91467b06b884,2026-07-28T16:27:19
S61_F01_c022,61,kitchen,S61_F01,F01,A10,test,P02,kitchen/S61_F01/S61_F01_c022.mp4,phone_1080p,1280,720,29.83,171,5.733,ee4532fb46482e26ffdce8f161a85c457ca70d6acaac9a73333f81ec007420ac,2026-07-28T16:27:30
S61_F01_c023,61,kitchen,S61_F01,F01,A10,test,P02,kitchen/S61_F01/S61_F01_c023.mp4,phone_1080p,1280,720,30.004,176,5.866,5a41c77045c2a7d989a2fec4b0ee4411a812f43e4940f898796d23196f88d519,2026-07-28T16:27:50
S61_F01_c024,61,kitchen,S61_F01,F01,A10,test,P02,kitchen/S61_F01/S61_F01_c024.mp4,phone_1080p,1280,720,30.004,169,5.633,b9eb92e96e2f838486c000224b2021fa111bc5fbf2e725d6f7bb892cc45f4c0b,2026-07-28T16:28:00
S61_F01_c025,61,kitchen,S61_F01,F01,A10,test,P02,kitchen/S61_F01/S61_F01_c025.mp4,phone_1080p,1280,720,30.004,163,5.433,3d37cfd53d23ccd874d257201150e81d3586822b4912f388e747d4a66c0064ec,2026-07-28T16:28:24
S61_F01_c026,61,kitchen,S61_F01,F01,A10,test,P02,kitchen/S61_F01/S61_F01_c026.mp4,phone_1080p,1280,720,30.004,170,5.666,9d238d36213cb90aa99babecaa2a2f8ae3dcd94fd48c4b7b34763cf603848b89,2026-07-28T16:28:35
S61_F01_c027,61,kitchen,S61_F01,F01,A10,test,P01,kitchen/S61_F01/S61_F01_c027.mp4,phone_1080p,1280,720,30.004,169,5.633,ff7c1d63c56d76406b489c5cf44b42dcb66bf2dabd164a8d15bcb61407ad61de,2026-07-28T16:37:16
S61_F01_c028,61,kitchen,S61_F01,F01,A10,test,P01,kitchen/S61_F01/S61_F01_c028.mp4,phone_1080p,1280,720,30.004,170,5.666,ef3656d3b8bacdb3049973b22f0ace4a39779ac2b241f4afb2784e58ba23646c,2026-07-28T16:37:27
S61_F01_c029,61,kitchen,S61_F01,F01,A10,test,P01,kitchen/S61_F01/S61_F01_c029.mp4,phone_1080p,1280,720,30.004,171,5.699,8cc833b9bb75b7d47cb8bb6f318bfbb24f73b31b9edc47a45f3e37e210111d69,2026-07-28T16:37:43
S61_F01_c030,61,kitchen,S61_F01,F01,A10,test,P01,kitchen/S61_F01/S61_F01_c030.mp4,phone_1080p,1280,720,30.004,168,5.599,d4afb4c608fefc8405a94ba9954e83fcdc72157209748ac0d45928342f219f0c,2026-07-28T16:37:55
S61_F01_c031,61,kitchen,S61_F01,F01,A10,test,P01,kitchen/S61_F01/S61_F01_c031.mp4,phone_1080p,1280,720,30.004,173,5.766,8c806fc622f70f960964ecd2d6d64ff5c016613e02c32a131958264aa2a7ee62,2026-07-28T16:38:05
S61_F01_c032,61,kitchen,S61_F01,F01,A10,test,P01,kitchen/S61_F01/S61_F01_c032.mp4,phone_1080p,1280,720,30.004,171,5.699,5152ec2e1e1bfd3d8ad7938e97a1df232fd6c4671d6f5eba10b47d24ea76941d,2026-07-28T16:38:15
S61_F01_c033,61,kitchen,S61_F01,F01,A10,test,P02,kitchen/S61_F01/S61_F01_c033.mp4,realsense_480p,640,480,15.0,96,6.4,84273ec0570aa355a5bd0cdbd665b9a48f70d848dbfec32355e00e121c50a842,
S61_F01_c034,61,kitchen,S61_F01,F01,A10,test,P01,kitchen/S61_F01/S61_F01_c034.mp4,realsense_480p,640,480,15.0,83,5.533,f478abb73e7fca9be90ab30e30ba46be67f24acd23aaa4caf7864fc9d53500c5,
S61_F01_c035,61,kitchen,S61_F01,F01,A10,test,P01,kitchen/S61_F01/S61_F01_c035.mp4,realsense_480p,640,480,15.0,85,5.667,40b14c5ae0cb2489a5ade7341ba139f2d226ac5302858b781941c25bb215db88,
S61_F01_c036,61,kitchen,S61_F01,F01,A10,test,P01,kitchen/S61_F01/S61_F01_c036.mp4,realsense_480p,640,480,15.0,126,8.4,95eca09ade7a7c3d001934b63a206fe408507f1b0a3ce0034a3c0e891303b66d,
S61_F01_c037,61,kitchen,S61_F01,F01,A10,test,P02,kitchen/S61_F01/S61_F01_c037.mp4,realsense_480p,640,480,15.0,96,6.4,d9ecb8b849398a2dcf6eab607181fe190927e3241d418b3896501ad4a25e9f09,
S61_F01_c038,61,kitchen,S61_F01,F01,A10,test,P02,kitchen/S61_F01/S61_F01_c038.mp4,realsense_480p,640,480,15.0,94,6.267,2686f39e51c90e0e2447be9167114487d6af1263a7bf072733f2419488d387b2,
S61_F01_c039,61,kitchen,S61_F01,F01,A10,test,P02,kitchen/S61_F01/S61_F01_c039.mp4,realsense_480p,640,480,15.0,93,6.2,5f81499d45eb7a9cfab69a5f86e92385307e3ddac3814ba9e10a6fb41fb21ea2,
S61_F01_c040,61,kitchen,S61_F01,F01,A10,test,P02,kitchen/S61_F01/S61_F01_c040.mp4,realsense_480p,640,480,15.0,92,6.133,9bc937a5a7f0b1ebc6e9be168b9e58ba704d913bfb489f67da904be932d020a6,
S61_F01_c041,61,kitchen,S61_F01,F01,A10,test,P02,kitchen/S61_F01/S61_F01_c041.mp4,realsense_480p,640,480,15.0,82,5.467,8c3249ca8a2a2f31c47fc6c0416b183cfa590e48570c3d9d8ebe36d387c8acac,
S61_F01_c042,61,kitchen,S61_F01,F01,A10,test,P01,kitchen/S61_F01/S61_F01_c042.mp4,realsense_480p,640,480,15.0,84,5.6,b0b2453c8d8fa081540e7642e7e254261bd354873393bb52e23b2d91e3b1a3c3,
S61_F01_c043,61,kitchen,S61_F01,F01,A10,test,P01,kitchen/S61_F01/S61_F01_c043.mp4,realsense_480p,640,480,15.0,84,5.6,2061103a81beea01506e33f93012f1b10dfd30b41efbb9887ab7581726e8c101,
S61_F01_c044,61,kitchen,S61_F01,F01,A10,test,P01,kitchen/S61_F01/S61_F01_c044.mp4,realsense_480p,640,480,15.0,112,7.467,c53c629c0a70556de3853a1f56b02045f21e3013748481244b082021d6692b58,
S62_F10_c001,62,kitchen,S62_F10,F10,A12,test,P06,kitchen/S62_F10/S62_F10_c001.MOV,phone_4k,3840,2160,30.0,198,6.6,743046216301af6a99c0501ef4b358164463a639fefe98608a6ec750f0662d7f,2026-07-27T14:17:31
S62_F10_c002,62,kitchen,S62_F10,F10,A12,test,P06,kitchen/S62_F10/S62_F10_c002.MOV,phone_4k,3840,2160,29.992,188,6.268,740e8ea5e0c149146228590869f919a13d27612859ac91cb1d8fcf38e80098fe,2026-07-27T14:17:51
S62_F10_c003,62,kitchen,S62_F10,F10,A12,test,P06,kitchen/S62_F10/S62_F10_c003.MOV,phone_4k,3840,2160,29.992,191,6.368,e71f5838f8c6c3ef58f62bd9d743040083c7f7862ad8cd5bf006298f3f465414,2026-07-27T14:18:14
S62_F10_c004,62,kitchen,S62_F10,F10,A12,test,P06,kitchen/S62_F10/S62_F10_c004.MOV,phone_4k,3840,2160,29.993,202,6.735,29b6de4cff4c4d0369e6ef1a2f3252f0e421fe037d6a878b308ba9a61bd23176,2026-07-27T14:18:35
S62_F10_c005,62,kitchen,S62_F10,F10,A12,test,P06,kitchen/S62_F10/S62_F10_c005.MOV,phone_4k,3840,2160,29.992,192,6.402,197f5f166ffe8bb7bd96d1ac1a4a2a2fe9939237ef141e9355893acf0eb0f2bb,2026-07-27T14:18:49
S62_F10_c006,62,kitchen,S62_F10,F10,A12,test,P06,kitchen/S62_F10/S62_F10_c006.MOV,phone_4k,3840,2160,30.0,207,6.9,a46715ad55ece1d993a392fd23518c151b8e28be1683cf4cba348a0798737858,2026-07-27T14:19:09
S62_F10_c007,62,kitchen,S62_F10,F10,A12,test,P06,kitchen/S62_F10/S62_F10_c007.MOV,phone_4k,3840,2160,30.0,204,6.8,ca83dbd269804ae6ba57f3f909aa1fcc35603f57bd20169dac8471316ec72542,2026-07-27T14:20:19
S62_F10_c008,62,kitchen,S62_F10,F10,A12,test,P06,kitchen/S62_F10/S62_F10_c008.MOV,phone_4k,3840,2160,29.993,200,6.668,9871c7bb0eb4d75c7651e8fbc6aa86c323f3f9194ed00c0e53b19c331eeecd5e,2026-07-27T14:20:35
S62_F10_c009,62,kitchen,S62_F10,F10,A12,test,P06,kitchen/S62_F10/S62_F10_c009.MOV,phone_4k,3840,2160,29.993,205,6.835,67d3e55c0459326350205c5514e7a49398774569e96411ef137808e3dedb8a4e,2026-07-27T14:21:06
S62_F10_c010,62,kitchen,S62_F10,F10,A12,test,P06,kitchen/S62_F10/S62_F10_c010.MOV,phone_4k,3840,2160,30.0,256,8.533,b9080b1a17514b4479803f6dc8be844a770cb0b5a08301887c3c34e67ebc8a69,2026-07-27T14:21:28
S62_F10_c011,62,kitchen,S62_F10,F10,A12,test,P04,kitchen/S62_F10/S62_F10_c011.mp4,phone_1080p,1280,720,29.9,159,5.318,6bf0ecaeca3499afe80219f490b6a16a571ad171a36c08b2322efec8c116ffb8,2026-07-27T16:24:14
S62_F10_c012,62,kitchen,S62_F10,F10,A12,test,P04,kitchen/S62_F10/S62_F10_c012.mp4,phone_1080p,1280,720,29.786,159,5.338,7cd65f36200affa3641fd38d768bd626d866b2684089c6161e3cef22562a0019,2026-07-27T16:24:24
S62_F10_c013,62,kitchen,S62_F10,F10,A12,test,P04,kitchen/S62_F10/S62_F10_c013.mp4,phone_1080p,1280,720,29.891,168,5.62,f2486180201a77b2385325e8986f0ecac91f300876d1e0fb0c800176f9d46248,2026-07-27T16:24:34
S62_F10_c014,62,kitchen,S62_F10,F10,A12,test,P04,kitchen/S62_F10/S62_F10_c014.mp4,phone_1080p,1280,720,29.777,158,5.306,bee01c2b4a6e4978fedb3725d06929eebc45e942bb6e04424b549e0732a54230,2026-07-27T16:24:45
S62_F10_c015,62,kitchen,S62_F10,F10,A12,test,P04,kitchen/S62_F10/S62_F10_c015.mp4,phone_1080p,1280,720,29.911,170,5.684,388334b9d9f4d959277b16b552ef623798e23cccb402e4f76df688fe76ae2688,2026-07-27T16:24:55
S62_F10_c016,62,kitchen,S62_F10,F10,A12,test,P04,kitchen/S62_F10/S62_F10_c016.mp4,phone_1080p,1280,720,29.877,132,4.418,a05e9693596bf670284b6d4e0cae8ac7bc6cfcb3f13b7cfaaccc6d1c00edc2f5,2026-07-27T16:25:13
S62_F10_c017,62,kitchen,S62_F10,F10,A12,test,P04,kitchen/S62_F10/S62_F10_c017.mp4,phone_1080p,1280,720,29.889,208,6.959,3e3ca3967e76cfac05c83301d2763daf263c17c6106a43e869467ee8182e8b89,2026-07-27T16:25:22
S62_F10_c018,62,kitchen,S62_F10,F10,A12,test,P04,kitchen/S62_F10/S62_F10_c018.mp4,phone_1080p,1280,720,29.899,143,4.783,dcb2d9dc35ff5c54316bcdf78677adc99ceb32ac4838c4755a19434e67b55493,2026-07-27T16:25:34
S62_F10_c019,62,kitchen,S62_F10,F10,A12,test,P02,kitchen/S62_F10/S62_F10_c019.mp4,phone_1080p,1280,720,30.004,168,5.599,ceb9f4f916bd48b63b2c156fb29314dd03538b93c03269419618a9bc0f13b16c,2026-07-28T16:30:18
S62_F10_c020,62,kitchen,S62_F10,F10,A12,test,P02,kitchen/S62_F10/S62_F10_c020.mp4,phone_1080p,1280,720,30.004,154,5.133,3896145755ed6b206ea6c90dc3243c3f19c2fad56e67cf80b22d844bca763729,2026-07-28T16:30:30
S62_F10_c021,62,kitchen,S62_F10,F10,A12,test,P02,kitchen/S62_F10/S62_F10_c021.mp4,phone_1080p,1280,720,30.004,169,5.633,6944997e68e0e2c7cb5fa97844c33d090b563cc5ed44771d59ca6d10fcb59693,2026-07-28T16:30:53
S62_F10_c022,62,kitchen,S62_F10,F10,A12,test,P02,kitchen/S62_F10/S62_F10_c022.mp4,phone_1080p,1280,720,30.004,170,5.666,99f07505723be673b82f3e6cb3a2a3800d0f0669162c81132011259e5134e6ed,2026-07-28T16:31:17
S62_F10_c023,62,kitchen,S62_F10,F10,A12,test,P02,kitchen/S62_F10/S62_F10_c023.mp4,phone_1080p,1280,720,30.004,172,5.733,a713a98d860dc6dbffa5246a83daf3b9cc38cc840c684e4a514a9812e43afe41,2026-07-28T16:31:28
S62_F10_c024,62,kitchen,S62_F10,F10,A12,test,P02,kitchen/S62_F10/S62_F10_c024.mp4,phone_1080p,1280,720,30.048,171,5.691,72640ea7531f1aa0ebb9da409e16bd7be7eb658e1141b8f9abe9da42deb6ee35,2026-07-28T16:31:39
S62_F10_c025,62,kitchen,S62_F10,F10,A12,test,P01,kitchen/S62_F10/S62_F10_c025.mp4,phone_1080p,1280,720,30.004,163,5.433,76b324d9fc88779152bc6e2e6cd4bddf2c3a143b22c1f2c1a7bb1755b45f72dd,2026-07-28T16:33:13
S62_F10_c026,62,kitchen,S62_F10,F10,A12,test,P01,kitchen/S62_F10/S62_F10_c026.mp4,phone_1080p,1280,720,30.004,170,5.666,2a8a79778a9d78e9ef6de2d043783c65538e41aae6d462e1e0b2a17a4903def8,2026-07-28T16:34:37
S62_F10_c027,62,kitchen,S62_F10,F10,A12,test,P01,kitchen/S62_F10/S62_F10_c027.mp4,phone_1080p,1280,720,30.004,176,5.866,80b1e178ec3ab241c03955e64be7e32c0a9a0cc16c9c64864c49c63d61cfcf35,2026-07-28T16:34:58
S62_F10_c028,62,kitchen,S62_F10,F10,A12,test,P01,kitchen/S62_F10/S62_F10_c028.mp4,phone_1080p,1280,720,30.004,168,5.599,c69c4082aff41227fe5f6f933fc10867188e02a466a489b5a2064ac9cb6d1152,2026-07-28T16:35:35
S62_F10_c029,62,kitchen,S62_F10,F10,A12,test,P01,kitchen/S62_F10/S62_F10_c029.mp4,phone_1080p,1280,720,30.044,188,6.257,63309edf417ac1593dc2c9db0e62fd4735e30e22658b86f50b46cc9393dde133,2026-07-28T16:35:53
S62_F10_c030,62,kitchen,S62_F10,F10,A12,test,P01,kitchen/S62_F10/S62_F10_c030.mp4,phone_1080p,1280,720,30.004,170,5.666,402df6c82ebdafb3551862b4ed6433ce9cef272c721d6b60753eeadb47a82aee,2026-07-28T16:36:14
S62_F10_c031,62,kitchen,S62_F10,F10,A12,test,P02,kitchen/S62_F10/S62_F10_c031.mp4,realsense_480p,640,480,15.0,93,6.2,0aabc3c2cc9e76a18cd31444eb05f6f0651cf43cc1846db893707a59f552a570,
S62_F10_c032,62,kitchen,S62_F10,F10,A12,test,P01,kitchen/S62_F10/S62_F10_c032.mp4,realsense_480p,640,480,15.0,85,5.667,eb30456f737d9c46480a188cfb19a89c5da3f574e440de2c931f5caef8090dcd,
S62_F10_c033,62,kitchen,S62_F10,F10,A12,test,P01,kitchen/S62_F10/S62_F10_c033.mp4,realsense_480p,640,480,15.0,95,6.333,406c72332d88f60745208a5406aafa4043ad1981f5687ea056a526639099e027,
S62_F10_c034,62,kitchen,S62_F10,F10,A12,test,P01,kitchen/S62_F10/S62_F10_c034.mp4,realsense_480p,640,480,15.0,85,5.667,e004b78bc7b7d11d77d044b7a3a619b46c1c5a79a6fce14c45713087ebcb6a47,
S62_F10_c035,62,kitchen,S62_F10,F10,A12,test,P02,kitchen/S62_F10/S62_F10_c035.mp4,realsense_480p,640,480,15.0,98,6.533,542861a5fc665da864f94e31b90a69100ca8a88a5b8421a03b0565828ecb77aa,
S62_F10_c036,62,kitchen,S62_F10,F10,A12,test,P02,kitchen/S62_F10/S62_F10_c036.mp4,realsense_480p,640,480,15.0,93,6.2,a591497164fb7ef5d1fb82c237c0e4b505972cdcc6823ba48ffceecf229cb3a7,
S62_F10_c037,62,kitchen,S62_F10,F10,A12,test,P02,kitchen/S62_F10/S62_F10_c037.mp4,realsense_480p,640,480,15.0,85,5.667,3d008d59c0f0b916ce5b6c5f96386bc5a3f8decb87067bea7486128ee9ceb8a0,
S62_F10_c038,62,kitchen,S62_F10,F10,A12,test,P02,kitchen/S62_F10/S62_F10_c038.mp4,realsense_480p,640,480,15.0,95,6.333,b06ba7462e281e7249b06b837853981c53a87a250563b97b7a4c0d839946eb27,
S62_F10_c039,62,kitchen,S62_F10,F10,A12,test,P02,kitchen/S62_F10/S62_F10_c039.mp4,realsense_480p,640,480,15.0,92,6.133,d6ff032fd1ce0d6678e6b6a6cbe9d01f7cce81847a5ff0d841d4ba267151bbd7,
S62_F10_c040,62,kitchen,S62_F10,F10,A12,test,P01,kitchen/S62_F10/S62_F10_c040.mp4,realsense_480p,640,480,15.0,36,2.4,733d45a4f57d3bd8cebcb3fd497e2091b53d77b4c03e8ed688b3c5da18252aea,
S62_F10_c041,62,kitchen,S62_F10,F10,A12,test,P01,kitchen/S62_F10/S62_F10_c041.mp4,realsense_480p,640,480,15.0,85,5.667,b8adc6312543f13b1c1a5852fd03f91658b0b3056a1778614e498f51d864b800,
S62_F10_c042,62,kitchen,S62_F10,F10,A12,test,P01,kitchen/S62_F10/S62_F10_c042.mp4,realsense_480p,640,480,15.0,89,5.933,c98385c9d3739aacb6c3499a03065ec1b9e9eebaeed1279729a20cd58e4aa98d,
S63_F04_c001,63,kitchen,S63_F04,F04,A05,test,P01,kitchen/S63_F04/S63_F04_c001.mp4,realsense_480p,640,480,15.0,118,7.867,4bb72e7f7f45ea2d15644b52cc194dba7c93e2be15146e854f9b04b5a6644c1a,
S63_F04_c002,63,kitchen,S63_F04,F04,A05,test,P01,kitchen/S63_F04/S63_F04_c002.mp4,realsense_480p,640,480,15.0,112,7.467,e5af6e9276c0c1d1ea5614ea1f3c70a15bcce38e4b3e1aadbe87f8f806264fd3,
S63_F04_c003,63,kitchen,S63_F04,F04,A05,test,P01,kitchen/S63_F04/S63_F04_c003.mp4,realsense_480p,640,480,15.0,127,8.467,bf04d5b430d1e41d7241abdf3dbcd6857fa6dee4c9a03987519ac8a92167caf8,
S63_F04_c004,63,kitchen,S63_F04,F04,A05,test,P01,kitchen/S63_F04/S63_F04_c004.mp4,realsense_480p,640,480,15.0,122,8.133,7f62638f1760b1fde910feb9d44171c78403ce6389eaa37e356ca18a126d27eb,
S63_F04_c005,63,kitchen,S63_F04,F04,A05,test,P01,kitchen/S63_F04/S63_F04_c005.mp4,realsense_480p,640,480,15.0,124,8.267,c4317381a81929a44dc6371445d488fcee649d037274cd5d4e7cffdcb8c62a56,
S63_F04_c006,63,kitchen,S63_F04,F04,A05,test,P01,kitchen/S63_F04/S63_F04_c006.mp4,realsense_480p,640,480,15.0,124,8.267,c741e12f9953c936d0e4d0c4ad22c4f4040cf94d0e5f35c15e9505928f5ba795,
S63_F04_c007,63,kitchen,S63_F04,F04,A05,test,P01,kitchen/S63_F04/S63_F04_c007.mp4,realsense_480p,640,480,15.0,118,7.867,ce38aa0c759e5d1dafb9fca7c58798add779e13f8d81bff84a04e26ac0935aa9,
S63_F04_c011,63,kitchen,S63_F04,F04,A05,test,P01,kitchen/S63_F04/S63_F04_c011.mp4,realsense_480p,640,480,15.0,118,7.867,69b70b3a8d9471ac7e3b7f8ed7d86d20c86022da6a2a6e5c01ad8ea183f6a18f,
S63_F04_c012,63,kitchen,S63_F04,F04,A05,test,P01,kitchen/S63_F04/S63_F04_c012.mp4,realsense_480p,640,480,15.0,196,13.067,8eaf98c11445eff286463e4b3b67438649914470598c22371d9ce39e3321eea0,
S63_F04_c013,63,kitchen,S63_F04,F04,A05,test,P01,kitchen/S63_F04/S63_F04_c013.mp4,realsense_480p,640,480,15.0,114,7.6,194d19916159879ae1e2026003f275fd38ce99f546f2b87d9fd56a0b38efb600,
S63_F04_c014,63,kitchen,S63_F04,F04,A05,test,P01,kitchen/S63_F04/S63_F04_c014.mp4,realsense_480p,640,480,15.0,111,7.4,2fbf73bdc694419d4afe7d10431083d8ecf4534ae39093c4fb2bc386b829887e,
S63_F04_c015,63,kitchen,S63_F04,F04,A05,test,P01,kitchen/S63_F04/S63_F04_c015.mp4,realsense_480p,640,480,15.0,121,8.067,b59a6b0ccee344815e2134c0ed015237ed87eeb93a03971910a75dc451f7f991,
S63_F04_c016,63,kitchen,S63_F04,F04,A05,test,P01,kitchen/S63_F04/S63_F04_c016.mp4,realsense_480p,640,480,15.0,112,7.467,8b70535f3470a00ffcf1f3ac80f279b67470ec8da4e32c60b67b228d94c941e3,
S63_F04_c017,63,kitchen,S63_F04,F04,A05,test,P01,kitchen/S63_F04/S63_F04_c017.mp4,realsense_480p,640,480,15.0,115,7.667,42b64a4242f31ded7a6de08c16cdbfca37bb4e15ee0776097fbab643776ab06e,
S63_F04_c018,63,kitchen,S63_F04,F04,A05,test,P01,kitchen/S63_F04/S63_F04_c018.mp4,realsense_480p,640,480,15.0,110,7.333,c59a96d12b04a39d44d932d20b70bcca184fe8dd8fdffde3c3293dc93b806b63,
S63_F04_c019,63,kitchen,S63_F04,F04,A05,test,P01,kitchen/S63_F04/S63_F04_c019.mp4,realsense_480p,640,480,15.0,118,7.867,91c402e4034d3bd9b4e3ee5f1d73ec0cf069d77ce66ebc1e2995b2bc31469f3d,
S63_F04_c023,63,kitchen,S63_F04,F04,A05,test,P04,kitchen/S63_F04/S63_F04_c023.mp4,phone_1080p,1280,720,23.958,85,3.548,c953bb904fbd469620fe2fafac9d768e0a126ea21efe394033cf9de14b530111,
S63_F04_c024,63,kitchen,S63_F04,F04,A05,test,P04,kitchen/S63_F04/S63_F04_c024.mp4,phone_1080p,1280,720,23.789,90,3.783,ef233632ca39b44c8d24c40e72e18ca86d13e5bc60d62d5c6402c3bd95f312f6,
S63_F04_c025,63,kitchen,S63_F04,F04,A05,test,P04,kitchen/S63_F04/S63_F04_c025.mp4,phone_1080p,1280,720,23.882,97,4.062,30b36b620efe02415d78cef30607245a95749c47d1ee558ed0797fd8e0406c2b,
S63_F04_c026,63,kitchen,S63_F04,F04,A05,test,P04,kitchen/S63_F04/S63_F04_c026.mp4,phone_1080p,1280,720,23.985,94,3.919,d4abf3c976faf50ba37ad80c0be845b7a3fd294a78eb7783f0bc583195a8095f,
S63_F04_c027,63,kitchen,S63_F04,F04,A05,test,P04,kitchen/S63_F04/S63_F04_c027.mp4,phone_1080p,1280,720,23.809,90,3.78,8dea9a6371cc58dbd9fbde27abfeae3c33ae3c1c9227421f54c4169d96e303e1,
S63_F04_c028,63,kitchen,S63_F04,F04,A05,test,P04,kitchen/S63_F04/S63_F04_c028.mp4,phone_1080p,1280,720,24.028,93,3.87,e18061e0d9ad65d4dd3ee80311a2eeea78a1e5bf72b8f05385313250e562c701,
S63_F04_c029,63,kitchen,S63_F04,F04,A05,test,P04,kitchen/S63_F04/S63_F04_c029.mp4,phone_1080p,1280,720,23.943,110,4.594,ec65b3cb7f88fc4b7d5f0ebcf7886252d65f976a7694758d7c8cf99c1870208a,
S63_F04_c030,63,kitchen,S63_F04,F04,A05,test,P04,kitchen/S63_F04/S63_F04_c030.mp4,phone_1080p,1280,720,23.871,130,5.446,f73086fe842849b35fd83a7a4572ed4976d45e1b99a2df4af4338ba2e332ac81,
S63_F04_c032,63,kitchen,S63_F04,F04,A05,test,P04,kitchen/S63_F04/S63_F04_c032.mp4,phone_1080p,1280,720,23.855,112,4.695,4e6aece7b17942b497f7d7938af6121f0ff463f0b29e150c61281c0461a99752,
S63_F04_c033,63,kitchen,S63_F04,F04,A05,test,P04,kitchen/S63_F04/S63_F04_c033.mp4,phone_1080p,1280,720,23.977,95,3.962,70e3b49f10a831411f5a49f3291693729666399c2539e625b8d0fc1bcc816d90,
S63_F04_c034,63,kitchen,S63_F04,F04,A05,test,P04,kitchen/S63_F04/S63_F04_c034.mp4,phone_1080p,1280,720,23.911,89,3.722,ab953c256108c921d6fdf42d828a87e7cf50b74e05c8a7d988860bf31aa0ac61,
S63_F04_c035,63,kitchen,S63_F04,F04,A05,test,P04,kitchen/S63_F04/S63_F04_c035.mp4,phone_1080p,1280,720,23.733,70,2.95,ac0e1c4efda7162d51c216148ab908d01922adb5f056c4738b60e1fc639f5496,
S63_F04_c036,63,kitchen,S63_F04,F04,A05,test,P02,kitchen/S63_F04/S63_F04_c036.mp4,phone_1080p,1280,720,30.0,168,5.6,2530fe96171c731edd2d3ec0db4963a90b66aa21d23963e2dcce99c43a12989e,
S63_F04_c037,63,kitchen,S63_F04,F04,A05,test,P02,kitchen/S63_F04/S63_F04_c037.mp4,phone_1080p,1280,720,30.0,169,5.633,6c03c70281dc4a2506a15cb858204934d4f9e0a98f40301d8fde681984d50ea5,
S63_F04_c038,63,kitchen,S63_F04,F04,A05,test,P02,kitchen/S63_F04/S63_F04_c038.mp4,phone_1080p,1280,720,30.0,173,5.767,6009ac6d1e42f42a0795abbd8998cf02b4e761ed2e479e03d29054d32ebfeeeb,
S63_F04_c039,63,kitchen,S63_F04,F04,A05,test,P02,kitchen/S63_F04/S63_F04_c039.mp4,phone_1080p,1280,720,30.0,170,5.667,6bffc07bce73d91024e59a9d782d70bce6004e2969d0b430273576cfc70e758c,
S63_F04_c040,63,kitchen,S63_F04,F04,A05,test,P02,kitchen/S63_F04/S63_F04_c040.mp4,phone_1080p,1280,720,30.0,183,6.1,d8b151dbb35e7e00f2df29d7e1b65045da710b1e5bf79756fa16824663ef07fc,
S63_F04_c041,63,kitchen,S63_F04,F04,A05,test,P02,kitchen/S63_F04/S63_F04_c041.mp4,phone_1080p,1280,720,30.0,169,5.633,3d0ef638abcb5e1588be69780710bb82ec765978afaf7b175edc1f1c30d7a542,
S63_F04_c042,63,kitchen,S63_F04,F04,A05,test,P02,kitchen/S63_F04/S63_F04_c042.mp4,phone_1080p,1280,720,30.0,165,5.5,f1bbea9331cdca4c9a22918ba410a1404028f8b9c89549a9c5255b107d952690,
S63_F04_c043,63,kitchen,S63_F04,F04,A05,test,P02,kitchen/S63_F04/S63_F04_c043.mp4,phone_1080p,1280,720,30.0,168,5.6,c9d74bcca5d193e3fc09774d70766c8bbfcecb1dbd5cc23931154727b085baa7,
S63_F04_c044,63,kitchen,S63_F04,F04,A05,test,P02,kitchen/S63_F04/S63_F04_c044.mp4,phone_1080p,1280,720,30.0,169,5.633,58267e7f185c4fac0c9af87645704c1fd7bd0f2f6c656c547264de28b6646395,
S63_F04_c045,63,kitchen,S63_F04,F04,A05,test,P02,kitchen/S63_F04/S63_F04_c045.mp4,phone_1080p,1280,720,30.0,164,5.467,016fcb76aaecbe7b50b293b04c118f750c56764f89bcccb16dae97c80d645fce,
S63_F04_c046,63,kitchen,S63_F04,F04,A05,test,P02,kitchen/S63_F04/S63_F04_c046.mp4,phone_1080p,1280,720,30.0,169,5.633,3d8efb89455470064ba9b262cd45216e7e89b7e5251e8241dcf78c72ce8e9994,
S63_F04_c047,63,kitchen,S63_F04,F04,A05,test,P02,kitchen/S63_F04/S63_F04_c047.mp4,phone_1080p,1280,720,30.0,170,5.667,d1f544267719f359af1ce2c2852c10ee6e07ef725496761af86a70b6b5262e40,
S63_F04_c048,63,kitchen,S63_F04,F04,A05,test,P02,kitchen/S63_F04/S63_F04_c048.mp4,phone_1080p,1280,720,30.0,171,5.7,9c7105c55a4634f3b64d9fe075b5367ccf550b42b1fa11105aefc36a069cf9d5,
S63_F04_c049,63,kitchen,S63_F04,F04,A05,test,P06,kitchen/S63_F04/S63_F04_c049.mp4,phone_1080p,576,1024,30.0,255,8.5,17411c40283309dacf69de3f5db5e044e7e7b1bcb31ab0067f28a7c3c9c74b18,
S63_F04_c050,63,kitchen,S63_F04,F04,A05,test,P06,kitchen/S63_F04/S63_F04_c050.mp4,phone_1080p,576,1024,30.0,202,6.733,92567a213e33b4e32a704ecbce440ebffb59525a983918a51cf5425dfb1a26fa,
S63_F04_c051,63,kitchen,S63_F04,F04,A05,test,P06,kitchen/S63_F04/S63_F04_c051.mp4,phone_1080p,576,1024,30.0,194,6.467,10128c330a210384b14133437b7774bf1c163a3744acfdd484e6fbdcd9e90c34,
S63_F04_c052,63,kitchen,S63_F04,F04,A05,test,P06,kitchen/S63_F04/S63_F04_c052.mp4,phone_1080p,576,1024,30.0,187,6.233,249ef536673c06e5346ece89ec5e250ae5efb0bafa62725350257de4e01dd085,
S63_F04_c053,63,kitchen,S63_F04,F04,A05,test,P06,kitchen/S63_F04/S63_F04_c053.mp4,phone_1080p,576,1024,30.0,200,6.667,b1fcb8923d7a2dda148e5b45f89bc8a95622079afd9fd7518f586932ddbe475a,
